Python 3.11.13 loaded
Commands: python, python3, pip, pip3
Pip cache: /tmp/pip_cache_abertrand-24
11:04:14 INFO __main__ :: Loaded experiment config: experiments/h1_graph_vs_nograph.yaml
11:04:14 INFO __main__ :: Loading real dataset …
11:04:24 INFO __main__ :: Loading Amazon co-purchase dataset …
11:04:25 INFO __main__ :: Dataset: N=74073  E=421761  C=45  train=44438 val=14816 test=14819
11:04:25 INFO __main__ :: Computing TFIDF embeddings …
11:04:26 INFO __main__ :: Fitting TF-IDF (max_features=10000) on 44438 training texts …
11:04:28 INFO __main__ :: Transforming all 74073 nodes …
11:04:32 INFO __main__ :: Embedding shape: (74073, 10000)  dtype=torch.float32
11:04:32 INFO __main__ :: Embeddings assigned: shape=(74073, 10000)
11:04:33 INFO __main__ :: ============================================================
11:04:33 INFO __main__ :: Model: GCN | hparam trials: 20 | seed runs: 5
11:04:33 INFO __main__ :: ============================================================
11:04:33 INFO __main__ :: Step 1: Hyperparameter search …
11:04:33 INFO src.train :: Hyperparameter search: model=GCN encoder=tfidf n_trials=20
11:04:33 INFO src.train :: Trial 1/20 [random] | params={'lr': 0.05, 'weight_decay': 0.0001, 'hidden_channels': 128, 'dropout': 0.0}
11:04:33 INFO src.train :: train_model: encoder=tfidf model=GCN seed=0 device=auto
11:04:36 INFO src.train :: epoch 1 | val_acc=0.0007 (best) | loss=3.8014
11:04:36 INFO src.train :: epoch 2 | val_acc=0.4526 (best) | loss=3.7821
11:04:37 INFO src.train :: epoch 3 | val_acc=0.4911 (best) | loss=2.6280
11:04:37 INFO src.train :: epoch 4 | val_acc=0.4960 (best) | loss=1.7732
11:04:37 INFO src.train :: epoch 5 | val_acc=0.5416 (best) | loss=1.2122
11:04:37 INFO src.train :: epoch 6 | val_acc=0.5778 (best) | loss=0.9488
11:04:37 INFO src.train :: epoch 7 | val_acc=0.5982 (best) | loss=0.8361
11:04:37 INFO src.train :: epoch 8 | val_acc=0.6115 (best) | loss=0.7547
11:04:37 INFO src.train :: epoch 9 | val_acc=0.6199 (best) | loss=0.6727
/home/infres/abertrand-24/miniconda3/envs/env_gnn/lib/python3.11/site-packages/torch/optim/lr_scheduler.py:232: UserWarning: The epoch parameter in `scheduler.step()` was not necessary and is being deprecated where possible. Please use `scheduler.step()` to step the scheduler. During the deprecation, if epoch is different from None, the closed form is used instead of the new chainable form, where available. Please open an issue if you are unable to replicate your use case: https://github.com/pytorch/pytorch/issues/new/choose.
  warnings.warn(EPOCH_DEPRECATION_WARNING, UserWarning)
11:04:37 INFO src.train :: epoch 10 | val_acc=0.6303 (best) | loss=0.6035
11:04:38 INFO src.train :: epoch 11 | val_acc=0.6493 (best) | loss=0.5562
11:04:38 INFO src.train :: epoch 12 | val_acc=0.6817 (best) | loss=0.5255
11:04:38 INFO src.train :: epoch 13 | val_acc=0.7140 (best) | loss=0.5020
11:04:38 INFO src.train :: epoch 14 | val_acc=0.7422 (best) | loss=0.4805
11:04:38 INFO src.train :: epoch 15 | val_acc=0.7631 (best) | loss=0.4598
11:04:38 INFO src.train :: epoch 16 | val_acc=0.7746 (best) | loss=0.4382
11:04:38 INFO src.train :: epoch 17 | val_acc=0.7868 (best) | loss=0.4221
11:04:38 INFO src.train :: epoch 18 | val_acc=0.7970 (best) | loss=0.4086
11:04:39 INFO src.train :: epoch 19 | val_acc=0.8022 (best) | loss=0.3919
11:04:39 INFO src.train :: epoch 20 | val_acc=0.8064 (best) | loss=0.3799
11:04:39 INFO src.train :: epoch 21 | val_acc=0.8111 (best) | loss=0.3703
11:04:39 INFO src.train :: epoch 22 | val_acc=0.8145 (best) | loss=0.3578
11:04:39 INFO src.train :: epoch 23 | val_acc=0.8164 (best) | loss=0.3461
11:04:39 INFO src.train :: epoch 24 | val_acc=0.8182 (best) | loss=0.3364
11:04:39 INFO src.train :: epoch 25 | val_acc=0.8202 (best) | loss=0.3274
11:04:39 INFO src.train :: epoch 26 | val_acc=0.8222 (best) | loss=0.3194
11:04:40 INFO src.train :: epoch 27 | val_acc=0.8231 (best) | loss=0.3104
11:04:40 INFO src.train :: epoch 28 | val_acc=0.8240 (best) | loss=0.3029
11:04:40 INFO src.train :: epoch 30 | val_acc=0.8249 (best) | loss=0.2862
11:04:42 INFO src.train :: Early stop at epoch 50 (no improvement for 20 epochs)
11:04:42 INFO src.train ::   → new best val_acc=0.8249 with params={'lr': 0.05, 'weight_decay': 0.0001, 'hidden_channels': 128, 'dropout': 0.0}
11:04:42 INFO src.train :: Trial 2/20 [random] | params={'lr': 0.005, 'weight_decay': 0.0, 'hidden_channels': 64, 'dropout': 0.0}
11:04:42 INFO src.train :: train_model: encoder=tfidf model=GCN seed=1 device=auto
11:04:43 INFO src.train :: epoch 1 | val_acc=0.0414 (best) | loss=3.7667
11:04:43 INFO src.train :: epoch 2 | val_acc=0.3666 (best) | loss=3.7654
11:04:43 INFO src.train :: epoch 3 | val_acc=0.3702 (best) | loss=3.6370
11:04:43 INFO src.train :: epoch 4 | val_acc=0.3703 (best) | loss=3.4130
11:04:44 INFO src.train :: epoch 9 | val_acc=0.3703 (best) | loss=2.3235
/home/infres/abertrand-24/miniconda3/envs/env_gnn/lib/python3.11/site-packages/torch/optim/lr_scheduler.py:232: UserWarning: The epoch parameter in `scheduler.step()` was not necessary and is being deprecated where possible. Please use `scheduler.step()` to step the scheduler. During the deprecation, if epoch is different from None, the closed form is used instead of the new chainable form, where available. Please open an issue if you are unable to replicate your use case: https://github.com/pytorch/pytorch/issues/new/choose.
  warnings.warn(EPOCH_DEPRECATION_WARNING, UserWarning)
11:04:44 INFO src.train :: epoch 10 | val_acc=0.3704 (best) | loss=2.1391
11:04:44 INFO src.train :: epoch 11 | val_acc=0.3710 (best) | loss=1.9612
11:04:44 INFO src.train :: epoch 12 | val_acc=0.3716 (best) | loss=1.7899
11:04:44 INFO src.train :: epoch 13 | val_acc=0.3726 (best) | loss=1.6386
11:04:44 INFO src.train :: epoch 14 | val_acc=0.3745 (best) | loss=1.5026
11:04:44 INFO src.train :: epoch 15 | val_acc=0.3768 (best) | loss=1.3794
11:04:44 INFO src.train :: epoch 16 | val_acc=0.3799 (best) | loss=1.2680
11:04:44 INFO src.train :: epoch 17 | val_acc=0.3840 (best) | loss=1.1682
11:04:44 INFO src.train :: epoch 18 | val_acc=0.3891 (best) | loss=1.0797
11:04:44 INFO src.train :: epoch 19 | val_acc=0.3945 (best) | loss=1.0022
11:04:44 INFO src.train :: epoch 20 | val_acc=0.4012 (best) | loss=0.9347
11:04:44 INFO src.train :: epoch 21 | val_acc=0.4074 (best) | loss=0.8763
11:04:45 INFO src.train :: epoch 22 | val_acc=0.4134 (best) | loss=0.8256
11:04:45 INFO src.train :: epoch 23 | val_acc=0.4196 (best) | loss=0.7813
11:04:45 INFO src.train :: epoch 24 | val_acc=0.4281 (best) | loss=0.7422
11:04:45 INFO src.train :: epoch 25 | val_acc=0.4374 (best) | loss=0.7072
11:04:45 INFO src.train :: epoch 26 | val_acc=0.4490 (best) | loss=0.6757
11:04:45 INFO src.train :: epoch 27 | val_acc=0.4604 (best) | loss=0.6469
11:04:45 INFO src.train :: epoch 28 | val_acc=0.4773 (best) | loss=0.6207
11:04:45 INFO src.train :: epoch 29 | val_acc=0.4934 (best) | loss=0.5966
11:04:45 INFO src.train :: epoch 30 | val_acc=0.5102 (best) | loss=0.5745
11:04:45 INFO src.train :: epoch 31 | val_acc=0.5284 (best) | loss=0.5543
11:04:45 INFO src.train :: epoch 32 | val_acc=0.5480 (best) | loss=0.5358
11:04:45 INFO src.train :: epoch 33 | val_acc=0.5689 (best) | loss=0.5187
11:04:45 INFO src.train :: epoch 34 | val_acc=0.5916 (best) | loss=0.5029
11:04:46 INFO src.train :: epoch 35 | val_acc=0.6156 (best) | loss=0.4883
11:04:46 INFO src.train :: epoch 36 | val_acc=0.6353 (best) | loss=0.4745
11:04:46 INFO src.train :: epoch 37 | val_acc=0.6575 (best) | loss=0.4615
11:04:46 INFO src.train :: epoch 38 | val_acc=0.6768 (best) | loss=0.4491
11:04:46 INFO src.train :: epoch 39 | val_acc=0.6951 (best) | loss=0.4373
11:04:46 INFO src.train :: epoch 40 | val_acc=0.7100 (best) | loss=0.4261
11:04:46 INFO src.train :: epoch 41 | val_acc=0.7252 (best) | loss=0.4154
11:04:46 INFO src.train :: epoch 42 | val_acc=0.7393 (best) | loss=0.4052
11:04:46 INFO src.train :: epoch 43 | val_acc=0.7487 (best) | loss=0.3955
11:04:46 INFO src.train :: epoch 44 | val_acc=0.7585 (best) | loss=0.3863
11:04:46 INFO src.train :: epoch 45 | val_acc=0.7648 (best) | loss=0.3775
11:04:46 INFO src.train :: epoch 46 | val_acc=0.7732 (best) | loss=0.3691
11:04:47 INFO src.train :: epoch 47 | val_acc=0.7786 (best) | loss=0.3611
11:04:47 INFO src.train :: epoch 48 | val_acc=0.7828 (best) | loss=0.3535
11:04:47 INFO src.train :: epoch 49 | val_acc=0.7871 (best) | loss=0.3462
11:04:47 INFO src.train :: epoch 50 | val_acc=0.7906 (best) | loss=0.3393
11:04:47 INFO src.train :: epoch 51 | val_acc=0.7941 (best) | loss=0.3326
11:04:47 INFO src.train :: epoch 52 | val_acc=0.7984 (best) | loss=0.3262
11:04:47 INFO src.train :: epoch 53 | val_acc=0.8008 (best) | loss=0.3200
11:04:47 INFO src.train :: epoch 54 | val_acc=0.8033 (best) | loss=0.3141
11:04:47 INFO src.train :: epoch 55 | val_acc=0.8052 (best) | loss=0.3084
11:04:47 INFO src.train :: epoch 56 | val_acc=0.8076 (best) | loss=0.3029
11:04:47 INFO src.train :: epoch 57 | val_acc=0.8091 (best) | loss=0.2976
11:04:47 INFO src.train :: epoch 58 | val_acc=0.8115 (best) | loss=0.2925
11:04:47 INFO src.train :: epoch 59 | val_acc=0.8125 (best) | loss=0.2877
11:04:48 INFO src.train :: epoch 60 | val_acc=0.8128 (best) | loss=0.2829
11:04:48 INFO src.train :: epoch 61 | val_acc=0.8135 (best) | loss=0.2784
11:04:48 INFO src.train :: epoch 62 | val_acc=0.8145 (best) | loss=0.2740
11:04:48 INFO src.train :: epoch 63 | val_acc=0.8147 (best) | loss=0.2697
11:04:48 INFO src.train :: epoch 64 | val_acc=0.8155 (best) | loss=0.2656
11:04:48 INFO src.train :: epoch 65 | val_acc=0.8156 (best) | loss=0.2616
11:04:48 INFO src.train :: epoch 66 | val_acc=0.8164 (best) | loss=0.2578
11:04:48 INFO src.train :: epoch 67 | val_acc=0.8169 (best) | loss=0.2541
11:04:48 INFO src.train :: epoch 68 | val_acc=0.8172 (best) | loss=0.2505
11:04:48 INFO src.train :: epoch 69 | val_acc=0.8176 (best) | loss=0.2470
11:04:48 INFO src.train :: epoch 70 | val_acc=0.8177 (best) | loss=0.2437
11:04:49 INFO src.train :: epoch 73 | val_acc=0.8180 (best) | loss=0.2343
11:04:50 INFO src.train :: Early stop at epoch 93 (no improvement for 20 epochs)
11:04:50 INFO src.train :: Trial 3/20 [random] | params={'lr': 0.005, 'weight_decay': 0.001, 'hidden_channels': 128, 'dropout': 0.5}
11:04:50 INFO src.train :: train_model: encoder=tfidf model=GCN seed=2 device=auto
11:04:51 INFO src.train :: epoch 1 | val_acc=0.0009 (best) | loss=3.8455
11:04:51 INFO src.train :: epoch 2 | val_acc=0.0398 (best) | loss=3.8497
11:04:51 INFO src.train :: epoch 3 | val_acc=0.0482 (best) | loss=3.7345
11:04:51 INFO src.train :: epoch 4 | val_acc=0.0655 (best) | loss=3.5168
11:04:51 INFO src.train :: epoch 5 | val_acc=0.3876 (best) | loss=3.2307
/home/infres/abertrand-24/miniconda3/envs/env_gnn/lib/python3.11/site-packages/torch/optim/lr_scheduler.py:232: UserWarning: The epoch parameter in `scheduler.step()` was not necessary and is being deprecated where possible. Please use `scheduler.step()` to step the scheduler. During the deprecation, if epoch is different from None, the closed form is used instead of the new chainable form, where available. Please open an issue if you are unable to replicate your use case: https://github.com/pytorch/pytorch/issues/new/choose.
  warnings.warn(EPOCH_DEPRECATION_WARNING, UserWarning)
11:04:53 INFO src.train :: epoch 19 | val_acc=0.3882 (best) | loss=0.9141
11:04:53 INFO src.train :: epoch 20 | val_acc=0.3892 (best) | loss=0.8782
11:04:53 INFO src.train :: epoch 21 | val_acc=0.3901 (best) | loss=0.8354
11:04:53 INFO src.train :: epoch 22 | val_acc=0.3912 (best) | loss=0.8015
11:04:53 INFO src.train :: epoch 23 | val_acc=0.3939 (best) | loss=0.7692
11:04:53 INFO src.train :: epoch 24 | val_acc=0.3965 (best) | loss=0.7444
11:04:54 INFO src.train :: epoch 25 | val_acc=0.4009 (best) | loss=0.7154
11:04:54 INFO src.train :: epoch 26 | val_acc=0.4081 (best) | loss=0.6951
11:04:54 INFO src.train :: epoch 27 | val_acc=0.4148 (best) | loss=0.6766
11:04:54 INFO src.train :: epoch 28 | val_acc=0.4235 (best) | loss=0.6587
11:04:54 INFO src.train :: epoch 29 | val_acc=0.4368 (best) | loss=0.6390
11:04:54 INFO src.train :: epoch 30 | val_acc=0.4520 (best) | loss=0.6270
11:04:54 INFO src.train :: epoch 31 | val_acc=0.4693 (best) | loss=0.6117
11:04:54 INFO src.train :: epoch 32 | val_acc=0.4895 (best) | loss=0.6020
11:04:55 INFO src.train :: epoch 33 | val_acc=0.5094 (best) | loss=0.5832
11:04:55 INFO src.train :: epoch 34 | val_acc=0.5288 (best) | loss=0.5767
11:04:55 INFO src.train :: epoch 35 | val_acc=0.5485 (best) | loss=0.5610
11:04:55 INFO src.train :: epoch 36 | val_acc=0.5682 (best) | loss=0.5501
11:04:55 INFO src.train :: epoch 37 | val_acc=0.5859 (best) | loss=0.5408
11:04:55 INFO src.train :: epoch 38 | val_acc=0.6037 (best) | loss=0.5299
11:04:55 INFO src.train :: epoch 39 | val_acc=0.6192 (best) | loss=0.5189
11:04:55 INFO src.train :: epoch 40 | val_acc=0.6342 (best) | loss=0.5114
11:04:56 INFO src.train :: epoch 41 | val_acc=0.6461 (best) | loss=0.5017
11:04:56 INFO src.train :: epoch 42 | val_acc=0.6560 (best) | loss=0.4953
11:04:56 INFO src.train :: epoch 43 | val_acc=0.6659 (best) | loss=0.4916
11:04:56 INFO src.train :: epoch 44 | val_acc=0.6733 (best) | loss=0.4802
11:04:56 INFO src.train :: epoch 45 | val_acc=0.6807 (best) | loss=0.4741
11:04:56 INFO src.train :: epoch 46 | val_acc=0.6866 (best) | loss=0.4643
11:04:56 INFO src.train :: epoch 47 | val_acc=0.6918 (best) | loss=0.4614
11:04:57 INFO src.train :: epoch 48 | val_acc=0.6987 (best) | loss=0.4537
11:04:57 INFO src.train :: epoch 49 | val_acc=0.7048 (best) | loss=0.4480
11:04:57 INFO src.train :: epoch 50 | val_acc=0.7102 (best) | loss=0.4399
11:04:57 INFO src.train :: epoch 51 | val_acc=0.7159 (best) | loss=0.4343
11:04:57 INFO src.train :: epoch 52 | val_acc=0.7215 (best) | loss=0.4275
11:04:57 INFO src.train :: epoch 53 | val_acc=0.7271 (best) | loss=0.4251
11:04:57 INFO src.train :: epoch 54 | val_acc=0.7332 (best) | loss=0.4188
11:04:57 INFO src.train :: epoch 55 | val_acc=0.7383 (best) | loss=0.4146
11:04:58 INFO src.train :: epoch 56 | val_acc=0.7415 (best) | loss=0.4076
11:04:58 INFO src.train :: epoch 57 | val_acc=0.7447 (best) | loss=0.4046
11:04:58 INFO src.train :: epoch 58 | val_acc=0.7472 (best) | loss=0.3981
11:04:58 INFO src.train :: epoch 59 | val_acc=0.7495 (best) | loss=0.3961
11:04:58 INFO src.train :: epoch 60 | val_acc=0.7529 (best) | loss=0.3859
11:04:58 INFO src.train :: epoch 61 | val_acc=0.7565 (best) | loss=0.3840
11:04:58 INFO src.train :: epoch 62 | val_acc=0.7599 (best) | loss=0.3796
11:04:58 INFO src.train :: epoch 63 | val_acc=0.7637 (best) | loss=0.3762
11:04:59 INFO src.train :: epoch 64 | val_acc=0.7675 (best) | loss=0.3699
11:04:59 INFO src.train :: epoch 65 | val_acc=0.7704 (best) | loss=0.3692
11:04:59 INFO src.train :: epoch 66 | val_acc=0.7725 (best) | loss=0.3629
11:04:59 INFO src.train :: epoch 67 | val_acc=0.7765 (best) | loss=0.3616
11:04:59 INFO src.train :: epoch 68 | val_acc=0.7786 (best) | loss=0.3569
11:04:59 INFO src.train :: epoch 69 | val_acc=0.7812 (best) | loss=0.3525
11:04:59 INFO src.train :: epoch 70 | val_acc=0.7828 (best) | loss=0.3496
11:04:59 INFO src.train :: epoch 71 | val_acc=0.7838 (best) | loss=0.3463
11:05:00 INFO src.train :: epoch 72 | val_acc=0.7863 (best) | loss=0.3423
11:05:00 INFO src.train :: epoch 73 | val_acc=0.7904 (best) | loss=0.3395
11:05:00 INFO src.train :: epoch 74 | val_acc=0.7926 (best) | loss=0.3332
11:05:00 INFO src.train :: epoch 75 | val_acc=0.7937 (best) | loss=0.3321
11:05:00 INFO src.train :: epoch 76 | val_acc=0.7966 (best) | loss=0.3315
11:05:00 INFO src.train :: epoch 77 | val_acc=0.7987 (best) | loss=0.3292
11:05:00 INFO src.train :: epoch 78 | val_acc=0.8031 (best) | loss=0.3219
11:05:01 INFO src.train :: epoch 79 | val_acc=0.8053 (best) | loss=0.3215
11:05:01 INFO src.train :: epoch 82 | val_acc=0.8078 (best) | loss=0.3171
11:05:01 INFO src.train :: epoch 83 | val_acc=0.8129 (best) | loss=0.3167
11:05:01 INFO src.train :: epoch 84 | val_acc=0.8147 (best) | loss=0.3120
11:05:02 INFO src.train :: epoch 87 | val_acc=0.8165 (best) | loss=0.3029
11:05:02 INFO src.train :: epoch 88 | val_acc=0.8176 (best) | loss=0.2999
11:05:02 INFO src.train :: epoch 89 | val_acc=0.8196 (best) | loss=0.3030
11:05:02 INFO src.train :: epoch 90 | val_acc=0.8222 (best) | loss=0.3018
11:05:02 INFO src.train :: epoch 91 | val_acc=0.8228 (best) | loss=0.2994
11:05:03 INFO src.train :: epoch 95 | val_acc=0.8236 (best) | loss=0.2934
11:05:03 INFO src.train :: epoch 98 | val_acc=0.8248 (best) | loss=0.2861
11:05:03 INFO src.train :: epoch 100 | val_acc=0.8249 (best) | loss=0.2832
11:05:03 INFO src.train :: epoch 101 | val_acc=0.8253 (best) | loss=0.2843
11:05:04 INFO src.train :: epoch 104 | val_acc=0.8253 (best) | loss=0.2772
11:05:04 INFO src.train :: epoch 105 | val_acc=0.8259 (best) | loss=0.2773
11:05:04 INFO src.train :: epoch 106 | val_acc=0.8267 (best) | loss=0.2776
11:05:04 INFO src.train :: epoch 107 | val_acc=0.8274 (best) | loss=0.2764
11:05:04 INFO src.train :: epoch 108 | val_acc=0.8279 (best) | loss=0.2732
11:05:04 INFO src.train :: epoch 109 | val_acc=0.8282 (best) | loss=0.2742
11:05:05 INFO src.train :: epoch 112 | val_acc=0.8284 (best) | loss=0.2665
11:05:07 INFO src.train :: epoch 129 | val_acc=0.8293 (best) | loss=0.2480
11:05:07 INFO src.train :: epoch 130 | val_acc=0.8294 (best) | loss=0.2456
11:05:07 INFO src.train :: epoch 131 | val_acc=0.8296 (best) | loss=0.2450
11:05:07 INFO src.train :: epoch 134 | val_acc=0.8298 (best) | loss=0.2402
11:05:08 INFO src.train :: epoch 137 | val_acc=0.8302 (best) | loss=0.2390
11:05:10 INFO src.train :: Early stop at epoch 157 (no improvement for 20 epochs)
11:05:10 INFO src.train ::   → new best val_acc=0.8302 with params={'lr': 0.005, 'weight_decay': 0.001, 'hidden_channels': 128, 'dropout': 0.5}
11:05:10 INFO src.train :: Trial 4/20 [random] | params={'lr': 0.01, 'weight_decay': 0.0001, 'hidden_channels': 256, 'dropout': 0.5}
11:05:10 INFO src.train :: train_model: encoder=tfidf model=GCN seed=3 device=auto
11:05:11 INFO src.train :: epoch 1 | val_acc=0.0852 (best) | loss=3.8161
11:05:11 INFO src.train :: epoch 2 | val_acc=0.0870 (best) | loss=3.8137
11:05:11 INFO src.train :: epoch 3 | val_acc=0.0930 (best) | loss=3.4602
11:05:11 INFO src.train :: epoch 4 | val_acc=0.1282 (best) | loss=2.8843
11:05:12 INFO src.train :: epoch 5 | val_acc=0.4769 (best) | loss=2.2942
/home/infres/abertrand-24/miniconda3/envs/env_gnn/lib/python3.11/site-packages/torch/optim/lr_scheduler.py:232: UserWarning: The epoch parameter in `scheduler.step()` was not necessary and is being deprecated where possible. Please use `scheduler.step()` to step the scheduler. During the deprecation, if epoch is different from None, the closed form is used instead of the new chainable form, where available. Please open an issue if you are unable to replicate your use case: https://github.com/pytorch/pytorch/issues/new/choose.
  warnings.warn(EPOCH_DEPRECATION_WARNING, UserWarning)
11:05:14 INFO src.train :: epoch 17 | val_acc=0.4833 (best) | loss=0.6068
11:05:14 INFO src.train :: epoch 18 | val_acc=0.5103 (best) | loss=0.5795
11:05:15 INFO src.train :: epoch 19 | val_acc=0.5400 (best) | loss=0.5669
11:05:15 INFO src.train :: epoch 20 | val_acc=0.5668 (best) | loss=0.5516
11:05:15 INFO src.train :: epoch 21 | val_acc=0.5930 (best) | loss=0.5364
11:05:15 INFO src.train :: epoch 22 | val_acc=0.6216 (best) | loss=0.5214
11:05:16 INFO src.train :: epoch 23 | val_acc=0.6434 (best) | loss=0.5111
11:05:16 INFO src.train :: epoch 24 | val_acc=0.6639 (best) | loss=0.4973
11:05:16 INFO src.train :: epoch 25 | val_acc=0.6818 (best) | loss=0.4816
11:05:16 INFO src.train :: epoch 26 | val_acc=0.6965 (best) | loss=0.4714
11:05:16 INFO src.train :: epoch 27 | val_acc=0.7119 (best) | loss=0.4574
11:05:17 INFO src.train :: epoch 28 | val_acc=0.7236 (best) | loss=0.4524
11:05:17 INFO src.train :: epoch 29 | val_acc=0.7360 (best) | loss=0.4397
11:05:17 INFO src.train :: epoch 30 | val_acc=0.7453 (best) | loss=0.4293
11:05:17 INFO src.train :: epoch 31 | val_acc=0.7548 (best) | loss=0.4218
11:05:18 INFO src.train :: epoch 32 | val_acc=0.7643 (best) | loss=0.4130
11:05:18 INFO src.train :: epoch 33 | val_acc=0.7725 (best) | loss=0.4043
11:05:18 INFO src.train :: epoch 34 | val_acc=0.7809 (best) | loss=0.4001
11:05:18 INFO src.train :: epoch 35 | val_acc=0.7866 (best) | loss=0.3924
11:05:19 INFO src.train :: epoch 36 | val_acc=0.7912 (best) | loss=0.3807
11:05:19 INFO src.train :: epoch 37 | val_acc=0.7965 (best) | loss=0.3750
11:05:19 INFO src.train :: epoch 38 | val_acc=0.8015 (best) | loss=0.3708
11:05:19 INFO src.train :: epoch 39 | val_acc=0.8070 (best) | loss=0.3649
11:05:19 INFO src.train :: epoch 40 | val_acc=0.8101 (best) | loss=0.3584
11:05:20 INFO src.train :: epoch 41 | val_acc=0.8134 (best) | loss=0.3509
11:05:20 INFO src.train :: epoch 42 | val_acc=0.8158 (best) | loss=0.3450
11:05:20 INFO src.train :: epoch 43 | val_acc=0.8180 (best) | loss=0.3422
11:05:20 INFO src.train :: epoch 44 | val_acc=0.8195 (best) | loss=0.3329
11:05:21 INFO src.train :: epoch 45 | val_acc=0.8219 (best) | loss=0.3291
11:05:21 INFO src.train :: epoch 46 | val_acc=0.8231 (best) | loss=0.3276
11:05:21 INFO src.train :: epoch 47 | val_acc=0.8241 (best) | loss=0.3227
11:05:21 INFO src.train :: epoch 48 | val_acc=0.8263 (best) | loss=0.3187
11:05:22 INFO src.train :: epoch 49 | val_acc=0.8267 (best) | loss=0.3149
11:05:22 INFO src.train :: epoch 50 | val_acc=0.8271 (best) | loss=0.3080
11:05:22 INFO src.train :: epoch 51 | val_acc=0.8281 (best) | loss=0.3035
11:05:22 INFO src.train :: epoch 52 | val_acc=0.8291 (best) | loss=0.2990
11:05:23 INFO src.train :: epoch 53 | val_acc=0.8301 (best) | loss=0.2957
11:05:23 INFO src.train :: epoch 55 | val_acc=0.8310 (best) | loss=0.2909
11:05:23 INFO src.train :: epoch 56 | val_acc=0.8313 (best) | loss=0.2847
11:05:23 INFO src.train :: epoch 57 | val_acc=0.8313 (best) | loss=0.2796
11:05:24 INFO src.train :: epoch 58 | val_acc=0.8322 (best) | loss=0.2777
11:05:24 INFO src.train :: epoch 59 | val_acc=0.8327 (best) | loss=0.2733
11:05:24 INFO src.train :: epoch 60 | val_acc=0.8335 (best) | loss=0.2721
11:05:24 INFO src.train :: epoch 61 | val_acc=0.8336 (best) | loss=0.2671
11:05:25 INFO src.train :: epoch 62 | val_acc=0.8337 (best) | loss=0.2622
11:05:25 INFO src.train :: epoch 63 | val_acc=0.8339 (best) | loss=0.2606
11:05:25 INFO src.train :: epoch 65 | val_acc=0.8343 (best) | loss=0.2515
11:05:29 INFO src.train :: Early stop at epoch 85 (no improvement for 20 epochs)
11:05:29 INFO src.train ::   → new best val_acc=0.8343 with params={'lr': 0.01, 'weight_decay': 0.0001, 'hidden_channels': 256, 'dropout': 0.5}
11:05:29 INFO src.train :: Trial 5/20 [random] | params={'lr': 0.01, 'weight_decay': 0.0001, 'hidden_channels': 128, 'dropout': 0.5}
11:05:30 INFO src.train :: train_model: encoder=tfidf model=GCN seed=4 device=auto
11:05:30 INFO src.train :: epoch 1 | val_acc=0.0009 (best) | loss=3.9369
11:05:30 INFO src.train :: epoch 4 | val_acc=0.4178 (best) | loss=3.3179
11:05:31 INFO src.train :: epoch 5 | val_acc=0.4324 (best) | loss=2.9038
/home/infres/abertrand-24/miniconda3/envs/env_gnn/lib/python3.11/site-packages/torch/optim/lr_scheduler.py:232: UserWarning: The epoch parameter in `scheduler.step()` was not necessary and is being deprecated where possible. Please use `scheduler.step()` to step the scheduler. During the deprecation, if epoch is different from None, the closed form is used instead of the new chainable form, where available. Please open an issue if you are unable to replicate your use case: https://github.com/pytorch/pytorch/issues/new/choose.
  warnings.warn(EPOCH_DEPRECATION_WARNING, UserWarning)
11:05:32 INFO src.train :: epoch 15 | val_acc=0.4352 (best) | loss=0.9019
11:05:32 INFO src.train :: epoch 16 | val_acc=0.4426 (best) | loss=0.8557
11:05:32 INFO src.train :: epoch 17 | val_acc=0.4510 (best) | loss=0.8133
11:05:32 INFO src.train :: epoch 18 | val_acc=0.4607 (best) | loss=0.7787
11:05:32 INFO src.train :: epoch 19 | val_acc=0.4758 (best) | loss=0.7462
11:05:32 INFO src.train :: epoch 20 | val_acc=0.4942 (best) | loss=0.7132
11:05:33 INFO src.train :: epoch 21 | val_acc=0.5153 (best) | loss=0.6894
11:05:33 INFO src.train :: epoch 22 | val_acc=0.5359 (best) | loss=0.6643
11:05:33 INFO src.train :: epoch 23 | val_acc=0.5579 (best) | loss=0.6479
11:05:33 INFO src.train :: epoch 24 | val_acc=0.5810 (best) | loss=0.6284
11:05:33 INFO src.train :: epoch 25 | val_acc=0.6042 (best) | loss=0.6128
11:05:33 INFO src.train :: epoch 26 | val_acc=0.6297 (best) | loss=0.6003
11:05:33 INFO src.train :: epoch 27 | val_acc=0.6508 (best) | loss=0.5901
11:05:33 INFO src.train :: epoch 28 | val_acc=0.6716 (best) | loss=0.5761
11:05:34 INFO src.train :: epoch 29 | val_acc=0.6915 (best) | loss=0.5653
11:05:34 INFO src.train :: epoch 30 | val_acc=0.7095 (best) | loss=0.5526
11:05:34 INFO src.train :: epoch 31 | val_acc=0.7254 (best) | loss=0.5440
11:05:34 INFO src.train :: epoch 32 | val_acc=0.7412 (best) | loss=0.5301
11:05:34 INFO src.train :: epoch 33 | val_acc=0.7533 (best) | loss=0.5206
11:05:34 INFO src.train :: epoch 34 | val_acc=0.7634 (best) | loss=0.5084
11:05:34 INFO src.train :: epoch 35 | val_acc=0.7717 (best) | loss=0.4979
11:05:34 INFO src.train :: epoch 36 | val_acc=0.7790 (best) | loss=0.4904
11:05:35 INFO src.train :: epoch 37 | val_acc=0.7860 (best) | loss=0.4822
11:05:35 INFO src.train :: epoch 38 | val_acc=0.7915 (best) | loss=0.4775
11:05:35 INFO src.train :: epoch 39 | val_acc=0.7964 (best) | loss=0.4671
11:05:35 INFO src.train :: epoch 40 | val_acc=0.8006 (best) | loss=0.4613
11:05:35 INFO src.train :: epoch 41 | val_acc=0.8023 (best) | loss=0.4493
11:05:35 INFO src.train :: epoch 42 | val_acc=0.8056 (best) | loss=0.4465
11:05:35 INFO src.train :: epoch 43 | val_acc=0.8080 (best) | loss=0.4393
11:05:36 INFO src.train :: epoch 44 | val_acc=0.8122 (best) | loss=0.4328
11:05:36 INFO src.train :: epoch 45 | val_acc=0.8145 (best) | loss=0.4241
11:05:36 INFO src.train :: epoch 46 | val_acc=0.8165 (best) | loss=0.4187
11:05:36 INFO src.train :: epoch 47 | val_acc=0.8186 (best) | loss=0.4146
11:05:36 INFO src.train :: epoch 48 | val_acc=0.8207 (best) | loss=0.4086
11:05:36 INFO src.train :: epoch 49 | val_acc=0.8228 (best) | loss=0.4060
11:05:36 INFO src.train :: epoch 50 | val_acc=0.8240 (best) | loss=0.3983
11:05:36 INFO src.train :: epoch 51 | val_acc=0.8246 (best) | loss=0.3938
11:05:37 INFO src.train :: epoch 52 | val_acc=0.8256 (best) | loss=0.3872
11:05:37 INFO src.train :: epoch 53 | val_acc=0.8267 (best) | loss=0.3831
11:05:37 INFO src.train :: epoch 54 | val_acc=0.8284 (best) | loss=0.3787
11:05:37 INFO src.train :: epoch 55 | val_acc=0.8290 (best) | loss=0.3758
11:05:37 INFO src.train :: epoch 57 | val_acc=0.8296 (best) | loss=0.3665
11:05:37 INFO src.train :: epoch 59 | val_acc=0.8303 (best) | loss=0.3597
11:05:38 INFO src.train :: epoch 60 | val_acc=0.8305 (best) | loss=0.3556
11:05:38 INFO src.train :: epoch 61 | val_acc=0.8309 (best) | loss=0.3502
11:05:38 INFO src.train :: epoch 62 | val_acc=0.8313 (best) | loss=0.3459
11:05:39 INFO src.train :: epoch 70 | val_acc=0.8319 (best) | loss=0.3209
11:05:41 INFO src.train :: Early stop at epoch 90 (no improvement for 20 epochs)
11:05:41 INFO src.train :: Trial 6/20 [random] | params={'lr': 0.005, 'weight_decay': 0.001, 'hidden_channels': 256, 'dropout': 0.0}
11:05:41 INFO src.train :: train_model: encoder=tfidf model=GCN seed=5 device=auto
11:05:42 INFO src.train :: epoch 1 | val_acc=0.0001 (best) | loss=3.9396
11:05:42 INFO src.train :: epoch 2 | val_acc=0.0003 (best) | loss=3.9365
11:05:42 INFO src.train :: epoch 3 | val_acc=0.3691 (best) | loss=3.6272
11:05:43 INFO src.train :: epoch 4 | val_acc=0.3705 (best) | loss=3.0869
11:05:43 INFO src.train :: epoch 5 | val_acc=0.3712 (best) | loss=2.4827
11:05:43 INFO src.train :: epoch 6 | val_acc=0.3718 (best) | loss=1.9648
11:05:43 INFO src.train :: epoch 7 | val_acc=0.3720 (best) | loss=1.5663
11:05:44 INFO src.train :: epoch 9 | val_acc=0.3722 (best) | loss=1.0469
/home/infres/abertrand-24/miniconda3/envs/env_gnn/lib/python3.11/site-packages/torch/optim/lr_scheduler.py:232: UserWarning: The epoch parameter in `scheduler.step()` was not necessary and is being deprecated where possible. Please use `scheduler.step()` to step the scheduler. During the deprecation, if epoch is different from None, the closed form is used instead of the new chainable form, where available. Please open an issue if you are unable to replicate your use case: https://github.com/pytorch/pytorch/issues/new/choose.
  warnings.warn(EPOCH_DEPRECATION_WARNING, UserWarning)
11:05:44 INFO src.train :: epoch 11 | val_acc=0.3722 (best) | loss=0.7955
11:05:46 INFO src.train :: epoch 19 | val_acc=0.3727 (best) | loss=0.4756
11:05:46 INFO src.train :: epoch 20 | val_acc=0.3737 (best) | loss=0.4562
11:05:46 INFO src.train :: epoch 21 | val_acc=0.3753 (best) | loss=0.4387
11:05:47 INFO src.train :: epoch 22 | val_acc=0.3772 (best) | loss=0.4228
11:05:47 INFO src.train :: epoch 23 | val_acc=0.3827 (best) | loss=0.4081
11:05:47 INFO src.train :: epoch 24 | val_acc=0.3891 (best) | loss=0.3941
11:05:47 INFO src.train :: epoch 25 | val_acc=0.3973 (best) | loss=0.3809
11:05:47 INFO src.train :: epoch 26 | val_acc=0.4057 (best) | loss=0.3683
11:05:48 INFO src.train :: epoch 27 | val_acc=0.4182 (best) | loss=0.3563
11:05:48 INFO src.train :: epoch 28 | val_acc=0.4291 (best) | loss=0.3448
11:05:48 INFO src.train :: epoch 29 | val_acc=0.4413 (best) | loss=0.3338
11:05:48 INFO src.train :: epoch 30 | val_acc=0.4513 (best) | loss=0.3230
11:05:49 INFO src.train :: epoch 31 | val_acc=0.4614 (best) | loss=0.3126
11:05:49 INFO src.train :: epoch 32 | val_acc=0.4692 (best) | loss=0.3026
11:05:49 INFO src.train :: epoch 33 | val_acc=0.4777 (best) | loss=0.2930
11:05:49 INFO src.train :: epoch 34 | val_acc=0.4866 (best) | loss=0.2839
11:05:50 INFO src.train :: epoch 35 | val_acc=0.4929 (best) | loss=0.2750
11:05:50 INFO src.train :: epoch 36 | val_acc=0.5013 (best) | loss=0.2662
11:05:50 INFO src.train :: epoch 37 | val_acc=0.5117 (best) | loss=0.2577
11:05:50 INFO src.train :: epoch 38 | val_acc=0.5219 (best) | loss=0.2497
11:05:50 INFO src.train :: epoch 39 | val_acc=0.5312 (best) | loss=0.2418
11:05:51 INFO src.train :: epoch 40 | val_acc=0.5404 (best) | loss=0.2339
11:05:51 INFO src.train :: epoch 41 | val_acc=0.5514 (best) | loss=0.2263
11:05:51 INFO src.train :: epoch 42 | val_acc=0.5601 (best) | loss=0.2189
11:05:51 INFO src.train :: epoch 43 | val_acc=0.5682 (best) | loss=0.2115
11:05:52 INFO src.train :: epoch 44 | val_acc=0.5780 (best) | loss=0.2045
11:05:52 INFO src.train :: epoch 45 | val_acc=0.5869 (best) | loss=0.1977
11:05:52 INFO src.train :: epoch 46 | val_acc=0.5941 (best) | loss=0.1912
11:05:52 INFO src.train :: epoch 47 | val_acc=0.6043 (best) | loss=0.1852
11:05:52 INFO src.train :: epoch 48 | val_acc=0.6130 (best) | loss=0.1793
11:05:53 INFO src.train :: epoch 49 | val_acc=0.6197 (best) | loss=0.1739
11:05:53 INFO src.train :: epoch 50 | val_acc=0.6266 (best) | loss=0.1687
11:05:53 INFO src.train :: epoch 51 | val_acc=0.6344 (best) | loss=0.1637
11:05:53 INFO src.train :: epoch 52 | val_acc=0.6434 (best) | loss=0.1591
11:05:54 INFO src.train :: epoch 53 | val_acc=0.6523 (best) | loss=0.1547
11:05:54 INFO src.train :: epoch 54 | val_acc=0.6603 (best) | loss=0.1504
11:05:54 INFO src.train :: epoch 55 | val_acc=0.6668 (best) | loss=0.1479
11:05:54 INFO src.train :: epoch 56 | val_acc=0.6735 (best) | loss=0.1560
11:05:55 INFO src.train :: epoch 57 | val_acc=0.6891 (best) | loss=0.1840
11:05:55 INFO src.train :: epoch 58 | val_acc=0.6974 (best) | loss=0.1623
11:05:55 INFO src.train :: epoch 59 | val_acc=0.7061 (best) | loss=0.1744
11:05:55 INFO src.train :: epoch 60 | val_acc=0.7130 (best) | loss=0.1533
11:05:55 INFO src.train :: epoch 61 | val_acc=0.7279 (best) | loss=0.1513
11:05:56 INFO src.train :: epoch 62 | val_acc=0.7349 (best) | loss=0.1468
11:05:56 INFO src.train :: epoch 63 | val_acc=0.7378 (best) | loss=0.1426
11:05:56 INFO src.train :: epoch 64 | val_acc=0.7420 (best) | loss=0.1385
11:05:56 INFO src.train :: epoch 65 | val_acc=0.7494 (best) | loss=0.1347
11:05:57 INFO src.train :: epoch 66 | val_acc=0.7528 (best) | loss=0.1304
11:05:57 INFO src.train :: epoch 67 | val_acc=0.7549 (best) | loss=0.1271
11:05:57 INFO src.train :: epoch 68 | val_acc=0.7630 (best) | loss=0.1247
11:05:57 INFO src.train :: epoch 69 | val_acc=0.7696 (best) | loss=0.1209
11:05:58 INFO src.train :: epoch 70 | val_acc=0.7713 (best) | loss=0.1190
11:05:58 INFO src.train :: epoch 72 | val_acc=0.7812 (best) | loss=0.1141
11:05:58 INFO src.train :: epoch 73 | val_acc=0.7815 (best) | loss=0.1101
11:05:59 INFO src.train :: epoch 75 | val_acc=0.7881 (best) | loss=0.1067
11:05:59 INFO src.train :: epoch 78 | val_acc=0.7888 (best) | loss=0.1070
11:06:00 INFO src.train :: epoch 80 | val_acc=0.8060 (best) | loss=0.1898
11:06:00 INFO src.train :: epoch 83 | val_acc=0.8119 (best) | loss=0.1341
11:06:01 INFO src.train :: epoch 84 | val_acc=0.8170 (best) | loss=0.1318
11:06:01 INFO src.train :: epoch 85 | val_acc=0.8202 (best) | loss=0.1258
11:06:01 INFO src.train :: epoch 86 | val_acc=0.8219 (best) | loss=0.1229
11:06:02 INFO src.train :: epoch 88 | val_acc=0.8225 (best) | loss=0.1146
11:06:02 INFO src.train :: epoch 89 | val_acc=0.8230 (best) | loss=0.1129
11:06:02 INFO src.train :: epoch 90 | val_acc=0.8238 (best) | loss=0.1094
11:06:06 INFO src.train :: Early stop at epoch 110 (no improvement for 20 epochs)
11:06:06 INFO src.train :: Trial 7/20 [random] | params={'lr': 0.01, 'weight_decay': 0.001, 'hidden_channels': 128, 'dropout': 0.0}
11:06:06 INFO src.train :: train_model: encoder=tfidf model=GCN seed=6 device=auto
11:06:07 INFO src.train :: epoch 1 | val_acc=0.0001 (best) | loss=3.9347
11:06:07 INFO src.train :: epoch 3 | val_acc=0.0049 (best) | loss=3.5667
11:06:07 INFO src.train :: epoch 4 | val_acc=0.0530 (best) | loss=3.0119
11:06:07 INFO src.train :: epoch 5 | val_acc=0.0533 (best) | loss=2.5038
11:06:07 INFO src.train :: epoch 6 | val_acc=0.1523 (best) | loss=2.0923
11:06:08 INFO src.train :: epoch 7 | val_acc=0.4252 (best) | loss=1.7416
11:06:08 INFO src.train :: epoch 8 | val_acc=0.4433 (best) | loss=1.4423
/home/infres/abertrand-24/miniconda3/envs/env_gnn/lib/python3.11/site-packages/torch/optim/lr_scheduler.py:232: UserWarning: The epoch parameter in `scheduler.step()` was not necessary and is being deprecated where possible. Please use `scheduler.step()` to step the scheduler. During the deprecation, if epoch is different from None, the closed form is used instead of the new chainable form, where available. Please open an issue if you are unable to replicate your use case: https://github.com/pytorch/pytorch/issues/new/choose.
  warnings.warn(EPOCH_DEPRECATION_WARNING, UserWarning)
11:06:09 INFO src.train :: epoch 23 | val_acc=0.4447 (best) | loss=0.4405
11:06:10 INFO src.train :: epoch 24 | val_acc=0.4643 (best) | loss=0.4277
11:06:10 INFO src.train :: epoch 25 | val_acc=0.4844 (best) | loss=0.4146
11:06:10 INFO src.train :: epoch 26 | val_acc=0.5047 (best) | loss=0.4016
11:06:10 INFO src.train :: epoch 27 | val_acc=0.5219 (best) | loss=0.3893
11:06:10 INFO src.train :: epoch 28 | val_acc=0.5416 (best) | loss=0.3780
11:06:10 INFO src.train :: epoch 29 | val_acc=0.5557 (best) | loss=0.3675
11:06:10 INFO src.train :: epoch 30 | val_acc=0.5638 (best) | loss=0.3569
11:06:11 INFO src.train :: epoch 31 | val_acc=0.5719 (best) | loss=0.3462
11:06:11 INFO src.train :: epoch 32 | val_acc=0.5736 (best) | loss=0.3356
11:06:11 INFO src.train :: epoch 33 | val_acc=0.5762 (best) | loss=0.3254
11:06:11 INFO src.train :: epoch 34 | val_acc=0.5787 (best) | loss=0.3155
11:06:11 INFO src.train :: epoch 35 | val_acc=0.5820 (best) | loss=0.3054
11:06:11 INFO src.train :: epoch 36 | val_acc=0.5848 (best) | loss=0.2954
11:06:11 INFO src.train :: epoch 37 | val_acc=0.5896 (best) | loss=0.2860
11:06:11 INFO src.train :: epoch 38 | val_acc=0.5956 (best) | loss=0.2767
11:06:12 INFO src.train :: epoch 39 | val_acc=0.6008 (best) | loss=0.2673
11:06:12 INFO src.train :: epoch 40 | val_acc=0.6065 (best) | loss=0.2583
11:06:12 INFO src.train :: epoch 41 | val_acc=0.6118 (best) | loss=0.2493
11:06:12 INFO src.train :: epoch 42 | val_acc=0.6172 (best) | loss=0.2406
11:06:12 INFO src.train :: epoch 43 | val_acc=0.6205 (best) | loss=0.2325
11:06:12 INFO src.train :: epoch 44 | val_acc=0.6249 (best) | loss=0.2241
11:06:12 INFO src.train :: epoch 45 | val_acc=0.6305 (best) | loss=0.2165
11:06:12 INFO src.train :: epoch 46 | val_acc=0.6342 (best) | loss=0.2093
11:06:13 INFO src.train :: epoch 47 | val_acc=0.6376 (best) | loss=0.2052
11:06:13 INFO src.train :: epoch 48 | val_acc=0.6403 (best) | loss=0.2137
11:06:13 INFO src.train :: epoch 49 | val_acc=0.6532 (best) | loss=0.1969
11:06:13 INFO src.train :: epoch 51 | val_acc=0.6563 (best) | loss=0.1886
11:06:13 INFO src.train :: epoch 52 | val_acc=0.6708 (best) | loss=0.1808
11:06:13 INFO src.train :: epoch 54 | val_acc=0.6737 (best) | loss=0.1780
11:06:14 INFO src.train :: epoch 55 | val_acc=0.6893 (best) | loss=0.1758
11:06:14 INFO src.train :: epoch 57 | val_acc=0.6945 (best) | loss=0.1607
11:06:14 INFO src.train :: epoch 58 | val_acc=0.7053 (best) | loss=0.1572
11:06:14 INFO src.train :: epoch 59 | val_acc=0.7074 (best) | loss=0.1500
11:06:14 INFO src.train :: epoch 60 | val_acc=0.7102 (best) | loss=0.1475
11:06:14 INFO src.train :: epoch 61 | val_acc=0.7138 (best) | loss=0.1431
11:06:14 INFO src.train :: epoch 62 | val_acc=0.7211 (best) | loss=0.1390
11:06:15 INFO src.train :: epoch 64 | val_acc=0.7221 (best) | loss=0.1356
11:06:15 INFO src.train :: epoch 65 | val_acc=0.7260 (best) | loss=0.1382
11:06:15 INFO src.train :: epoch 66 | val_acc=0.7392 (best) | loss=0.1466
11:06:15 INFO src.train :: epoch 68 | val_acc=0.7420 (best) | loss=0.1651
11:06:15 INFO src.train :: epoch 69 | val_acc=0.7478 (best) | loss=0.1630
11:06:15 INFO src.train :: epoch 70 | val_acc=0.7553 (best) | loss=0.1788
11:06:16 INFO src.train :: epoch 71 | val_acc=0.7713 (best) | loss=0.2031
11:06:16 INFO src.train :: epoch 72 | val_acc=0.7891 (best) | loss=0.1770
11:06:16 INFO src.train :: epoch 73 | val_acc=0.7945 (best) | loss=0.1602
11:06:16 INFO src.train :: epoch 74 | val_acc=0.7977 (best) | loss=0.1545
11:06:16 INFO src.train :: epoch 75 | val_acc=0.8012 (best) | loss=0.1481
11:06:17 INFO src.train :: epoch 80 | val_acc=0.8013 (best) | loss=0.1291
11:06:17 INFO src.train :: epoch 81 | val_acc=0.8016 (best) | loss=0.1257
11:06:17 INFO src.train :: epoch 84 | val_acc=0.8034 (best) | loss=0.1184
11:06:18 INFO src.train :: epoch 91 | val_acc=0.8063 (best) | loss=0.1207
11:06:18 INFO src.train :: epoch 92 | val_acc=0.8099 (best) | loss=0.1264
11:06:18 INFO src.train :: epoch 93 | val_acc=0.8110 (best) | loss=0.1172
11:06:20 INFO src.train :: epoch 111 | val_acc=0.8161 (best) | loss=0.1263
11:06:20 INFO src.train :: epoch 112 | val_acc=0.8180 (best) | loss=0.1208
11:06:21 INFO src.train :: epoch 113 | val_acc=0.8190 (best) | loss=0.1180
11:06:23 INFO src.train :: Early stop at epoch 133 (no improvement for 20 epochs)
11:06:23 INFO src.train :: Trial 8/20 [random] | params={'lr': 0.05, 'weight_decay': 0.001, 'hidden_channels': 256, 'dropout': 0.0}
11:06:23 INFO src.train :: train_model: encoder=tfidf model=GCN seed=7 device=auto
11:06:24 INFO src.train :: epoch 1 | val_acc=0.0140 (best) | loss=3.7458
11:06:24 INFO src.train :: epoch 2 | val_acc=0.1427 (best) | loss=3.7139
11:06:24 INFO src.train :: epoch 3 | val_acc=0.5124 (best) | loss=1.9939
11:06:24 INFO src.train :: epoch 4 | val_acc=0.5125 (best) | loss=1.1411
11:06:25 INFO src.train :: epoch 5 | val_acc=0.5153 (best) | loss=0.8860
11:06:25 INFO src.train :: epoch 6 | val_acc=0.5327 (best) | loss=0.7751
11:06:25 INFO src.train :: epoch 7 | val_acc=0.5520 (best) | loss=0.6833
11:06:25 INFO src.train :: epoch 8 | val_acc=0.5641 (best) | loss=0.6183
11:06:25 INFO src.train :: epoch 9 | val_acc=0.5850 (best) | loss=0.5843
/home/infres/abertrand-24/miniconda3/envs/env_gnn/lib/python3.11/site-packages/torch/optim/lr_scheduler.py:232: UserWarning: The epoch parameter in `scheduler.step()` was not necessary and is being deprecated where possible. Please use `scheduler.step()` to step the scheduler. During the deprecation, if epoch is different from None, the closed form is used instead of the new chainable form, where available. Please open an issue if you are unable to replicate your use case: https://github.com/pytorch/pytorch/issues/new/choose.
  warnings.warn(EPOCH_DEPRECATION_WARNING, UserWarning)
11:06:26 INFO src.train :: epoch 10 | val_acc=0.6167 (best) | loss=0.5546
11:06:26 INFO src.train :: epoch 11 | val_acc=0.6430 (best) | loss=0.5341
11:06:26 INFO src.train :: epoch 12 | val_acc=0.6628 (best) | loss=0.5141
11:06:26 INFO src.train :: epoch 13 | val_acc=0.6764 (best) | loss=0.4941
11:06:27 INFO src.train :: epoch 14 | val_acc=0.6765 (best) | loss=0.4735
11:06:31 INFO src.train :: Early stop at epoch 34 (no improvement for 20 epochs)
11:06:31 INFO src.train :: Trial 9/20 [random] | params={'lr': 0.005, 'weight_decay': 0.001, 'hidden_channels': 64, 'dropout': 0.3}
11:06:31 INFO src.train :: train_model: encoder=tfidf model=GCN seed=8 device=auto
11:06:31 INFO src.train :: epoch 1 | val_acc=0.0053 (best) | loss=4.0218
11:06:32 INFO src.train :: epoch 3 | val_acc=0.0054 (best) | loss=3.9279
11:06:32 INFO src.train :: epoch 4 | val_acc=0.0203 (best) | loss=3.7504
11:06:32 INFO src.train :: epoch 5 | val_acc=0.0844 (best) | loss=3.5307
11:06:32 INFO src.train :: epoch 6 | val_acc=0.0870 (best) | loss=3.3008
11:06:32 INFO src.train :: epoch 8 | val_acc=0.0884 (best) | loss=2.8858
11:06:32 INFO src.train :: epoch 9 | val_acc=0.1426 (best) | loss=2.6961
/home/infres/abertrand-24/miniconda3/envs/env_gnn/lib/python3.11/site-packages/torch/optim/lr_scheduler.py:232: UserWarning: The epoch parameter in `scheduler.step()` was not necessary and is being deprecated where possible. Please use `scheduler.step()` to step the scheduler. During the deprecation, if epoch is different from None, the closed form is used instead of the new chainable form, where available. Please open an issue if you are unable to replicate your use case: https://github.com/pytorch/pytorch/issues/new/choose.
  warnings.warn(EPOCH_DEPRECATION_WARNING, UserWarning)
11:06:32 INFO src.train :: epoch 10 | val_acc=0.3625 (best) | loss=2.5060
11:06:32 INFO src.train :: epoch 11 | val_acc=0.4401 (best) | loss=2.3271
11:06:32 INFO src.train :: epoch 12 | val_acc=0.4648 (best) | loss=2.1469
11:06:32 INFO src.train :: epoch 13 | val_acc=0.4708 (best) | loss=1.9922
11:06:33 INFO src.train :: epoch 15 | val_acc=0.4710 (best) | loss=1.7250
11:06:33 INFO src.train :: epoch 16 | val_acc=0.4734 (best) | loss=1.6051
11:06:33 INFO src.train :: epoch 17 | val_acc=0.4776 (best) | loss=1.5050
11:06:33 INFO src.train :: epoch 18 | val_acc=0.4825 (best) | loss=1.4090
11:06:33 INFO src.train :: epoch 19 | val_acc=0.4901 (best) | loss=1.3217
11:06:33 INFO src.train :: epoch 20 | val_acc=0.4967 (best) | loss=1.2414
11:06:33 INFO src.train :: epoch 21 | val_acc=0.5045 (best) | loss=1.1725
11:06:33 INFO src.train :: epoch 22 | val_acc=0.5100 (best) | loss=1.1077
11:06:33 INFO src.train :: epoch 23 | val_acc=0.5137 (best) | loss=1.0520
11:06:33 INFO src.train :: epoch 24 | val_acc=0.5157 (best) | loss=1.0020
11:06:33 INFO src.train :: epoch 25 | val_acc=0.5180 (best) | loss=0.9574
11:06:33 INFO src.train :: epoch 26 | val_acc=0.5211 (best) | loss=0.9165
11:06:34 INFO src.train :: epoch 28 | val_acc=0.5213 (best) | loss=0.8491
11:06:34 INFO src.train :: epoch 29 | val_acc=0.5219 (best) | loss=0.8155
11:06:34 INFO src.train :: epoch 30 | val_acc=0.5223 (best) | loss=0.7906
11:06:34 INFO src.train :: epoch 31 | val_acc=0.5233 (best) | loss=0.7644
11:06:34 INFO src.train :: epoch 32 | val_acc=0.5274 (best) | loss=0.7400
11:06:34 INFO src.train :: epoch 33 | val_acc=0.5325 (best) | loss=0.7171
11:06:34 INFO src.train :: epoch 34 | val_acc=0.5385 (best) | loss=0.6998
11:06:34 INFO src.train :: epoch 35 | val_acc=0.5465 (best) | loss=0.6812
11:06:34 INFO src.train :: epoch 36 | val_acc=0.5562 (best) | loss=0.6621
11:06:34 INFO src.train :: epoch 37 | val_acc=0.5671 (best) | loss=0.6447
11:06:34 INFO src.train :: epoch 38 | val_acc=0.5793 (best) | loss=0.6315
11:06:34 INFO src.train :: epoch 39 | val_acc=0.5904 (best) | loss=0.6173
11:06:34 INFO src.train :: epoch 40 | val_acc=0.6025 (best) | loss=0.6063
11:06:35 INFO src.train :: epoch 41 | val_acc=0.6164 (best) | loss=0.5920
11:06:35 INFO src.train :: epoch 42 | val_acc=0.6279 (best) | loss=0.5769
11:06:35 INFO src.train :: epoch 43 | val_acc=0.6414 (best) | loss=0.5678
11:06:35 INFO src.train :: epoch 44 | val_acc=0.6545 (best) | loss=0.5561
11:06:35 INFO src.train :: epoch 45 | val_acc=0.6675 (best) | loss=0.5481
11:06:35 INFO src.train :: epoch 46 | val_acc=0.6790 (best) | loss=0.5399
11:06:35 INFO src.train :: epoch 47 | val_acc=0.6896 (best) | loss=0.5306
11:06:35 INFO src.train :: epoch 48 | val_acc=0.7005 (best) | loss=0.5180
11:06:35 INFO src.train :: epoch 49 | val_acc=0.7110 (best) | loss=0.5099
11:06:35 INFO src.train :: epoch 50 | val_acc=0.7192 (best) | loss=0.5042
11:06:35 INFO src.train :: epoch 51 | val_acc=0.7276 (best) | loss=0.4953
11:06:35 INFO src.train :: epoch 52 | val_acc=0.7346 (best) | loss=0.4878
11:06:35 INFO src.train :: epoch 53 | val_acc=0.7403 (best) | loss=0.4805
11:06:36 INFO src.train :: epoch 54 | val_acc=0.7460 (best) | loss=0.4742
11:06:36 INFO src.train :: epoch 55 | val_acc=0.7505 (best) | loss=0.4703
11:06:36 INFO src.train :: epoch 56 | val_acc=0.7553 (best) | loss=0.4613
11:06:36 INFO src.train :: epoch 57 | val_acc=0.7593 (best) | loss=0.4535
11:06:36 INFO src.train :: epoch 58 | val_acc=0.7620 (best) | loss=0.4482
11:06:36 INFO src.train :: epoch 59 | val_acc=0.7643 (best) | loss=0.4429
11:06:36 INFO src.train :: epoch 60 | val_acc=0.7672 (best) | loss=0.4364
11:06:36 INFO src.train :: epoch 61 | val_acc=0.7702 (best) | loss=0.4326
11:06:36 INFO src.train :: epoch 62 | val_acc=0.7729 (best) | loss=0.4252
11:06:36 INFO src.train :: epoch 63 | val_acc=0.7756 (best) | loss=0.4215
11:06:36 INFO src.train :: epoch 64 | val_acc=0.7779 (best) | loss=0.4167
11:06:36 INFO src.train :: epoch 65 | val_acc=0.7820 (best) | loss=0.4105
11:06:36 INFO src.train :: epoch 66 | val_acc=0.7846 (best) | loss=0.4046
11:06:37 INFO src.train :: epoch 67 | val_acc=0.7864 (best) | loss=0.4008
11:06:37 INFO src.train :: epoch 68 | val_acc=0.7878 (best) | loss=0.3990
11:06:37 INFO src.train :: epoch 69 | val_acc=0.7885 (best) | loss=0.3942
11:06:37 INFO src.train :: epoch 70 | val_acc=0.7898 (best) | loss=0.3894
11:06:37 INFO src.train :: epoch 71 | val_acc=0.7920 (best) | loss=0.3858
11:06:37 INFO src.train :: epoch 72 | val_acc=0.7951 (best) | loss=0.3811
11:06:37 INFO src.train :: epoch 73 | val_acc=0.7966 (best) | loss=0.3752
11:06:37 INFO src.train :: epoch 74 | val_acc=0.7986 (best) | loss=0.3734
11:06:37 INFO src.train :: epoch 75 | val_acc=0.8015 (best) | loss=0.3688
11:06:37 INFO src.train :: epoch 76 | val_acc=0.8037 (best) | loss=0.3665
11:06:37 INFO src.train :: epoch 77 | val_acc=0.8049 (best) | loss=0.3607
11:06:38 INFO src.train :: epoch 80 | val_acc=0.8066 (best) | loss=0.3533
11:06:38 INFO src.train :: epoch 81 | val_acc=0.8083 (best) | loss=0.3512
11:06:38 INFO src.train :: epoch 82 | val_acc=0.8100 (best) | loss=0.3459
11:06:38 INFO src.train :: epoch 87 | val_acc=0.8126 (best) | loss=0.3311
11:06:38 INFO src.train :: epoch 88 | val_acc=0.8143 (best) | loss=0.3297
11:06:38 INFO src.train :: epoch 89 | val_acc=0.8145 (best) | loss=0.3300
11:06:38 INFO src.train :: epoch 90 | val_acc=0.8147 (best) | loss=0.3269
11:06:38 INFO src.train :: epoch 92 | val_acc=0.8154 (best) | loss=0.3209
11:06:39 INFO src.train :: epoch 93 | val_acc=0.8173 (best) | loss=0.3207
11:06:39 INFO src.train :: epoch 94 | val_acc=0.8186 (best) | loss=0.3197
11:06:39 INFO src.train :: epoch 99 | val_acc=0.8193 (best) | loss=0.3082
11:06:39 INFO src.train :: epoch 100 | val_acc=0.8203 (best) | loss=0.3099
11:06:39 INFO src.train :: epoch 104 | val_acc=0.8211 (best) | loss=0.3003
11:06:40 INFO src.train :: epoch 109 | val_acc=0.8212 (best) | loss=0.2948
11:06:40 INFO src.train :: epoch 110 | val_acc=0.8218 (best) | loss=0.2877
11:06:40 INFO src.train :: epoch 111 | val_acc=0.8219 (best) | loss=0.2885
11:06:40 INFO src.train :: epoch 114 | val_acc=0.8222 (best) | loss=0.2835
11:06:41 INFO src.train :: epoch 124 | val_acc=0.8229 (best) | loss=0.2741
11:06:42 INFO src.train :: Early stop at epoch 144 (no improvement for 20 epochs)
11:06:42 INFO src.train :: Trial 10/20 [random] | params={'lr': 0.005, 'weight_decay': 0.0, 'hidden_channels': 128, 'dropout': 0.3}
11:06:42 INFO src.train :: train_model: encoder=tfidf model=GCN seed=9 device=auto
11:06:43 INFO src.train :: epoch 1 | val_acc=0.0013 (best) | loss=3.9793
11:06:43 INFO src.train :: epoch 2 | val_acc=0.0028 (best) | loss=3.9754
11:06:43 INFO src.train :: epoch 3 | val_acc=0.0036 (best) | loss=3.8345
11:06:43 INFO src.train :: epoch 4 | val_acc=0.0061 (best) | loss=3.5685
11:06:43 INFO src.train :: epoch 5 | val_acc=0.3880 (best) | loss=3.2448
/home/infres/abertrand-24/miniconda3/envs/env_gnn/lib/python3.11/site-packages/torch/optim/lr_scheduler.py:232: UserWarning: The epoch parameter in `scheduler.step()` was not necessary and is being deprecated where possible. Please use `scheduler.step()` to step the scheduler. During the deprecation, if epoch is different from None, the closed form is used instead of the new chainable form, where available. Please open an issue if you are unable to replicate your use case: https://github.com/pytorch/pytorch/issues/new/choose.
  warnings.warn(EPOCH_DEPRECATION_WARNING, UserWarning)
11:06:45 INFO src.train :: epoch 20 | val_acc=0.3907 (best) | loss=0.7643
11:06:45 INFO src.train :: epoch 21 | val_acc=0.3973 (best) | loss=0.7307
11:06:45 INFO src.train :: epoch 22 | val_acc=0.4031 (best) | loss=0.7001
11:06:46 INFO src.train :: epoch 23 | val_acc=0.4115 (best) | loss=0.6744
11:06:46 INFO src.train :: epoch 24 | val_acc=0.4212 (best) | loss=0.6479
11:06:46 INFO src.train :: epoch 25 | val_acc=0.4363 (best) | loss=0.6277
11:06:46 INFO src.train :: epoch 26 | val_acc=0.4546 (best) | loss=0.6044
11:06:46 INFO src.train :: epoch 27 | val_acc=0.4753 (best) | loss=0.5828
11:06:46 INFO src.train :: epoch 28 | val_acc=0.4945 (best) | loss=0.5710
11:06:46 INFO src.train :: epoch 29 | val_acc=0.5182 (best) | loss=0.5522
11:06:46 INFO src.train :: epoch 30 | val_acc=0.5433 (best) | loss=0.5371
11:06:47 INFO src.train :: epoch 31 | val_acc=0.5678 (best) | loss=0.5239
11:06:47 INFO src.train :: epoch 32 | val_acc=0.5910 (best) | loss=0.5111
11:06:47 INFO src.train :: epoch 33 | val_acc=0.6155 (best) | loss=0.4988
11:06:47 INFO src.train :: epoch 34 | val_acc=0.6408 (best) | loss=0.4866
11:06:47 INFO src.train :: epoch 35 | val_acc=0.6595 (best) | loss=0.4760
11:06:47 INFO src.train :: epoch 36 | val_acc=0.6778 (best) | loss=0.4663
11:06:47 INFO src.train :: epoch 37 | val_acc=0.6986 (best) | loss=0.4560
11:06:47 INFO src.train :: epoch 38 | val_acc=0.7160 (best) | loss=0.4470
11:06:48 INFO src.train :: epoch 39 | val_acc=0.7292 (best) | loss=0.4367
11:06:48 INFO src.train :: epoch 40 | val_acc=0.7436 (best) | loss=0.4272
11:06:48 INFO src.train :: epoch 41 | val_acc=0.7553 (best) | loss=0.4211
11:06:48 INFO src.train :: epoch 42 | val_acc=0.7652 (best) | loss=0.4114
11:06:48 INFO src.train :: epoch 43 | val_acc=0.7758 (best) | loss=0.4062
11:06:48 INFO src.train :: epoch 44 | val_acc=0.7824 (best) | loss=0.3961
11:06:48 INFO src.train :: epoch 45 | val_acc=0.7884 (best) | loss=0.3899
11:06:49 INFO src.train :: epoch 46 | val_acc=0.7939 (best) | loss=0.3846
11:06:49 INFO src.train :: epoch 47 | val_acc=0.7993 (best) | loss=0.3772
11:06:49 INFO src.train :: epoch 48 | val_acc=0.8031 (best) | loss=0.3703
11:06:49 INFO src.train :: epoch 49 | val_acc=0.8064 (best) | loss=0.3650
11:06:49 INFO src.train :: epoch 50 | val_acc=0.8087 (best) | loss=0.3585
11:06:49 INFO src.train :: epoch 51 | val_acc=0.8115 (best) | loss=0.3532
11:06:49 INFO src.train :: epoch 52 | val_acc=0.8138 (best) | loss=0.3484
11:06:49 INFO src.train :: epoch 53 | val_acc=0.8166 (best) | loss=0.3430
11:06:50 INFO src.train :: epoch 54 | val_acc=0.8187 (best) | loss=0.3387
11:06:50 INFO src.train :: epoch 55 | val_acc=0.8205 (best) | loss=0.3333
11:06:50 INFO src.train :: epoch 56 | val_acc=0.8215 (best) | loss=0.3268
11:06:50 INFO src.train :: epoch 57 | val_acc=0.8226 (best) | loss=0.3220
11:06:50 INFO src.train :: epoch 58 | val_acc=0.8236 (best) | loss=0.3158
11:06:50 INFO src.train :: epoch 59 | val_acc=0.8246 (best) | loss=0.3136
11:06:50 INFO src.train :: epoch 61 | val_acc=0.8252 (best) | loss=0.3046
11:06:51 INFO src.train :: epoch 63 | val_acc=0.8255 (best) | loss=0.2965
11:06:51 INFO src.train :: epoch 64 | val_acc=0.8263 (best) | loss=0.2930
11:06:51 INFO src.train :: epoch 65 | val_acc=0.8267 (best) | loss=0.2899
11:06:51 INFO src.train :: epoch 68 | val_acc=0.8271 (best) | loss=0.2783
11:06:51 INFO src.train :: epoch 69 | val_acc=0.8273 (best) | loss=0.2757
11:06:52 INFO src.train :: epoch 70 | val_acc=0.8277 (best) | loss=0.2720
11:06:54 INFO src.train :: Early stop at epoch 90 (no improvement for 20 epochs)
11:06:54 INFO src.train :: Trial 11/20 [random] | params={'lr': 0.01, 'weight_decay': 0.0, 'hidden_channels': 64, 'dropout': 0.0}
11:06:54 INFO src.train :: train_model: encoder=tfidf model=GCN seed=10 device=auto
11:06:55 INFO src.train :: epoch 1 | val_acc=0.0049 (best) | loss=3.8814
11:06:55 INFO src.train :: epoch 2 | val_acc=0.0050 (best) | loss=3.8788
11:06:55 INFO src.train :: epoch 5 | val_acc=0.0107 (best) | loss=2.9400
11:06:55 INFO src.train :: epoch 6 | val_acc=0.3430 (best) | loss=2.6478
11:06:55 INFO src.train :: epoch 7 | val_acc=0.4663 (best) | loss=2.3782
11:06:55 INFO src.train :: epoch 8 | val_acc=0.4823 (best) | loss=2.1223
/home/infres/abertrand-24/miniconda3/envs/env_gnn/lib/python3.11/site-packages/torch/optim/lr_scheduler.py:232: UserWarning: The epoch parameter in `scheduler.step()` was not necessary and is being deprecated where possible. Please use `scheduler.step()` to step the scheduler. During the deprecation, if epoch is different from None, the closed form is used instead of the new chainable form, where available. Please open an issue if you are unable to replicate your use case: https://github.com/pytorch/pytorch/issues/new/choose.
  warnings.warn(EPOCH_DEPRECATION_WARNING, UserWarning)
11:06:55 INFO src.train :: epoch 11 | val_acc=0.4829 (best) | loss=1.4329
11:06:55 INFO src.train :: epoch 12 | val_acc=0.4962 (best) | loss=1.2414
11:06:55 INFO src.train :: epoch 13 | val_acc=0.5079 (best) | loss=1.0896
11:06:55 INFO src.train :: epoch 14 | val_acc=0.5165 (best) | loss=0.9716
11:06:56 INFO src.train :: epoch 15 | val_acc=0.5232 (best) | loss=0.8814
11:06:56 INFO src.train :: epoch 16 | val_acc=0.5272 (best) | loss=0.8122
11:06:56 INFO src.train :: epoch 17 | val_acc=0.5312 (best) | loss=0.7578
11:06:56 INFO src.train :: epoch 18 | val_acc=0.5337 (best) | loss=0.7134
11:06:56 INFO src.train :: epoch 19 | val_acc=0.5365 (best) | loss=0.6756
11:06:56 INFO src.train :: epoch 20 | val_acc=0.5389 (best) | loss=0.6422
11:06:56 INFO src.train :: epoch 21 | val_acc=0.5439 (best) | loss=0.6123
11:06:56 INFO src.train :: epoch 22 | val_acc=0.5490 (best) | loss=0.5855
11:06:56 INFO src.train :: epoch 23 | val_acc=0.5576 (best) | loss=0.5618
11:06:56 INFO src.train :: epoch 24 | val_acc=0.5695 (best) | loss=0.5410
11:06:56 INFO src.train :: epoch 25 | val_acc=0.5865 (best) | loss=0.5229
11:06:56 INFO src.train :: epoch 26 | val_acc=0.6060 (best) | loss=0.5069
11:06:57 INFO src.train :: epoch 27 | val_acc=0.6266 (best) | loss=0.4925
11:06:57 INFO src.train :: epoch 28 | val_acc=0.6494 (best) | loss=0.4790
11:06:57 INFO src.train :: epoch 29 | val_acc=0.6727 (best) | loss=0.4662
11:06:57 INFO src.train :: epoch 30 | val_acc=0.6949 (best) | loss=0.4537
11:06:57 INFO src.train :: epoch 31 | val_acc=0.7171 (best) | loss=0.4417
11:06:57 INFO src.train :: epoch 32 | val_acc=0.7329 (best) | loss=0.4302
11:06:57 INFO src.train :: epoch 33 | val_acc=0.7489 (best) | loss=0.4192
11:06:57 INFO src.train :: epoch 34 | val_acc=0.7614 (best) | loss=0.4088
11:06:57 INFO src.train :: epoch 35 | val_acc=0.7717 (best) | loss=0.3990
11:06:57 INFO src.train :: epoch 36 | val_acc=0.7794 (best) | loss=0.3896
11:06:57 INFO src.train :: epoch 37 | val_acc=0.7837 (best) | loss=0.3806
11:06:57 INFO src.train :: epoch 38 | val_acc=0.7881 (best) | loss=0.3719
11:06:57 INFO src.train :: epoch 39 | val_acc=0.7918 (best) | loss=0.3634
11:06:58 INFO src.train :: epoch 40 | val_acc=0.7957 (best) | loss=0.3551
11:06:58 INFO src.train :: epoch 41 | val_acc=0.7979 (best) | loss=0.3470
11:06:58 INFO src.train :: epoch 42 | val_acc=0.8000 (best) | loss=0.3391
11:06:58 INFO src.train :: epoch 43 | val_acc=0.8014 (best) | loss=0.3314
11:06:58 INFO src.train :: epoch 44 | val_acc=0.8043 (best) | loss=0.3239
11:06:58 INFO src.train :: epoch 45 | val_acc=0.8072 (best) | loss=0.3167
11:06:58 INFO src.train :: epoch 46 | val_acc=0.8092 (best) | loss=0.3097
11:06:58 INFO src.train :: epoch 47 | val_acc=0.8100 (best) | loss=0.3031
11:06:58 INFO src.train :: epoch 48 | val_acc=0.8109 (best) | loss=0.2968
11:06:58 INFO src.train :: epoch 49 | val_acc=0.8126 (best) | loss=0.2908
11:06:58 INFO src.train :: epoch 51 | val_acc=0.8136 (best) | loss=0.2795
11:06:58 INFO src.train :: epoch 52 | val_acc=0.8146 (best) | loss=0.2741
11:06:59 INFO src.train :: epoch 53 | val_acc=0.8147 (best) | loss=0.2690
11:06:59 INFO src.train :: epoch 54 | val_acc=0.8150 (best) | loss=0.2640
11:06:59 INFO src.train :: epoch 58 | val_acc=0.8151 (best) | loss=0.2461
11:06:59 INFO src.train :: epoch 59 | val_acc=0.8153 (best) | loss=0.2420
11:07:00 INFO src.train :: Early stop at epoch 79 (no improvement for 20 epochs)
11:07:00 INFO src.train :: Trial 12/20 [random] | params={'lr': 0.005, 'weight_decay': 0.001, 'hidden_channels': 128, 'dropout': 0.3}
11:07:00 INFO src.train :: train_model: encoder=tfidf model=GCN seed=11 device=auto
11:07:01 INFO src.train :: epoch 1 | val_acc=0.0067 (best) | loss=3.9838
11:07:02 INFO src.train :: epoch 5 | val_acc=0.3659 (best) | loss=3.2261
11:07:02 INFO src.train :: epoch 6 | val_acc=0.3770 (best) | loss=2.8829
11:07:02 INFO src.train :: epoch 8 | val_acc=0.3772 (best) | loss=2.2843
11:07:02 INFO src.train :: epoch 9 | val_acc=0.3780 (best) | loss=2.0234
/home/infres/abertrand-24/miniconda3/envs/env_gnn/lib/python3.11/site-packages/torch/optim/lr_scheduler.py:232: UserWarning: The epoch parameter in `scheduler.step()` was not necessary and is being deprecated where possible. Please use `scheduler.step()` to step the scheduler. During the deprecation, if epoch is different from None, the closed form is used instead of the new chainable form, where available. Please open an issue if you are unable to replicate your use case: https://github.com/pytorch/pytorch/issues/new/choose.
  warnings.warn(EPOCH_DEPRECATION_WARNING, UserWarning)
11:07:02 INFO src.train :: epoch 10 | val_acc=0.3783 (best) | loss=1.7867
11:07:02 INFO src.train :: epoch 11 | val_acc=0.3787 (best) | loss=1.5738
11:07:02 INFO src.train :: epoch 12 | val_acc=0.3793 (best) | loss=1.3871
11:07:03 INFO src.train :: epoch 13 | val_acc=0.3796 (best) | loss=1.2410
11:07:03 INFO src.train :: epoch 14 | val_acc=0.3799 (best) | loss=1.1250
11:07:03 INFO src.train :: epoch 15 | val_acc=0.3807 (best) | loss=1.0313
11:07:03 INFO src.train :: epoch 16 | val_acc=0.3811 (best) | loss=0.9567
11:07:03 INFO src.train :: epoch 17 | val_acc=0.3815 (best) | loss=0.8958
11:07:03 INFO src.train :: epoch 20 | val_acc=0.3820 (best) | loss=0.7604
11:07:04 INFO src.train :: epoch 21 | val_acc=0.3826 (best) | loss=0.7272
11:07:04 INFO src.train :: epoch 22 | val_acc=0.3836 (best) | loss=0.6963
11:07:04 INFO src.train :: epoch 23 | val_acc=0.3849 (best) | loss=0.6700
11:07:04 INFO src.train :: epoch 24 | val_acc=0.3869 (best) | loss=0.6443
11:07:04 INFO src.train :: epoch 25 | val_acc=0.3893 (best) | loss=0.6218
11:07:04 INFO src.train :: epoch 26 | val_acc=0.3932 (best) | loss=0.6024
11:07:04 INFO src.train :: epoch 27 | val_acc=0.3984 (best) | loss=0.5825
11:07:05 INFO src.train :: epoch 28 | val_acc=0.4051 (best) | loss=0.5681
11:07:05 INFO src.train :: epoch 29 | val_acc=0.4132 (best) | loss=0.5533
11:07:05 INFO src.train :: epoch 30 | val_acc=0.4229 (best) | loss=0.5386
11:07:05 INFO src.train :: epoch 31 | val_acc=0.4369 (best) | loss=0.5268
11:07:05 INFO src.train :: epoch 32 | val_acc=0.4539 (best) | loss=0.5141
11:07:05 INFO src.train :: epoch 33 | val_acc=0.4704 (best) | loss=0.5033
11:07:05 INFO src.train :: epoch 34 | val_acc=0.4910 (best) | loss=0.4928
11:07:05 INFO src.train :: epoch 35 | val_acc=0.5109 (best) | loss=0.4806
11:07:06 INFO src.train :: epoch 36 | val_acc=0.5338 (best) | loss=0.4725
11:07:06 INFO src.train :: epoch 37 | val_acc=0.5539 (best) | loss=0.4618
11:07:06 INFO src.train :: epoch 38 | val_acc=0.5732 (best) | loss=0.4530
11:07:06 INFO src.train :: epoch 39 | val_acc=0.5904 (best) | loss=0.4438
11:07:06 INFO src.train :: epoch 40 | val_acc=0.6056 (best) | loss=0.4324
11:07:06 INFO src.train :: epoch 41 | val_acc=0.6180 (best) | loss=0.4272
11:07:06 INFO src.train :: epoch 42 | val_acc=0.6311 (best) | loss=0.4180
11:07:06 INFO src.train :: epoch 43 | val_acc=0.6413 (best) | loss=0.4114
11:07:07 INFO src.train :: epoch 44 | val_acc=0.6496 (best) | loss=0.4019
11:07:07 INFO src.train :: epoch 45 | val_acc=0.6564 (best) | loss=0.3974
11:07:07 INFO src.train :: epoch 46 | val_acc=0.6637 (best) | loss=0.3894
11:07:07 INFO src.train :: epoch 47 | val_acc=0.6709 (best) | loss=0.3804
11:07:07 INFO src.train :: epoch 48 | val_acc=0.6773 (best) | loss=0.3756
11:07:07 INFO src.train :: epoch 49 | val_acc=0.6824 (best) | loss=0.3684
11:07:07 INFO src.train :: epoch 50 | val_acc=0.6884 (best) | loss=0.3639
11:07:07 INFO src.train :: epoch 51 | val_acc=0.6947 (best) | loss=0.3558
11:07:08 INFO src.train :: epoch 52 | val_acc=0.7016 (best) | loss=0.3496
11:07:08 INFO src.train :: epoch 53 | val_acc=0.7067 (best) | loss=0.3449
11:07:08 INFO src.train :: epoch 54 | val_acc=0.7114 (best) | loss=0.3365
11:07:08 INFO src.train :: epoch 55 | val_acc=0.7170 (best) | loss=0.3305
11:07:08 INFO src.train :: epoch 56 | val_acc=0.7214 (best) | loss=0.3283
11:07:08 INFO src.train :: epoch 57 | val_acc=0.7256 (best) | loss=0.3201
11:07:08 INFO src.train :: epoch 58 | val_acc=0.7317 (best) | loss=0.3148
11:07:09 INFO src.train :: epoch 59 | val_acc=0.7375 (best) | loss=0.3104
11:07:09 INFO src.train :: epoch 60 | val_acc=0.7418 (best) | loss=0.3066
11:07:09 INFO src.train :: epoch 61 | val_acc=0.7466 (best) | loss=0.2991
11:07:09 INFO src.train :: epoch 62 | val_acc=0.7504 (best) | loss=0.2947
11:07:09 INFO src.train :: epoch 63 | val_acc=0.7561 (best) | loss=0.2896
11:07:09 INFO src.train :: epoch 64 | val_acc=0.7606 (best) | loss=0.2863
11:07:09 INFO src.train :: epoch 65 | val_acc=0.7649 (best) | loss=0.2826
11:07:09 INFO src.train :: epoch 66 | val_acc=0.7687 (best) | loss=0.2778
11:07:10 INFO src.train :: epoch 67 | val_acc=0.7707 (best) | loss=0.2739
11:07:10 INFO src.train :: epoch 68 | val_acc=0.7731 (best) | loss=0.2689
11:07:10 INFO src.train :: epoch 69 | val_acc=0.7765 (best) | loss=0.2674
11:07:10 INFO src.train :: epoch 70 | val_acc=0.7812 (best) | loss=0.2623
11:07:10 INFO src.train :: epoch 71 | val_acc=0.7842 (best) | loss=0.2594
11:07:10 INFO src.train :: epoch 72 | val_acc=0.7861 (best) | loss=0.2558
11:07:10 INFO src.train :: epoch 73 | val_acc=0.7862 (best) | loss=0.2546
11:07:10 INFO src.train :: epoch 74 | val_acc=0.7879 (best) | loss=0.2487
11:07:11 INFO src.train :: epoch 75 | val_acc=0.7905 (best) | loss=0.2457
11:07:11 INFO src.train :: epoch 76 | val_acc=0.7933 (best) | loss=0.2451
11:07:11 INFO src.train :: epoch 77 | val_acc=0.7963 (best) | loss=0.2389
11:07:11 INFO src.train :: epoch 78 | val_acc=0.7985 (best) | loss=0.2382
11:07:11 INFO src.train :: epoch 79 | val_acc=0.8014 (best) | loss=0.2369
11:07:11 INFO src.train :: epoch 81 | val_acc=0.8037 (best) | loss=0.2295
11:07:11 INFO src.train :: epoch 82 | val_acc=0.8065 (best) | loss=0.2266
11:07:12 INFO src.train :: epoch 84 | val_acc=0.8078 (best) | loss=0.2223
11:07:12 INFO src.train :: epoch 85 | val_acc=0.8099 (best) | loss=0.2172
11:07:12 INFO src.train :: epoch 86 | val_acc=0.8111 (best) | loss=0.2161
11:07:12 INFO src.train :: epoch 87 | val_acc=0.8118 (best) | loss=0.2159
11:07:12 INFO src.train :: epoch 89 | val_acc=0.8140 (best) | loss=0.2113
11:07:13 INFO src.train :: epoch 90 | val_acc=0.8152 (best) | loss=0.2092
11:07:13 INFO src.train :: epoch 93 | val_acc=0.8185 (best) | loss=0.2014
11:07:13 INFO src.train :: epoch 94 | val_acc=0.8196 (best) | loss=0.2032
11:07:13 INFO src.train :: epoch 97 | val_acc=0.8205 (best) | loss=0.1965
11:07:13 INFO src.train :: epoch 98 | val_acc=0.8216 (best) | loss=0.1951
11:07:14 INFO src.train :: epoch 103 | val_acc=0.8220 (best) | loss=0.1861
11:07:14 INFO src.train :: epoch 105 | val_acc=0.8230 (best) | loss=0.1838
11:07:16 INFO src.train :: epoch 120 | val_acc=0.8242 (best) | loss=0.1706
11:07:16 INFO src.train :: epoch 121 | val_acc=0.8246 (best) | loss=0.1705
11:07:16 INFO src.train :: epoch 122 | val_acc=0.8254 (best) | loss=0.1687
11:07:16 INFO src.train :: epoch 123 | val_acc=0.8260 (best) | loss=0.1666
11:07:19 INFO src.train :: Early stop at epoch 143 (no improvement for 20 epochs)
11:07:19 INFO src.train :: Trial 13/20 [random] | params={'lr': 0.005, 'weight_decay': 0.0001, 'hidden_channels': 256, 'dropout': 0.3}
11:07:19 INFO src.train :: train_model: encoder=tfidf model=GCN seed=12 device=auto
11:07:20 INFO src.train :: epoch 1 | val_acc=0.3666 (best) | loss=3.8559
11:07:20 INFO src.train :: epoch 3 | val_acc=0.3729 (best) | loss=3.6249
/home/infres/abertrand-24/miniconda3/envs/env_gnn/lib/python3.11/site-packages/torch/optim/lr_scheduler.py:232: UserWarning: The epoch parameter in `scheduler.step()` was not necessary and is being deprecated where possible. Please use `scheduler.step()` to step the scheduler. During the deprecation, if epoch is different from None, the closed form is used instead of the new chainable form, where available. Please open an issue if you are unable to replicate your use case: https://github.com/pytorch/pytorch/issues/new/choose.
  warnings.warn(EPOCH_DEPRECATION_WARNING, UserWarning)
11:07:23 INFO src.train :: epoch 17 | val_acc=0.3730 (best) | loss=0.6063
11:07:23 INFO src.train :: epoch 18 | val_acc=0.3751 (best) | loss=0.5810
11:07:23 INFO src.train :: epoch 19 | val_acc=0.3789 (best) | loss=0.5559
11:07:24 INFO src.train :: epoch 20 | val_acc=0.3857 (best) | loss=0.5359
11:07:24 INFO src.train :: epoch 21 | val_acc=0.3959 (best) | loss=0.5169
11:07:24 INFO src.train :: epoch 22 | val_acc=0.4110 (best) | loss=0.4994
11:07:24 INFO src.train :: epoch 23 | val_acc=0.4301 (best) | loss=0.4831
11:07:25 INFO src.train :: epoch 24 | val_acc=0.4513 (best) | loss=0.4698
11:07:25 INFO src.train :: epoch 25 | val_acc=0.4720 (best) | loss=0.4535
11:07:25 INFO src.train :: epoch 26 | val_acc=0.4944 (best) | loss=0.4425
11:07:25 INFO src.train :: epoch 27 | val_acc=0.5149 (best) | loss=0.4296
11:07:25 INFO src.train :: epoch 28 | val_acc=0.5395 (best) | loss=0.4186
11:07:26 INFO src.train :: epoch 29 | val_acc=0.5626 (best) | loss=0.4079
11:07:26 INFO src.train :: epoch 30 | val_acc=0.5842 (best) | loss=0.3956
11:07:26 INFO src.train :: epoch 31 | val_acc=0.6069 (best) | loss=0.3865
11:07:26 INFO src.train :: epoch 32 | val_acc=0.6295 (best) | loss=0.3778
11:07:27 INFO src.train :: epoch 33 | val_acc=0.6515 (best) | loss=0.3680
11:07:27 INFO src.train :: epoch 34 | val_acc=0.6705 (best) | loss=0.3570
11:07:27 INFO src.train :: epoch 35 | val_acc=0.6867 (best) | loss=0.3499
11:07:27 INFO src.train :: epoch 36 | val_acc=0.7025 (best) | loss=0.3413
11:07:28 INFO src.train :: epoch 37 | val_acc=0.7173 (best) | loss=0.3340
11:07:28 INFO src.train :: epoch 38 | val_acc=0.7299 (best) | loss=0.3271
11:07:28 INFO src.train :: epoch 39 | val_acc=0.7403 (best) | loss=0.3197
11:07:28 INFO src.train :: epoch 40 | val_acc=0.7501 (best) | loss=0.3130
11:07:28 INFO src.train :: epoch 41 | val_acc=0.7599 (best) | loss=0.3070
11:07:29 INFO src.train :: epoch 42 | val_acc=0.7679 (best) | loss=0.3022
11:07:29 INFO src.train :: epoch 43 | val_acc=0.7749 (best) | loss=0.2941
11:07:29 INFO src.train :: epoch 44 | val_acc=0.7810 (best) | loss=0.2905
11:07:29 INFO src.train :: epoch 45 | val_acc=0.7861 (best) | loss=0.2848
11:07:30 INFO src.train :: epoch 46 | val_acc=0.7923 (best) | loss=0.2782
11:07:30 INFO src.train :: epoch 47 | val_acc=0.7977 (best) | loss=0.2736
11:07:30 INFO src.train :: epoch 48 | val_acc=0.8018 (best) | loss=0.2670
11:07:30 INFO src.train :: epoch 49 | val_acc=0.8060 (best) | loss=0.2608
11:07:31 INFO src.train :: epoch 50 | val_acc=0.8085 (best) | loss=0.2598
11:07:31 INFO src.train :: epoch 51 | val_acc=0.8118 (best) | loss=0.2530
11:07:31 INFO src.train :: epoch 52 | val_acc=0.8155 (best) | loss=0.2482
11:07:31 INFO src.train :: epoch 53 | val_acc=0.8179 (best) | loss=0.2439
11:07:31 INFO src.train :: epoch 54 | val_acc=0.8208 (best) | loss=0.2399
11:07:32 INFO src.train :: epoch 55 | val_acc=0.8222 (best) | loss=0.2369
11:07:32 INFO src.train :: epoch 56 | val_acc=0.8251 (best) | loss=0.2320
11:07:32 INFO src.train :: epoch 57 | val_acc=0.8257 (best) | loss=0.2277
11:07:32 INFO src.train :: epoch 58 | val_acc=0.8275 (best) | loss=0.2245
11:07:33 INFO src.train :: epoch 59 | val_acc=0.8280 (best) | loss=0.2230
11:07:33 INFO src.train :: epoch 60 | val_acc=0.8282 (best) | loss=0.2183
11:07:33 INFO src.train :: epoch 61 | val_acc=0.8296 (best) | loss=0.2154
11:07:33 INFO src.train :: epoch 62 | val_acc=0.8300 (best) | loss=0.2105
11:07:34 INFO src.train :: epoch 63 | val_acc=0.8311 (best) | loss=0.2086
11:07:34 INFO src.train :: epoch 64 | val_acc=0.8321 (best) | loss=0.2059
11:07:34 INFO src.train :: epoch 65 | val_acc=0.8323 (best) | loss=0.2019
11:07:35 INFO src.train :: epoch 72 | val_acc=0.8327 (best) | loss=0.1851
11:07:36 INFO src.train :: epoch 73 | val_acc=0.8330 (best) | loss=0.1817
11:07:40 INFO src.train :: Early stop at epoch 93 (no improvement for 20 epochs)
11:07:40 INFO src.train :: Trial 14/20 [random] | params={'lr': 0.01, 'weight_decay': 0.001, 'hidden_channels': 256, 'dropout': 0.5}
11:07:40 INFO src.train :: train_model: encoder=tfidf model=GCN seed=13 device=auto
11:07:41 INFO src.train :: epoch 1 | val_acc=0.0007 (best) | loss=3.9317
11:07:41 INFO src.train :: epoch 2 | val_acc=0.0192 (best) | loss=3.9292
11:07:41 INFO src.train :: epoch 3 | val_acc=0.0533 (best) | loss=3.5619
11:07:41 INFO src.train :: epoch 4 | val_acc=0.3981 (best) | loss=2.9649
/home/infres/abertrand-24/miniconda3/envs/env_gnn/lib/python3.11/site-packages/torch/optim/lr_scheduler.py:232: UserWarning: The epoch parameter in `scheduler.step()` was not necessary and is being deprecated where possible. Please use `scheduler.step()` to step the scheduler. During the deprecation, if epoch is different from None, the closed form is used instead of the new chainable form, where available. Please open an issue if you are unable to replicate your use case: https://github.com/pytorch/pytorch/issues/new/choose.
  warnings.warn(EPOCH_DEPRECATION_WARNING, UserWarning)
11:07:45 INFO src.train :: epoch 19 | val_acc=0.4058 (best) | loss=0.5745
11:07:45 INFO src.train :: epoch 20 | val_acc=0.4170 (best) | loss=0.5610
11:07:45 INFO src.train :: epoch 21 | val_acc=0.4268 (best) | loss=0.5472
11:07:45 INFO src.train :: epoch 22 | val_acc=0.4372 (best) | loss=0.5341
11:07:45 INFO src.train :: epoch 23 | val_acc=0.4469 (best) | loss=0.5210
11:07:46 INFO src.train :: epoch 24 | val_acc=0.4561 (best) | loss=0.5085
11:07:46 INFO src.train :: epoch 25 | val_acc=0.4629 (best) | loss=0.4982
11:07:46 INFO src.train :: epoch 26 | val_acc=0.4685 (best) | loss=0.4894
11:07:46 INFO src.train :: epoch 27 | val_acc=0.4725 (best) | loss=0.4822
11:07:47 INFO src.train :: epoch 28 | val_acc=0.4735 (best) | loss=0.4688
11:07:47 INFO src.train :: epoch 29 | val_acc=0.4744 (best) | loss=0.4599
11:07:47 INFO src.train :: epoch 30 | val_acc=0.4744 (best) | loss=0.4511
11:07:50 INFO src.train :: epoch 44 | val_acc=0.4749 (best) | loss=0.3256
11:07:51 INFO src.train :: epoch 49 | val_acc=0.4755 (best) | loss=0.2975
11:07:51 INFO src.train :: epoch 50 | val_acc=0.4804 (best) | loss=0.2924
11:07:52 INFO src.train :: epoch 51 | val_acc=0.4814 (best) | loss=0.2897
11:07:52 INFO src.train :: epoch 52 | val_acc=0.4828 (best) | loss=0.2858
11:07:52 INFO src.train :: epoch 53 | val_acc=0.4914 (best) | loss=0.2817
11:07:52 INFO src.train :: epoch 54 | val_acc=0.5029 (best) | loss=0.2802
11:07:52 INFO src.train :: epoch 55 | val_acc=0.5134 (best) | loss=0.2772
11:07:53 INFO src.train :: epoch 57 | val_acc=0.5136 (best) | loss=0.2698
11:07:53 INFO src.train :: epoch 58 | val_acc=0.5233 (best) | loss=0.2693
11:07:53 INFO src.train :: epoch 59 | val_acc=0.5327 (best) | loss=0.2672
11:07:54 INFO src.train :: epoch 60 | val_acc=0.5353 (best) | loss=0.2625
11:07:54 INFO src.train :: epoch 61 | val_acc=0.5423 (best) | loss=0.2648
11:07:54 INFO src.train :: epoch 62 | val_acc=0.5531 (best) | loss=0.2630
11:07:54 INFO src.train :: epoch 63 | val_acc=0.5715 (best) | loss=0.2601
11:07:55 INFO src.train :: epoch 64 | val_acc=0.5815 (best) | loss=0.2552
11:07:55 INFO src.train :: epoch 65 | val_acc=0.6004 (best) | loss=0.2540
11:07:55 INFO src.train :: epoch 66 | val_acc=0.6155 (best) | loss=0.2501
11:07:55 INFO src.train :: epoch 67 | val_acc=0.6227 (best) | loss=0.2520
11:07:55 INFO src.train :: epoch 68 | val_acc=0.6425 (best) | loss=0.2518
11:07:56 INFO src.train :: epoch 69 | val_acc=0.6573 (best) | loss=0.2489
11:07:56 INFO src.train :: epoch 70 | val_acc=0.6648 (best) | loss=0.2482
11:07:56 INFO src.train :: epoch 71 | val_acc=0.6801 (best) | loss=0.2409
11:07:56 INFO src.train :: epoch 72 | val_acc=0.6953 (best) | loss=0.2438
11:07:57 INFO src.train :: epoch 73 | val_acc=0.7050 (best) | loss=0.2378
11:07:57 INFO src.train :: epoch 74 | val_acc=0.7105 (best) | loss=0.2442
11:07:57 INFO src.train :: epoch 75 | val_acc=0.7198 (best) | loss=0.2365
11:07:57 INFO src.train :: epoch 76 | val_acc=0.7345 (best) | loss=0.2344
11:07:58 INFO src.train :: epoch 77 | val_acc=0.7439 (best) | loss=0.2364
11:07:58 INFO src.train :: epoch 78 | val_acc=0.7514 (best) | loss=0.2347
11:07:58 INFO src.train :: epoch 80 | val_acc=0.7655 (best) | loss=0.2362
11:07:58 INFO src.train :: epoch 81 | val_acc=0.7768 (best) | loss=0.2274
11:07:59 INFO src.train :: epoch 82 | val_acc=0.7780 (best) | loss=0.2342
11:07:59 INFO src.train :: epoch 85 | val_acc=0.7880 (best) | loss=0.2288
11:08:00 INFO src.train :: epoch 86 | val_acc=0.7930 (best) | loss=0.2258
11:08:00 INFO src.train :: epoch 87 | val_acc=0.7959 (best) | loss=0.2235
11:08:00 INFO src.train :: epoch 88 | val_acc=0.8033 (best) | loss=0.2229
11:08:00 INFO src.train :: epoch 89 | val_acc=0.8069 (best) | loss=0.2283
11:08:01 INFO src.train :: epoch 91 | val_acc=0.8124 (best) | loss=0.2181
11:08:01 INFO src.train :: epoch 92 | val_acc=0.8171 (best) | loss=0.2180
11:08:01 INFO src.train :: epoch 94 | val_acc=0.8178 (best) | loss=0.2168
11:08:02 INFO src.train :: epoch 95 | val_acc=0.8210 (best) | loss=0.2141
11:08:02 INFO src.train :: epoch 97 | val_acc=0.8262 (best) | loss=0.2135
11:08:02 INFO src.train :: epoch 98 | val_acc=0.8264 (best) | loss=0.2138
11:08:03 INFO src.train :: epoch 100 | val_acc=0.8269 (best) | loss=0.2101
11:08:03 INFO src.train :: epoch 101 | val_acc=0.8289 (best) | loss=0.2081
11:08:03 INFO src.train :: epoch 103 | val_acc=0.8307 (best) | loss=0.2090
11:08:04 INFO src.train :: epoch 105 | val_acc=0.8311 (best) | loss=0.2054
11:08:04 INFO src.train :: epoch 106 | val_acc=0.8316 (best) | loss=0.2035
11:08:04 INFO src.train :: epoch 107 | val_acc=0.8318 (best) | loss=0.2027
11:08:04 INFO src.train :: epoch 108 | val_acc=0.8319 (best) | loss=0.2020
11:08:05 INFO src.train :: epoch 109 | val_acc=0.8320 (best) | loss=0.1988
11:08:05 INFO src.train :: epoch 112 | val_acc=0.8336 (best) | loss=0.1979
11:08:06 INFO src.train :: epoch 114 | val_acc=0.8338 (best) | loss=0.1943
11:08:06 INFO src.train :: epoch 115 | val_acc=0.8346 (best) | loss=0.1960
11:08:06 INFO src.train :: epoch 116 | val_acc=0.8353 (best) | loss=0.1935
11:08:09 INFO src.train :: epoch 131 | val_acc=0.8355 (best) | loss=0.1801
11:08:10 INFO src.train :: epoch 134 | val_acc=0.8359 (best) | loss=0.1754
11:08:10 INFO src.train :: epoch 135 | val_acc=0.8361 (best) | loss=0.1738
11:08:11 INFO src.train :: epoch 138 | val_acc=0.8362 (best) | loss=0.1720
11:08:11 INFO src.train :: epoch 140 | val_acc=0.8363 (best) | loss=0.1667
11:08:13 INFO src.train :: epoch 149 | val_acc=0.8365 (best) | loss=0.1604
11:08:17 INFO src.train :: Early stop at epoch 169 (no improvement for 20 epochs)
11:08:18 INFO src.train ::   → new best val_acc=0.8365 with params={'lr': 0.01, 'weight_decay': 0.001, 'hidden_channels': 256, 'dropout': 0.5}
11:08:18 INFO src.train :: Trial 15/20 [random] | params={'lr': 0.01, 'weight_decay': 0.001, 'hidden_channels': 256, 'dropout': 0.3}
11:08:18 INFO src.train :: train_model: encoder=tfidf model=GCN seed=14 device=auto
11:08:18 INFO src.train :: epoch 1 | val_acc=0.0007 (best) | loss=3.8605
11:08:19 INFO src.train :: epoch 2 | val_acc=0.0114 (best) | loss=3.8527
11:08:19 INFO src.train :: epoch 3 | val_acc=0.0543 (best) | loss=3.4117
11:08:19 INFO src.train :: epoch 4 | val_acc=0.4070 (best) | loss=2.7139
/home/infres/abertrand-24/miniconda3/envs/env_gnn/lib/python3.11/site-packages/torch/optim/lr_scheduler.py:232: UserWarning: The epoch parameter in `scheduler.step()` was not necessary and is being deprecated where possible. Please use `scheduler.step()` to step the scheduler. During the deprecation, if epoch is different from None, the closed form is used instead of the new chainable form, where available. Please open an issue if you are unable to replicate your use case: https://github.com/pytorch/pytorch/issues/new/choose.
  warnings.warn(EPOCH_DEPRECATION_WARNING, UserWarning)
11:08:22 INFO src.train :: epoch 19 | val_acc=0.4123 (best) | loss=0.4976
11:08:22 INFO src.train :: epoch 20 | val_acc=0.4235 (best) | loss=0.4850
11:08:23 INFO src.train :: epoch 21 | val_acc=0.4328 (best) | loss=0.4719
11:08:23 INFO src.train :: epoch 22 | val_acc=0.4400 (best) | loss=0.4586
11:08:23 INFO src.train :: epoch 23 | val_acc=0.4493 (best) | loss=0.4464
11:08:23 INFO src.train :: epoch 24 | val_acc=0.4552 (best) | loss=0.4360
11:08:24 INFO src.train :: epoch 25 | val_acc=0.4599 (best) | loss=0.4264
11:08:24 INFO src.train :: epoch 26 | val_acc=0.4626 (best) | loss=0.4163
11:08:24 INFO src.train :: epoch 27 | val_acc=0.4636 (best) | loss=0.4061
11:08:24 INFO src.train :: epoch 28 | val_acc=0.4644 (best) | loss=0.3976
11:08:24 INFO src.train :: epoch 29 | val_acc=0.4656 (best) | loss=0.3871
11:08:25 INFO src.train :: epoch 30 | val_acc=0.4671 (best) | loss=0.3782
11:08:25 INFO src.train :: epoch 31 | val_acc=0.4684 (best) | loss=0.3684
11:08:25 INFO src.train :: epoch 32 | val_acc=0.4689 (best) | loss=0.3550
11:08:25 INFO src.train :: epoch 33 | val_acc=0.4697 (best) | loss=0.3475
11:08:28 INFO src.train :: epoch 47 | val_acc=0.4751 (best) | loss=0.2554
11:08:29 INFO src.train :: epoch 48 | val_acc=0.4762 (best) | loss=0.2460
11:08:29 INFO src.train :: epoch 49 | val_acc=0.4797 (best) | loss=0.2306
11:08:29 INFO src.train :: epoch 50 | val_acc=0.4845 (best) | loss=0.2387
11:08:29 INFO src.train :: epoch 52 | val_acc=0.4964 (best) | loss=0.2287
11:08:30 INFO src.train :: epoch 53 | val_acc=0.5038 (best) | loss=0.2188
11:08:30 INFO src.train :: epoch 54 | val_acc=0.5062 (best) | loss=0.2156
11:08:30 INFO src.train :: epoch 55 | val_acc=0.5156 (best) | loss=0.2151
11:08:30 INFO src.train :: epoch 56 | val_acc=0.5234 (best) | loss=0.2078
11:08:31 INFO src.train :: epoch 57 | val_acc=0.5308 (best) | loss=0.2088
11:08:31 INFO src.train :: epoch 58 | val_acc=0.5385 (best) | loss=0.2106
11:08:31 INFO src.train :: epoch 59 | val_acc=0.5496 (best) | loss=0.2046
11:08:31 INFO src.train :: epoch 60 | val_acc=0.5605 (best) | loss=0.2038
11:08:32 INFO src.train :: epoch 61 | val_acc=0.5741 (best) | loss=0.1973
11:08:32 INFO src.train :: epoch 62 | val_acc=0.5850 (best) | loss=0.1934
11:08:32 INFO src.train :: epoch 63 | val_acc=0.5869 (best) | loss=0.1933
11:08:32 INFO src.train :: epoch 64 | val_acc=0.5960 (best) | loss=0.1896
11:08:32 INFO src.train :: epoch 65 | val_acc=0.6114 (best) | loss=0.1888
11:08:33 INFO src.train :: epoch 66 | val_acc=0.6193 (best) | loss=0.1853
11:08:33 INFO src.train :: epoch 67 | val_acc=0.6313 (best) | loss=0.1818
11:08:33 INFO src.train :: epoch 69 | val_acc=0.6511 (best) | loss=0.1839
11:08:34 INFO src.train :: epoch 70 | val_acc=0.6541 (best) | loss=0.1819
11:08:34 INFO src.train :: epoch 71 | val_acc=0.6729 (best) | loss=0.1856
11:08:34 INFO src.train :: epoch 72 | val_acc=0.6781 (best) | loss=0.1888
11:08:34 INFO src.train :: epoch 73 | val_acc=0.6872 (best) | loss=0.1970
11:08:35 INFO src.train :: epoch 74 | val_acc=0.7098 (best) | loss=0.1826
11:08:35 INFO src.train :: epoch 75 | val_acc=0.7115 (best) | loss=0.1877
11:08:35 INFO src.train :: epoch 76 | val_acc=0.7330 (best) | loss=0.1837
11:08:35 INFO src.train :: epoch 78 | val_acc=0.7445 (best) | loss=0.1784
11:08:36 INFO src.train :: epoch 79 | val_acc=0.7487 (best) | loss=0.1721
11:08:36 INFO src.train :: epoch 80 | val_acc=0.7539 (best) | loss=0.1754
11:08:36 INFO src.train :: epoch 81 | val_acc=0.7638 (best) | loss=0.1674
11:08:36 INFO src.train :: epoch 82 | val_acc=0.7653 (best) | loss=0.1683
11:08:37 INFO src.train :: epoch 83 | val_acc=0.7746 (best) | loss=0.1650
11:08:37 INFO src.train :: epoch 84 | val_acc=0.7761 (best) | loss=0.1637
11:08:37 INFO src.train :: epoch 85 | val_acc=0.7820 (best) | loss=0.1649
11:08:37 INFO src.train :: epoch 86 | val_acc=0.7853 (best) | loss=0.1662
11:08:37 INFO src.train :: epoch 87 | val_acc=0.7969 (best) | loss=0.1623
11:08:38 INFO src.train :: epoch 88 | val_acc=0.7978 (best) | loss=0.1662
11:08:38 INFO src.train :: epoch 89 | val_acc=0.7988 (best) | loss=0.1621
11:08:38 INFO src.train :: epoch 91 | val_acc=0.8043 (best) | loss=0.1596
11:08:39 INFO src.train :: epoch 92 | val_acc=0.8103 (best) | loss=0.1601
11:08:39 INFO src.train :: epoch 93 | val_acc=0.8111 (best) | loss=0.1555
11:08:39 INFO src.train :: epoch 96 | val_acc=0.8184 (best) | loss=0.1563
11:08:40 INFO src.train :: epoch 100 | val_acc=0.8194 (best) | loss=0.1508
11:08:41 INFO src.train :: epoch 101 | val_acc=0.8217 (best) | loss=0.1530
11:08:41 INFO src.train :: epoch 103 | val_acc=0.8264 (best) | loss=0.1554
11:08:44 INFO src.train :: epoch 118 | val_acc=0.8266 (best) | loss=0.1348
11:08:45 INFO src.train :: epoch 121 | val_acc=0.8278 (best) | loss=0.1315
11:08:45 INFO src.train :: epoch 123 | val_acc=0.8284 (best) | loss=0.1317
11:08:47 INFO src.train :: epoch 130 | val_acc=0.8292 (best) | loss=0.1249
11:08:51 INFO src.train :: Early stop at epoch 150 (no improvement for 20 epochs)
11:08:51 INFO src.train :: Trial 16/20 [random] | params={'lr': 0.05, 'weight_decay': 0.001, 'hidden_channels': 256, 'dropout': 0.3}
11:08:51 INFO src.train :: train_model: encoder=tfidf model=GCN seed=15 device=auto
11:08:52 INFO src.train :: epoch 1 | val_acc=0.0013 (best) | loss=3.8556
11:08:52 INFO src.train :: epoch 2 | val_acc=0.1807 (best) | loss=3.8310
11:08:52 INFO src.train :: epoch 3 | val_acc=0.5651 (best) | loss=2.3440
11:08:53 INFO src.train :: epoch 9 | val_acc=0.5759 (best) | loss=0.6755
/home/infres/abertrand-24/miniconda3/envs/env_gnn/lib/python3.11/site-packages/torch/optim/lr_scheduler.py:232: UserWarning: The epoch parameter in `scheduler.step()` was not necessary and is being deprecated where possible. Please use `scheduler.step()` to step the scheduler. During the deprecation, if epoch is different from None, the closed form is used instead of the new chainable form, where available. Please open an issue if you are unable to replicate your use case: https://github.com/pytorch/pytorch/issues/new/choose.
  warnings.warn(EPOCH_DEPRECATION_WARNING, UserWarning)
11:08:54 INFO src.train :: epoch 10 | val_acc=0.5958 (best) | loss=0.6447
11:08:54 INFO src.train :: epoch 11 | val_acc=0.6121 (best) | loss=0.6169
11:08:54 INFO src.train :: epoch 12 | val_acc=0.6257 (best) | loss=0.6094
11:08:54 INFO src.train :: epoch 13 | val_acc=0.6301 (best) | loss=0.5929
11:08:58 INFO src.train :: Early stop at epoch 33 (no improvement for 20 epochs)
11:08:59 INFO src.train :: Trial 17/20 [random] | params={'lr': 0.05, 'weight_decay': 0.0, 'hidden_channels': 128, 'dropout': 0.5}
11:08:59 INFO src.train :: train_model: encoder=tfidf model=GCN seed=16 device=auto
11:08:59 INFO src.train :: epoch 1 | val_acc=0.0008 (best) | loss=4.0444
11:08:59 INFO src.train :: epoch 2 | val_acc=0.0030 (best) | loss=4.0357
11:09:00 INFO src.train :: epoch 3 | val_acc=0.3685 (best) | loss=3.1629
11:09:00 INFO src.train :: epoch 4 | val_acc=0.5790 (best) | loss=2.3548
11:09:00 INFO src.train :: epoch 5 | val_acc=0.5983 (best) | loss=1.7125
11:09:00 INFO src.train :: epoch 6 | val_acc=0.6237 (best) | loss=1.3259
11:09:00 INFO src.train :: epoch 7 | val_acc=0.6330 (best) | loss=1.1481
11:09:00 INFO src.train :: epoch 8 | val_acc=0.6385 (best) | loss=1.0537
11:09:00 INFO src.train :: epoch 9 | val_acc=0.6401 (best) | loss=0.9784
/home/infres/abertrand-24/miniconda3/envs/env_gnn/lib/python3.11/site-packages/torch/optim/lr_scheduler.py:232: UserWarning: The epoch parameter in `scheduler.step()` was not necessary and is being deprecated where possible. Please use `scheduler.step()` to step the scheduler. During the deprecation, if epoch is different from None, the closed form is used instead of the new chainable form, where available. Please open an issue if you are unable to replicate your use case: https://github.com/pytorch/pytorch/issues/new/choose.
  warnings.warn(EPOCH_DEPRECATION_WARNING, UserWarning)
11:09:00 INFO src.train :: epoch 10 | val_acc=0.6428 (best) | loss=0.8883
11:09:01 INFO src.train :: epoch 11 | val_acc=0.6569 (best) | loss=0.8170
11:09:01 INFO src.train :: epoch 12 | val_acc=0.6807 (best) | loss=0.7736
11:09:01 INFO src.train :: epoch 13 | val_acc=0.7143 (best) | loss=0.7511
11:09:01 INFO src.train :: epoch 14 | val_acc=0.7474 (best) | loss=0.7301
11:09:01 INFO src.train :: epoch 15 | val_acc=0.7719 (best) | loss=0.7116
11:09:01 INFO src.train :: epoch 16 | val_acc=0.7870 (best) | loss=0.6925
11:09:01 INFO src.train :: epoch 17 | val_acc=0.7972 (best) | loss=0.6661
11:09:01 INFO src.train :: epoch 18 | val_acc=0.8051 (best) | loss=0.6524
11:09:02 INFO src.train :: epoch 19 | val_acc=0.8116 (best) | loss=0.6366
11:09:02 INFO src.train :: epoch 20 | val_acc=0.8144 (best) | loss=0.6159
11:09:02 INFO src.train :: epoch 21 | val_acc=0.8161 (best) | loss=0.6010
11:09:02 INFO src.train :: epoch 22 | val_acc=0.8177 (best) | loss=0.5907
11:09:02 INFO src.train :: epoch 23 | val_acc=0.8194 (best) | loss=0.5733
11:09:02 INFO src.train :: epoch 26 | val_acc=0.8197 (best) | loss=0.5337
11:09:03 INFO src.train :: epoch 27 | val_acc=0.8206 (best) | loss=0.5247
11:09:03 INFO src.train :: epoch 28 | val_acc=0.8230 (best) | loss=0.5111
11:09:03 INFO src.train :: epoch 29 | val_acc=0.8248 (best) | loss=0.5028
11:09:03 INFO src.train :: epoch 30 | val_acc=0.8263 (best) | loss=0.4956
11:09:04 INFO src.train :: epoch 43 | val_acc=0.8267 (best) | loss=0.4151
11:09:05 INFO src.train :: epoch 44 | val_acc=0.8269 (best) | loss=0.4092
11:09:05 INFO src.train :: epoch 46 | val_acc=0.8272 (best) | loss=0.4009
11:09:05 INFO src.train :: epoch 47 | val_acc=0.8275 (best) | loss=0.3960
11:09:05 INFO src.train :: epoch 48 | val_acc=0.8281 (best) | loss=0.3903
11:09:05 INFO src.train :: epoch 49 | val_acc=0.8286 (best) | loss=0.3881
11:09:05 INFO src.train :: epoch 50 | val_acc=0.8288 (best) | loss=0.3845
11:09:08 INFO src.train :: Early stop at epoch 70 (no improvement for 20 epochs)
11:09:08 INFO src.train :: Trial 18/20 [random] | params={'lr': 0.05, 'weight_decay': 0.0001, 'hidden_channels': 128, 'dropout': 0.0}
11:09:08 INFO src.train :: train_model: encoder=tfidf model=GCN seed=17 device=auto
11:09:08 INFO src.train :: epoch 1 | val_acc=0.0003 (best) | loss=3.9320
11:09:09 INFO src.train :: epoch 2 | val_acc=0.0533 (best) | loss=3.9125
11:09:09 INFO src.train :: epoch 3 | val_acc=0.2343 (best) | loss=2.7408
11:09:09 INFO src.train :: epoch 4 | val_acc=0.5950 (best) | loss=1.8822
11:09:09 INFO src.train :: epoch 5 | val_acc=0.5956 (best) | loss=1.2980
11:09:09 INFO src.train :: epoch 6 | val_acc=0.5971 (best) | loss=0.9950
11:09:09 INFO src.train :: epoch 7 | val_acc=0.6022 (best) | loss=0.8566
/home/infres/abertrand-24/miniconda3/envs/env_gnn/lib/python3.11/site-packages/torch/optim/lr_scheduler.py:232: UserWarning: The epoch parameter in `scheduler.step()` was not necessary and is being deprecated where possible. Please use `scheduler.step()` to step the scheduler. During the deprecation, if epoch is different from None, the closed form is used instead of the new chainable form, where available. Please open an issue if you are unable to replicate your use case: https://github.com/pytorch/pytorch/issues/new/choose.
  warnings.warn(EPOCH_DEPRECATION_WARNING, UserWarning)
11:09:10 INFO src.train :: epoch 12 | val_acc=0.6145 (best) | loss=0.5457
11:09:10 INFO src.train :: epoch 13 | val_acc=0.6647 (best) | loss=0.5236
11:09:10 INFO src.train :: epoch 14 | val_acc=0.7226 (best) | loss=0.5003
11:09:10 INFO src.train :: epoch 15 | val_acc=0.7615 (best) | loss=0.4752
11:09:10 INFO src.train :: epoch 16 | val_acc=0.7793 (best) | loss=0.4567
11:09:10 INFO src.train :: epoch 17 | val_acc=0.7916 (best) | loss=0.4406
11:09:11 INFO src.train :: epoch 18 | val_acc=0.8011 (best) | loss=0.4227
11:09:11 INFO src.train :: epoch 19 | val_acc=0.8070 (best) | loss=0.4056
11:09:11 INFO src.train :: epoch 20 | val_acc=0.8130 (best) | loss=0.3920
11:09:11 INFO src.train :: epoch 21 | val_acc=0.8173 (best) | loss=0.3792
11:09:11 INFO src.train :: epoch 22 | val_acc=0.8199 (best) | loss=0.3668
11:09:11 INFO src.train :: epoch 25 | val_acc=0.8200 (best) | loss=0.3332
11:09:12 INFO src.train :: epoch 26 | val_acc=0.8203 (best) | loss=0.3230
11:09:12 INFO src.train :: epoch 27 | val_acc=0.8240 (best) | loss=0.3143
11:09:12 INFO src.train :: epoch 28 | val_acc=0.8258 (best) | loss=0.3045
11:09:14 INFO src.train :: Early stop at epoch 48 (no improvement for 20 epochs)
11:09:14 INFO src.train :: Trial 19/20 [random] | params={'lr': 0.01, 'weight_decay': 0.0001, 'hidden_channels': 256, 'dropout': 0.5}
11:09:14 INFO src.train :: train_model: encoder=tfidf model=GCN seed=18 device=auto
11:09:15 INFO src.train :: epoch 1 | val_acc=0.0004 (best) | loss=3.9972
11:09:15 INFO src.train :: epoch 3 | val_acc=0.0625 (best) | loss=3.6306
11:09:16 INFO src.train :: epoch 4 | val_acc=0.1539 (best) | loss=3.0362
11:09:16 INFO src.train :: epoch 5 | val_acc=0.4646 (best) | loss=2.4123
/home/infres/abertrand-24/miniconda3/envs/env_gnn/lib/python3.11/site-packages/torch/optim/lr_scheduler.py:232: UserWarning: The epoch parameter in `scheduler.step()` was not necessary and is being deprecated where possible. Please use `scheduler.step()` to step the scheduler. During the deprecation, if epoch is different from None, the closed form is used instead of the new chainable form, where available. Please open an issue if you are unable to replicate your use case: https://github.com/pytorch/pytorch/issues/new/choose.
  warnings.warn(EPOCH_DEPRECATION_WARNING, UserWarning)
11:09:19 INFO src.train :: epoch 18 | val_acc=0.4720 (best) | loss=0.6014
11:09:19 INFO src.train :: epoch 19 | val_acc=0.4980 (best) | loss=0.5852
11:09:19 INFO src.train :: epoch 20 | val_acc=0.5271 (best) | loss=0.5728
11:09:19 INFO src.train :: epoch 21 | val_acc=0.5527 (best) | loss=0.5588
11:09:19 INFO src.train :: epoch 22 | val_acc=0.5769 (best) | loss=0.5433
11:09:20 INFO src.train :: epoch 23 | val_acc=0.6015 (best) | loss=0.5321
11:09:20 INFO src.train :: epoch 24 | val_acc=0.6249 (best) | loss=0.5177
11:09:20 INFO src.train :: epoch 25 | val_acc=0.6484 (best) | loss=0.5047
11:09:20 INFO src.train :: epoch 26 | val_acc=0.6680 (best) | loss=0.4942
11:09:21 INFO src.train :: epoch 27 | val_acc=0.6861 (best) | loss=0.4830
11:09:21 INFO src.train :: epoch 28 | val_acc=0.7028 (best) | loss=0.4708
11:09:21 INFO src.train :: epoch 29 | val_acc=0.7173 (best) | loss=0.4629
11:09:21 INFO src.train :: epoch 30 | val_acc=0.7298 (best) | loss=0.4524
11:09:22 INFO src.train :: epoch 31 | val_acc=0.7401 (best) | loss=0.4442
11:09:22 INFO src.train :: epoch 32 | val_acc=0.7492 (best) | loss=0.4336
11:09:22 INFO src.train :: epoch 33 | val_acc=0.7590 (best) | loss=0.4267
11:09:22 INFO src.train :: epoch 34 | val_acc=0.7681 (best) | loss=0.4150
11:09:22 INFO src.train :: epoch 35 | val_acc=0.7761 (best) | loss=0.4075
11:09:23 INFO src.train :: epoch 36 | val_acc=0.7820 (best) | loss=0.3991
11:09:23 INFO src.train :: epoch 37 | val_acc=0.7874 (best) | loss=0.3951
11:09:23 INFO src.train :: epoch 38 | val_acc=0.7929 (best) | loss=0.3913
11:09:23 INFO src.train :: epoch 39 | val_acc=0.7973 (best) | loss=0.3821
11:09:24 INFO src.train :: epoch 40 | val_acc=0.8019 (best) | loss=0.3754
11:09:24 INFO src.train :: epoch 41 | val_acc=0.8062 (best) | loss=0.3664
11:09:24 INFO src.train :: epoch 42 | val_acc=0.8095 (best) | loss=0.3602
11:09:24 INFO src.train :: epoch 43 | val_acc=0.8122 (best) | loss=0.3575
11:09:25 INFO src.train :: epoch 44 | val_acc=0.8147 (best) | loss=0.3510
11:09:25 INFO src.train :: epoch 45 | val_acc=0.8170 (best) | loss=0.3435
11:09:25 INFO src.train :: epoch 46 | val_acc=0.8192 (best) | loss=0.3408
11:09:25 INFO src.train :: epoch 47 | val_acc=0.8200 (best) | loss=0.3364
11:09:26 INFO src.train :: epoch 48 | val_acc=0.8225 (best) | loss=0.3290
11:09:26 INFO src.train :: epoch 49 | val_acc=0.8242 (best) | loss=0.3251
11:09:26 INFO src.train :: epoch 50 | val_acc=0.8255 (best) | loss=0.3222
11:09:26 INFO src.train :: epoch 51 | val_acc=0.8258 (best) | loss=0.3156
11:09:26 INFO src.train :: epoch 52 | val_acc=0.8262 (best) | loss=0.3093
11:09:27 INFO src.train :: epoch 53 | val_acc=0.8268 (best) | loss=0.3061
11:09:27 INFO src.train :: epoch 54 | val_acc=0.8271 (best) | loss=0.3015
11:09:27 INFO src.train :: epoch 55 | val_acc=0.8275 (best) | loss=0.2975
11:09:27 INFO src.train :: epoch 56 | val_acc=0.8278 (best) | loss=0.2954
11:09:28 INFO src.train :: epoch 57 | val_acc=0.8288 (best) | loss=0.2904
11:09:28 INFO src.train :: epoch 58 | val_acc=0.8294 (best) | loss=0.2878
11:09:28 INFO src.train :: epoch 59 | val_acc=0.8305 (best) | loss=0.2828
11:09:28 INFO src.train :: epoch 60 | val_acc=0.8309 (best) | loss=0.2799
11:09:29 INFO src.train :: epoch 61 | val_acc=0.8314 (best) | loss=0.2762
11:09:29 INFO src.train :: epoch 62 | val_acc=0.8317 (best) | loss=0.2693
11:09:29 INFO src.train :: epoch 64 | val_acc=0.8318 (best) | loss=0.2651
11:09:30 INFO src.train :: epoch 67 | val_acc=0.8319 (best) | loss=0.2550
11:09:31 INFO src.train :: epoch 73 | val_acc=0.8325 (best) | loss=0.2354
11:09:33 INFO src.train :: epoch 83 | val_acc=0.8329 (best) | loss=0.2085
11:09:37 INFO src.train :: Early stop at epoch 103 (no improvement for 20 epochs)
11:09:37 INFO src.train :: Trial 20/20 [random] | params={'lr': 0.005, 'weight_decay': 0.001, 'hidden_channels': 128, 'dropout': 0.3}
11:09:37 INFO src.train :: train_model: encoder=tfidf model=GCN seed=19 device=auto
11:09:38 INFO src.train :: epoch 1 | val_acc=0.0051 (best) | loss=3.9332
11:09:39 INFO src.train :: epoch 5 | val_acc=0.0067 (best) | loss=3.1675
11:09:39 INFO src.train :: epoch 6 | val_acc=0.3838 (best) | loss=2.8325
/home/infres/abertrand-24/miniconda3/envs/env_gnn/lib/python3.11/site-packages/torch/optim/lr_scheduler.py:232: UserWarning: The epoch parameter in `scheduler.step()` was not necessary and is being deprecated where possible. Please use `scheduler.step()` to step the scheduler. During the deprecation, if epoch is different from None, the closed form is used instead of the new chainable form, where available. Please open an issue if you are unable to replicate your use case: https://github.com/pytorch/pytorch/issues/new/choose.
  warnings.warn(EPOCH_DEPRECATION_WARNING, UserWarning)
11:09:41 INFO src.train :: epoch 24 | val_acc=0.3838 (best) | loss=0.6305
11:09:41 INFO src.train :: epoch 25 | val_acc=0.3856 (best) | loss=0.6061
11:09:41 INFO src.train :: epoch 26 | val_acc=0.3883 (best) | loss=0.5889
11:09:41 INFO src.train :: epoch 27 | val_acc=0.3930 (best) | loss=0.5685
11:09:41 INFO src.train :: epoch 28 | val_acc=0.4002 (best) | loss=0.5519
11:09:41 INFO src.train :: epoch 29 | val_acc=0.4102 (best) | loss=0.5368
11:09:42 INFO src.train :: epoch 30 | val_acc=0.4210 (best) | loss=0.5261
11:09:42 INFO src.train :: epoch 31 | val_acc=0.4372 (best) | loss=0.5106
11:09:42 INFO src.train :: epoch 32 | val_acc=0.4553 (best) | loss=0.5007
11:09:42 INFO src.train :: epoch 33 | val_acc=0.4730 (best) | loss=0.4872
11:09:42 INFO src.train :: epoch 34 | val_acc=0.4935 (best) | loss=0.4767
11:09:42 INFO src.train :: epoch 35 | val_acc=0.5147 (best) | loss=0.4701
11:09:42 INFO src.train :: epoch 36 | val_acc=0.5356 (best) | loss=0.4589
11:09:42 INFO src.train :: epoch 37 | val_acc=0.5562 (best) | loss=0.4474
11:09:43 INFO src.train :: epoch 38 | val_acc=0.5740 (best) | loss=0.4386
11:09:43 INFO src.train :: epoch 39 | val_acc=0.5902 (best) | loss=0.4293
11:09:43 INFO src.train :: epoch 40 | val_acc=0.6033 (best) | loss=0.4220
11:09:43 INFO src.train :: epoch 41 | val_acc=0.6139 (best) | loss=0.4133
11:09:43 INFO src.train :: epoch 42 | val_acc=0.6249 (best) | loss=0.4085
11:09:43 INFO src.train :: epoch 43 | val_acc=0.6334 (best) | loss=0.4005
11:09:43 INFO src.train :: epoch 44 | val_acc=0.6421 (best) | loss=0.3919
11:09:44 INFO src.train :: epoch 45 | val_acc=0.6506 (best) | loss=0.3853
11:09:44 INFO src.train :: epoch 46 | val_acc=0.6578 (best) | loss=0.3787
11:09:44 INFO src.train :: epoch 47 | val_acc=0.6645 (best) | loss=0.3713
11:09:44 INFO src.train :: epoch 48 | val_acc=0.6713 (best) | loss=0.3649
11:09:44 INFO src.train :: epoch 49 | val_acc=0.6789 (best) | loss=0.3607
11:09:44 INFO src.train :: epoch 50 | val_acc=0.6859 (best) | loss=0.3515
11:09:44 INFO src.train :: epoch 51 | val_acc=0.6917 (best) | loss=0.3440
11:09:44 INFO src.train :: epoch 52 | val_acc=0.6982 (best) | loss=0.3372
11:09:45 INFO src.train :: epoch 53 | val_acc=0.7042 (best) | loss=0.3358
11:09:45 INFO src.train :: epoch 54 | val_acc=0.7079 (best) | loss=0.3292
11:09:45 INFO src.train :: epoch 55 | val_acc=0.7128 (best) | loss=0.3225
11:09:45 INFO src.train :: epoch 56 | val_acc=0.7188 (best) | loss=0.3181
11:09:45 INFO src.train :: epoch 57 | val_acc=0.7250 (best) | loss=0.3113
11:09:45 INFO src.train :: epoch 58 | val_acc=0.7296 (best) | loss=0.3072
11:09:45 INFO src.train :: epoch 59 | val_acc=0.7352 (best) | loss=0.3011
11:09:45 INFO src.train :: epoch 60 | val_acc=0.7400 (best) | loss=0.2970
11:09:46 INFO src.train :: epoch 61 | val_acc=0.7443 (best) | loss=0.2935
11:09:46 INFO src.train :: epoch 62 | val_acc=0.7485 (best) | loss=0.2868
11:09:46 INFO src.train :: epoch 63 | val_acc=0.7527 (best) | loss=0.2842
11:09:46 INFO src.train :: epoch 64 | val_acc=0.7571 (best) | loss=0.2805
11:09:46 INFO src.train :: epoch 65 | val_acc=0.7621 (best) | loss=0.2729
11:09:46 INFO src.train :: epoch 66 | val_acc=0.7660 (best) | loss=0.2698
11:09:46 INFO src.train :: epoch 67 | val_acc=0.7699 (best) | loss=0.2652
11:09:46 INFO src.train :: epoch 68 | val_acc=0.7721 (best) | loss=0.2611
11:09:47 INFO src.train :: epoch 69 | val_acc=0.7746 (best) | loss=0.2592
11:09:47 INFO src.train :: epoch 70 | val_acc=0.7767 (best) | loss=0.2554
11:09:47 INFO src.train :: epoch 71 | val_acc=0.7804 (best) | loss=0.2530
11:09:47 INFO src.train :: epoch 72 | val_acc=0.7831 (best) | loss=0.2498
11:09:47 INFO src.train :: epoch 73 | val_acc=0.7847 (best) | loss=0.2457
11:09:47 INFO src.train :: epoch 74 | val_acc=0.7867 (best) | loss=0.2437
11:09:47 INFO src.train :: epoch 75 | val_acc=0.7879 (best) | loss=0.2385
11:09:48 INFO src.train :: epoch 76 | val_acc=0.7923 (best) | loss=0.2370
11:09:48 INFO src.train :: epoch 77 | val_acc=0.7964 (best) | loss=0.2327
11:09:48 INFO src.train :: epoch 78 | val_acc=0.7986 (best) | loss=0.2311
11:09:48 INFO src.train :: epoch 80 | val_acc=0.8015 (best) | loss=0.2270
11:09:48 INFO src.train :: epoch 81 | val_acc=0.8050 (best) | loss=0.2258
11:09:48 INFO src.train :: epoch 82 | val_acc=0.8075 (best) | loss=0.2231
11:09:49 INFO src.train :: epoch 84 | val_acc=0.8083 (best) | loss=0.2185
11:09:49 INFO src.train :: epoch 85 | val_acc=0.8108 (best) | loss=0.2164
11:09:49 INFO src.train :: epoch 88 | val_acc=0.8148 (best) | loss=0.2129
11:09:49 INFO src.train :: epoch 91 | val_acc=0.8163 (best) | loss=0.2067
11:09:49 INFO src.train :: epoch 92 | val_acc=0.8189 (best) | loss=0.2061
11:09:50 INFO src.train :: epoch 94 | val_acc=0.8190 (best) | loss=0.2020
11:09:50 INFO src.train :: epoch 100 | val_acc=0.8203 (best) | loss=0.1939
11:09:51 INFO src.train :: epoch 103 | val_acc=0.8226 (best) | loss=0.1913
11:09:51 INFO src.train :: epoch 106 | val_acc=0.8228 (best) | loss=0.1863
11:09:51 INFO src.train :: epoch 107 | val_acc=0.8242 (best) | loss=0.1855
11:09:54 INFO src.train :: Early stop at epoch 127 (no improvement for 20 epochs)
11:09:54 INFO src.train :: Hparam search done. best_val=0.8365 best_params={'lr': 0.01, 'weight_decay': 0.001, 'hidden_channels': 256, 'dropout': 0.5}
11:09:54 INFO __main__ :: Best hparams (val_acc=0.8365): {'lr': 0.01, 'weight_decay': 0.001, 'hidden_channels': 256, 'dropout': 0.5}
11:09:54 INFO __main__ :: Step 2: Seed sweep (5 runs) …
11:09:54 INFO src.train :: train_model: encoder=tfidf model=GCN seed=0 device=auto
11:09:54 INFO src.train :: epoch 1 | val_acc=0.0012 (best) | loss=3.9376
11:09:55 INFO src.train :: epoch 3 | val_acc=0.0873 (best) | loss=3.5710
11:09:55 INFO src.train :: epoch 4 | val_acc=0.4404 (best) | loss=2.9760
/home/infres/abertrand-24/miniconda3/envs/env_gnn/lib/python3.11/site-packages/torch/optim/lr_scheduler.py:232: UserWarning: The epoch parameter in `scheduler.step()` was not necessary and is being deprecated where possible. Please use `scheduler.step()` to step the scheduler. During the deprecation, if epoch is different from None, the closed form is used instead of the new chainable form, where available. Please open an issue if you are unable to replicate your use case: https://github.com/pytorch/pytorch/issues/new/choose.
  warnings.warn(EPOCH_DEPRECATION_WARNING, UserWarning)
11:09:59 INFO src.train :: epoch 24 | val_acc=0.4438 (best) | loss=0.5068
11:09:59 INFO src.train :: epoch 25 | val_acc=0.4507 (best) | loss=0.4977
11:10:00 INFO src.train :: epoch 26 | val_acc=0.4575 (best) | loss=0.4869
11:10:00 INFO src.train :: epoch 27 | val_acc=0.4631 (best) | loss=0.4758
11:10:00 INFO src.train :: epoch 28 | val_acc=0.4676 (best) | loss=0.4689
11:10:00 INFO src.train :: epoch 29 | val_acc=0.4685 (best) | loss=0.4604
11:10:02 INFO src.train :: epoch 37 | val_acc=0.4688 (best) | loss=0.3836
11:10:02 INFO src.train :: epoch 38 | val_acc=0.4696 (best) | loss=0.3704
11:10:03 INFO src.train :: epoch 43 | val_acc=0.4726 (best) | loss=0.3307
11:10:04 INFO src.train :: epoch 44 | val_acc=0.4765 (best) | loss=0.3251
11:10:04 INFO src.train :: epoch 47 | val_acc=0.4791 (best) | loss=0.3082
11:10:04 INFO src.train :: epoch 48 | val_acc=0.4824 (best) | loss=0.3063
11:10:05 INFO src.train :: epoch 49 | val_acc=0.4831 (best) | loss=0.3005
11:10:05 INFO src.train :: epoch 50 | val_acc=0.4889 (best) | loss=0.2982
11:10:05 INFO src.train :: epoch 51 | val_acc=0.4915 (best) | loss=0.2933
11:10:05 INFO src.train :: epoch 52 | val_acc=0.4921 (best) | loss=0.2883
11:10:06 INFO src.train :: epoch 54 | val_acc=0.5043 (best) | loss=0.2885
11:10:06 INFO src.train :: epoch 55 | val_acc=0.5076 (best) | loss=0.2820
11:10:06 INFO src.train :: epoch 56 | val_acc=0.5083 (best) | loss=0.2795
11:10:07 INFO src.train :: epoch 57 | val_acc=0.5207 (best) | loss=0.2782
11:10:07 INFO src.train :: epoch 58 | val_acc=0.5353 (best) | loss=0.2719
11:10:07 INFO src.train :: epoch 59 | val_acc=0.5433 (best) | loss=0.2732
11:10:07 INFO src.train :: epoch 60 | val_acc=0.5477 (best) | loss=0.2693
11:10:07 INFO src.train :: epoch 61 | val_acc=0.5581 (best) | loss=0.2660
11:10:08 INFO src.train :: epoch 62 | val_acc=0.5759 (best) | loss=0.2638
11:10:08 INFO src.train :: epoch 63 | val_acc=0.5845 (best) | loss=0.2630
11:10:08 INFO src.train :: epoch 64 | val_acc=0.5962 (best) | loss=0.2652
11:10:08 INFO src.train :: epoch 65 | val_acc=0.6142 (best) | loss=0.2578
11:10:09 INFO src.train :: epoch 66 | val_acc=0.6257 (best) | loss=0.2577
11:10:09 INFO src.train :: epoch 67 | val_acc=0.6335 (best) | loss=0.2530
11:10:09 INFO src.train :: epoch 68 | val_acc=0.6504 (best) | loss=0.2525
11:10:09 INFO src.train :: epoch 69 | val_acc=0.6652 (best) | loss=0.2504
11:10:10 INFO src.train :: epoch 70 | val_acc=0.6767 (best) | loss=0.2499
11:10:10 INFO src.train :: epoch 71 | val_acc=0.6905 (best) | loss=0.2520
11:10:10 INFO src.train :: epoch 72 | val_acc=0.7075 (best) | loss=0.2495
11:10:10 INFO src.train :: epoch 73 | val_acc=0.7160 (best) | loss=0.2488
11:10:10 INFO src.train :: epoch 74 | val_acc=0.7171 (best) | loss=0.2439
11:10:11 INFO src.train :: epoch 75 | val_acc=0.7298 (best) | loss=0.2463
11:10:11 INFO src.train :: epoch 76 | val_acc=0.7416 (best) | loss=0.2426
11:10:11 INFO src.train :: epoch 77 | val_acc=0.7464 (best) | loss=0.2471
11:10:11 INFO src.train :: epoch 78 | val_acc=0.7580 (best) | loss=0.2393
11:10:12 INFO src.train :: epoch 79 | val_acc=0.7655 (best) | loss=0.2354
11:10:12 INFO src.train :: epoch 80 | val_acc=0.7680 (best) | loss=0.2378
11:10:12 INFO src.train :: epoch 81 | val_acc=0.7716 (best) | loss=0.2327
11:10:12 INFO src.train :: epoch 82 | val_acc=0.7799 (best) | loss=0.2349
11:10:13 INFO src.train :: epoch 83 | val_acc=0.7838 (best) | loss=0.2319
11:10:13 INFO src.train :: epoch 84 | val_acc=0.7885 (best) | loss=0.2340
11:10:13 INFO src.train :: epoch 85 | val_acc=0.7953 (best) | loss=0.2323
11:10:13 INFO src.train :: epoch 86 | val_acc=0.7961 (best) | loss=0.2298
11:10:13 INFO src.train :: epoch 87 | val_acc=0.7980 (best) | loss=0.2329
11:10:14 INFO src.train :: epoch 88 | val_acc=0.8041 (best) | loss=0.2250
11:10:14 INFO src.train :: epoch 89 | val_acc=0.8100 (best) | loss=0.2276
11:10:14 INFO src.train :: epoch 90 | val_acc=0.8134 (best) | loss=0.2261
11:10:15 INFO src.train :: epoch 92 | val_acc=0.8170 (best) | loss=0.2256
11:10:15 INFO src.train :: epoch 93 | val_acc=0.8201 (best) | loss=0.2246
11:10:15 INFO src.train :: epoch 94 | val_acc=0.8213 (best) | loss=0.2250
11:10:15 INFO src.train :: epoch 95 | val_acc=0.8228 (best) | loss=0.2183
11:10:16 INFO src.train :: epoch 96 | val_acc=0.8261 (best) | loss=0.2186
11:10:16 INFO src.train :: epoch 99 | val_acc=0.8283 (best) | loss=0.2139
11:10:17 INFO src.train :: epoch 104 | val_acc=0.8290 (best) | loss=0.2097
11:10:17 INFO src.train :: epoch 105 | val_acc=0.8294 (best) | loss=0.2067
11:10:18 INFO src.train :: epoch 106 | val_acc=0.8294 (best) | loss=0.2101
11:10:18 INFO src.train :: epoch 108 | val_acc=0.8297 (best) | loss=0.2089
11:10:18 INFO src.train :: epoch 109 | val_acc=0.8304 (best) | loss=0.2046
11:10:19 INFO src.train :: epoch 111 | val_acc=0.8310 (best) | loss=0.2057
11:10:19 INFO src.train :: epoch 112 | val_acc=0.8312 (best) | loss=0.2024
11:10:19 INFO src.train :: epoch 114 | val_acc=0.8319 (best) | loss=0.2072
11:10:20 INFO src.train :: epoch 115 | val_acc=0.8329 (best) | loss=0.2010
11:10:20 INFO src.train :: epoch 116 | val_acc=0.8339 (best) | loss=0.2013
11:10:21 INFO src.train :: epoch 120 | val_acc=0.8346 (best) | loss=0.1921
11:10:23 INFO src.train :: epoch 132 | val_acc=0.8352 (best) | loss=0.1806
11:10:24 INFO src.train :: epoch 133 | val_acc=0.8360 (best) | loss=0.1805
11:10:24 INFO src.train :: epoch 136 | val_acc=0.8361 (best) | loss=0.1805
11:10:24 INFO src.train :: epoch 137 | val_acc=0.8377 (best) | loss=0.1736
11:10:29 INFO src.train :: Early stop at epoch 157 (no improvement for 20 epochs)
11:10:29 INFO __main__ :: Seed 0 done: test_acc=0.8405 | wrote h1_tfidf_GCN_seed0.json
11:10:29 INFO src.eval.harness :: seed=0 -> {'val_metric': 0.8377, 'test_accuracy': 0.8405, 'test_f1_macro': 0.3469, 'test_f1_weighted': 0.8366, 'runtime_seconds': 34.39}
11:10:29 INFO src.train :: train_model: encoder=tfidf model=GCN seed=1 device=auto
11:10:29 INFO src.train :: epoch 1 | val_acc=0.0001 (best) | loss=3.9205
11:10:30 INFO src.train :: epoch 4 | val_acc=0.4038 (best) | loss=2.9398
/home/infres/abertrand-24/miniconda3/envs/env_gnn/lib/python3.11/site-packages/torch/optim/lr_scheduler.py:232: UserWarning: The epoch parameter in `scheduler.step()` was not necessary and is being deprecated where possible. Please use `scheduler.step()` to step the scheduler. During the deprecation, if epoch is different from None, the closed form is used instead of the new chainable form, where available. Please open an issue if you are unable to replicate your use case: https://github.com/pytorch/pytorch/issues/new/choose.
  warnings.warn(EPOCH_DEPRECATION_WARNING, UserWarning)
11:10:33 INFO src.train :: epoch 19 | val_acc=0.4070 (best) | loss=0.5774
11:10:33 INFO src.train :: epoch 20 | val_acc=0.4154 (best) | loss=0.5585
11:10:34 INFO src.train :: epoch 21 | val_acc=0.4274 (best) | loss=0.5458
11:10:34 INFO src.train :: epoch 22 | val_acc=0.4376 (best) | loss=0.5314
11:10:34 INFO src.train :: epoch 23 | val_acc=0.4475 (best) | loss=0.5182
11:10:34 INFO src.train :: epoch 24 | val_acc=0.4565 (best) | loss=0.5068
11:10:35 INFO src.train :: epoch 25 | val_acc=0.4644 (best) | loss=0.4988
11:10:35 INFO src.train :: epoch 26 | val_acc=0.4710 (best) | loss=0.4865
11:10:35 INFO src.train :: epoch 27 | val_acc=0.4758 (best) | loss=0.4739
11:10:35 INFO src.train :: epoch 28 | val_acc=0.4787 (best) | loss=0.4652
11:10:36 INFO src.train :: epoch 29 | val_acc=0.4802 (best) | loss=0.4545
11:10:36 INFO src.train :: epoch 33 | val_acc=0.4804 (best) | loss=0.4155
11:10:37 INFO src.train :: epoch 34 | val_acc=0.4818 (best) | loss=0.4076
11:10:40 INFO src.train :: epoch 49 | val_acc=0.4847 (best) | loss=0.2998
11:10:40 INFO src.train :: epoch 50 | val_acc=0.4868 (best) | loss=0.2944
11:10:40 INFO src.train :: epoch 51 | val_acc=0.4922 (best) | loss=0.2904
11:10:40 INFO src.train :: epoch 52 | val_acc=0.4936 (best) | loss=0.2890
11:10:41 INFO src.train :: epoch 53 | val_acc=0.4950 (best) | loss=0.2883
11:10:41 INFO src.train :: epoch 54 | val_acc=0.5019 (best) | loss=0.2832
11:10:41 INFO src.train :: epoch 55 | val_acc=0.5083 (best) | loss=0.2790
11:10:41 INFO src.train :: epoch 56 | val_acc=0.5098 (best) | loss=0.2788
11:10:42 INFO src.train :: epoch 57 | val_acc=0.5209 (best) | loss=0.2736
11:10:42 INFO src.train :: epoch 58 | val_acc=0.5344 (best) | loss=0.2702
11:10:42 INFO src.train :: epoch 59 | val_acc=0.5441 (best) | loss=0.2687
11:10:42 INFO src.train :: epoch 60 | val_acc=0.5503 (best) | loss=0.2736
11:10:42 INFO src.train :: epoch 61 | val_acc=0.5603 (best) | loss=0.2625
11:10:43 INFO src.train :: epoch 62 | val_acc=0.5787 (best) | loss=0.2633
11:10:43 INFO src.train :: epoch 63 | val_acc=0.5893 (best) | loss=0.2632
11:10:43 INFO src.train :: epoch 64 | val_acc=0.5927 (best) | loss=0.2566
11:10:43 INFO src.train :: epoch 65 | val_acc=0.6031 (best) | loss=0.2550
11:10:44 INFO src.train :: epoch 66 | val_acc=0.6189 (best) | loss=0.2550
11:10:44 INFO src.train :: epoch 67 | val_acc=0.6347 (best) | loss=0.2526
11:10:44 INFO src.train :: epoch 68 | val_acc=0.6521 (best) | loss=0.2504
11:10:44 INFO src.train :: epoch 69 | val_acc=0.6653 (best) | loss=0.2497
11:10:45 INFO src.train :: epoch 70 | val_acc=0.6766 (best) | loss=0.2492
11:10:45 INFO src.train :: epoch 71 | val_acc=0.6850 (best) | loss=0.2447
11:10:45 INFO src.train :: epoch 72 | val_acc=0.6914 (best) | loss=0.2463
11:10:45 INFO src.train :: epoch 73 | val_acc=0.7045 (best) | loss=0.2425
11:10:45 INFO src.train :: epoch 74 | val_acc=0.7177 (best) | loss=0.2418
11:10:46 INFO src.train :: epoch 75 | val_acc=0.7246 (best) | loss=0.2396
11:10:46 INFO src.train :: epoch 76 | val_acc=0.7385 (best) | loss=0.2376
11:10:46 INFO src.train :: epoch 77 | val_acc=0.7470 (best) | loss=0.2400
11:10:46 INFO src.train :: epoch 78 | val_acc=0.7537 (best) | loss=0.2324
11:10:47 INFO src.train :: epoch 79 | val_acc=0.7626 (best) | loss=0.2368
11:10:47 INFO src.train :: epoch 80 | val_acc=0.7690 (best) | loss=0.2300
11:10:47 INFO src.train :: epoch 81 | val_acc=0.7742 (best) | loss=0.2319
11:10:47 INFO src.train :: epoch 82 | val_acc=0.7745 (best) | loss=0.2293
11:10:48 INFO src.train :: epoch 83 | val_acc=0.7815 (best) | loss=0.2288
11:10:48 INFO src.train :: epoch 84 | val_acc=0.7879 (best) | loss=0.2255
11:10:48 INFO src.train :: epoch 85 | val_acc=0.7904 (best) | loss=0.2265
11:10:48 INFO src.train :: epoch 86 | val_acc=0.7918 (best) | loss=0.2256
11:10:48 INFO src.train :: epoch 87 | val_acc=0.7930 (best) | loss=0.2224
11:10:49 INFO src.train :: epoch 88 | val_acc=0.8006 (best) | loss=0.2231
11:10:49 INFO src.train :: epoch 89 | val_acc=0.8064 (best) | loss=0.2268
11:10:49 INFO src.train :: epoch 90 | val_acc=0.8111 (best) | loss=0.2195
11:10:50 INFO src.train :: epoch 92 | val_acc=0.8145 (best) | loss=0.2230
11:10:50 INFO src.train :: epoch 93 | val_acc=0.8190 (best) | loss=0.2239
11:10:50 INFO src.train :: epoch 95 | val_acc=0.8219 (best) | loss=0.2163
11:10:51 INFO src.train :: epoch 96 | val_acc=0.8236 (best) | loss=0.2156
11:10:51 INFO src.train :: epoch 98 | val_acc=0.8246 (best) | loss=0.2148
11:10:51 INFO src.train :: epoch 99 | val_acc=0.8265 (best) | loss=0.2122
11:10:52 INFO src.train :: epoch 103 | val_acc=0.8267 (best) | loss=0.2061
11:10:52 INFO src.train :: epoch 104 | val_acc=0.8286 (best) | loss=0.2057
11:10:53 INFO src.train :: epoch 106 | val_acc=0.8294 (best) | loss=0.2016
11:10:53 INFO src.train :: epoch 107 | val_acc=0.8303 (best) | loss=0.2021
11:10:53 INFO src.train :: epoch 109 | val_acc=0.8313 (best) | loss=0.1988
11:10:54 INFO src.train :: epoch 112 | val_acc=0.8315 (best) | loss=0.1996
11:10:54 INFO src.train :: epoch 113 | val_acc=0.8334 (best) | loss=0.1964
11:10:55 INFO src.train :: epoch 117 | val_acc=0.8336 (best) | loss=0.1945
11:10:59 INFO src.train :: epoch 135 | val_acc=0.8344 (best) | loss=0.1739
11:10:59 INFO src.train :: epoch 136 | val_acc=0.8348 (best) | loss=0.1719
11:10:59 INFO src.train :: epoch 137 | val_acc=0.8354 (best) | loss=0.1728
11:11:03 INFO src.train :: Early stop at epoch 157 (no improvement for 20 epochs)
11:11:04 INFO __main__ :: Seed 1 done: test_acc=0.8393 | wrote h1_tfidf_GCN_seed1.json
11:11:04 INFO src.eval.harness :: seed=1 -> {'val_metric': 0.8354, 'test_accuracy': 0.8393, 'test_f1_macro': 0.3475, 'test_f1_weighted': 0.8352, 'runtime_seconds': 34.25}
11:11:04 INFO src.train :: train_model: encoder=tfidf model=GCN seed=2 device=auto
11:11:04 INFO src.train :: epoch 1 | val_acc=0.0850 (best) | loss=3.8137
11:11:05 INFO src.train :: epoch 2 | val_acc=0.0870 (best) | loss=3.8139
11:11:05 INFO src.train :: epoch 3 | val_acc=0.0924 (best) | loss=3.4634
11:11:05 INFO src.train :: epoch 4 | val_acc=0.1322 (best) | loss=2.8808
11:11:05 INFO src.train :: epoch 5 | val_acc=0.4767 (best) | loss=2.2864
/home/infres/abertrand-24/miniconda3/envs/env_gnn/lib/python3.11/site-packages/torch/optim/lr_scheduler.py:232: UserWarning: The epoch parameter in `scheduler.step()` was not necessary and is being deprecated where possible. Please use `scheduler.step()` to step the scheduler. During the deprecation, if epoch is different from None, the closed form is used instead of the new chainable form, where available. Please open an issue if you are unable to replicate your use case: https://github.com/pytorch/pytorch/issues/new/choose.
  warnings.warn(EPOCH_DEPRECATION_WARNING, UserWarning)
11:11:09 INFO src.train :: epoch 25 | val_acc=0.4798 (best) | loss=0.4876
11:11:10 INFO src.train :: epoch 26 | val_acc=0.4862 (best) | loss=0.4785
11:11:10 INFO src.train :: epoch 27 | val_acc=0.4892 (best) | loss=0.4708
11:11:10 INFO src.train :: epoch 28 | val_acc=0.4900 (best) | loss=0.4583
11:11:14 INFO src.train :: Early stop at epoch 48 (no improvement for 20 epochs)
11:11:14 INFO __main__ :: Seed 2 done: test_acc=0.4851 | wrote h1_tfidf_GCN_seed2.json
11:11:14 INFO src.eval.harness :: seed=2 -> {'val_metric': 0.49, 'test_accuracy': 0.4851, 'test_f1_macro': 0.0837, 'test_f1_weighted': 0.3957, 'runtime_seconds': 10.11}
11:11:14 INFO src.train :: train_model: encoder=tfidf model=GCN seed=3 device=auto
11:11:15 INFO src.train :: epoch 1 | val_acc=0.0469 (best) | loss=3.9560
11:11:15 INFO src.train :: epoch 2 | val_acc=0.0786 (best) | loss=3.9536
11:11:16 INFO src.train :: epoch 5 | val_acc=0.3675 (best) | loss=2.4060
11:11:16 INFO src.train :: epoch 6 | val_acc=0.4265 (best) | loss=1.8956
/home/infres/abertrand-24/miniconda3/envs/env_gnn/lib/python3.11/site-packages/torch/optim/lr_scheduler.py:232: UserWarning: The epoch parameter in `scheduler.step()` was not necessary and is being deprecated where possible. Please use `scheduler.step()` to step the scheduler. During the deprecation, if epoch is different from None, the closed form is used instead of the new chainable form, where available. Please open an issue if you are unable to replicate your use case: https://github.com/pytorch/pytorch/issues/new/choose.
  warnings.warn(EPOCH_DEPRECATION_WARNING, UserWarning)
11:11:20 INFO src.train :: epoch 23 | val_acc=0.4314 (best) | loss=0.5185
11:11:20 INFO src.train :: epoch 24 | val_acc=0.4400 (best) | loss=0.5085
11:11:20 INFO src.train :: epoch 25 | val_acc=0.4482 (best) | loss=0.4953
11:11:20 INFO src.train :: epoch 26 | val_acc=0.4542 (best) | loss=0.4844
11:11:21 INFO src.train :: epoch 27 | val_acc=0.4603 (best) | loss=0.4772
11:11:21 INFO src.train :: epoch 28 | val_acc=0.4619 (best) | loss=0.4675
11:11:21 INFO src.train :: epoch 29 | val_acc=0.4640 (best) | loss=0.4598
11:11:25 INFO src.train :: Early stop at epoch 49 (no improvement for 20 epochs)
11:11:25 INFO __main__ :: Seed 3 done: test_acc=0.4603 | wrote h1_tfidf_GCN_seed3.json
11:11:25 INFO src.eval.harness :: seed=3 -> {'val_metric': 0.464, 'test_accuracy': 0.4603, 'test_f1_macro': 0.071, 'test_f1_weighted': 0.3592, 'runtime_seconds': 10.36}
11:11:25 INFO src.train :: train_model: encoder=tfidf model=GCN seed=4 device=auto
11:11:26 INFO src.train :: epoch 1 | val_acc=0.0001 (best) | loss=4.0246
11:11:26 INFO src.train :: epoch 2 | val_acc=0.0204 (best) | loss=4.0162
11:11:27 INFO src.train :: epoch 3 | val_acc=0.3714 (best) | loss=3.6434
11:11:27 INFO src.train :: epoch 4 | val_acc=0.3745 (best) | loss=3.0169
11:11:27 INFO src.train :: epoch 5 | val_acc=0.3776 (best) | loss=2.3728
11:11:27 INFO src.train :: epoch 6 | val_acc=0.3798 (best) | loss=1.8473
11:11:27 INFO src.train :: epoch 7 | val_acc=0.3813 (best) | loss=1.4610
11:11:28 INFO src.train :: epoch 8 | val_acc=0.3818 (best) | loss=1.2078
/home/infres/abertrand-24/miniconda3/envs/env_gnn/lib/python3.11/site-packages/torch/optim/lr_scheduler.py:232: UserWarning: The epoch parameter in `scheduler.step()` was not necessary and is being deprecated where possible. Please use `scheduler.step()` to step the scheduler. During the deprecation, if epoch is different from None, the closed form is used instead of the new chainable form, where available. Please open an issue if you are unable to replicate your use case: https://github.com/pytorch/pytorch/issues/new/choose.
  warnings.warn(EPOCH_DEPRECATION_WARNING, UserWarning)
11:11:29 INFO src.train :: epoch 15 | val_acc=0.3824 (best) | loss=0.6678
11:11:29 INFO src.train :: epoch 16 | val_acc=0.3860 (best) | loss=0.6438
11:11:30 INFO src.train :: epoch 17 | val_acc=0.3906 (best) | loss=0.6173
11:11:30 INFO src.train :: epoch 18 | val_acc=0.3954 (best) | loss=0.5979
11:11:30 INFO src.train :: epoch 19 | val_acc=0.4012 (best) | loss=0.5790
11:11:30 INFO src.train :: epoch 20 | val_acc=0.4102 (best) | loss=0.5667
11:11:31 INFO src.train :: epoch 21 | val_acc=0.4194 (best) | loss=0.5513
11:11:31 INFO src.train :: epoch 22 | val_acc=0.4297 (best) | loss=0.5375
11:11:31 INFO src.train :: epoch 23 | val_acc=0.4398 (best) | loss=0.5246
11:11:31 INFO src.train :: epoch 24 | val_acc=0.4490 (best) | loss=0.5094
11:11:31 INFO src.train :: epoch 25 | val_acc=0.4584 (best) | loss=0.5016
11:11:32 INFO src.train :: epoch 26 | val_acc=0.4658 (best) | loss=0.4921
11:11:32 INFO src.train :: epoch 27 | val_acc=0.4725 (best) | loss=0.4822
11:11:32 INFO src.train :: epoch 28 | val_acc=0.4766 (best) | loss=0.4721
11:11:32 INFO src.train :: epoch 29 | val_acc=0.4785 (best) | loss=0.4648
11:11:33 INFO src.train :: epoch 31 | val_acc=0.4792 (best) | loss=0.4448
11:11:33 INFO src.train :: epoch 32 | val_acc=0.4793 (best) | loss=0.4338
11:11:33 INFO src.train :: epoch 33 | val_acc=0.4795 (best) | loss=0.4270
11:11:36 INFO src.train :: epoch 44 | val_acc=0.4827 (best) | loss=0.3366
11:11:36 INFO src.train :: epoch 45 | val_acc=0.4842 (best) | loss=0.3279
11:11:36 INFO src.train :: epoch 47 | val_acc=0.4843 (best) | loss=0.3162
11:11:36 INFO src.train :: epoch 48 | val_acc=0.4852 (best) | loss=0.3106
11:11:37 INFO src.train :: epoch 49 | val_acc=0.4883 (best) | loss=0.3100
11:11:37 INFO src.train :: epoch 50 | val_acc=0.4935 (best) | loss=0.3024
11:11:37 INFO src.train :: epoch 52 | val_acc=0.4937 (best) | loss=0.2949
11:11:38 INFO src.train :: epoch 53 | val_acc=0.5008 (best) | loss=0.2962
11:11:38 INFO src.train :: epoch 54 | val_acc=0.5054 (best) | loss=0.2880
11:11:38 INFO src.train :: epoch 55 | val_acc=0.5082 (best) | loss=0.2827
11:11:38 INFO src.train :: epoch 56 | val_acc=0.5194 (best) | loss=0.2796
11:11:39 INFO src.train :: epoch 57 | val_acc=0.5198 (best) | loss=0.2806
11:11:39 INFO src.train :: epoch 58 | val_acc=0.5330 (best) | loss=0.2745
11:11:39 INFO src.train :: epoch 59 | val_acc=0.5532 (best) | loss=0.2747
11:11:39 INFO src.train :: epoch 60 | val_acc=0.5589 (best) | loss=0.2692
11:11:39 INFO src.train :: epoch 61 | val_acc=0.5607 (best) | loss=0.2681
11:11:40 INFO src.train :: epoch 62 | val_acc=0.5775 (best) | loss=0.2664
11:11:40 INFO src.train :: epoch 63 | val_acc=0.5967 (best) | loss=0.2624
11:11:40 INFO src.train :: epoch 64 | val_acc=0.6111 (best) | loss=0.2615
11:11:40 INFO src.train :: epoch 65 | val_acc=0.6138 (best) | loss=0.2567
11:11:41 INFO src.train :: epoch 66 | val_acc=0.6223 (best) | loss=0.2600
11:11:41 INFO src.train :: epoch 67 | val_acc=0.6436 (best) | loss=0.2555
11:11:41 INFO src.train :: epoch 68 | val_acc=0.6576 (best) | loss=0.2539
11:11:41 INFO src.train :: epoch 69 | val_acc=0.6671 (best) | loss=0.2516
11:11:42 INFO src.train :: epoch 70 | val_acc=0.6729 (best) | loss=0.2481
11:11:42 INFO src.train :: epoch 71 | val_acc=0.6870 (best) | loss=0.2481
11:11:42 INFO src.train :: epoch 72 | val_acc=0.7070 (best) | loss=0.2433
11:11:42 INFO src.train :: epoch 73 | val_acc=0.7166 (best) | loss=0.2459
11:11:42 INFO src.train :: epoch 74 | val_acc=0.7214 (best) | loss=0.2445
11:11:43 INFO src.train :: epoch 75 | val_acc=0.7321 (best) | loss=0.2394
11:11:43 INFO src.train :: epoch 76 | val_acc=0.7381 (best) | loss=0.2416
11:11:43 INFO src.train :: epoch 77 | val_acc=0.7416 (best) | loss=0.2434
11:11:43 INFO src.train :: epoch 78 | val_acc=0.7567 (best) | loss=0.2436
11:11:44 INFO src.train :: epoch 79 | val_acc=0.7644 (best) | loss=0.2361
11:11:44 INFO src.train :: epoch 80 | val_acc=0.7646 (best) | loss=0.2397
11:11:44 INFO src.train :: epoch 81 | val_acc=0.7715 (best) | loss=0.2389
11:11:44 INFO src.train :: epoch 82 | val_acc=0.7786 (best) | loss=0.2352
11:11:45 INFO src.train :: epoch 83 | val_acc=0.7865 (best) | loss=0.2332
11:11:45 INFO src.train :: epoch 84 | val_acc=0.7900 (best) | loss=0.2306
11:11:45 INFO src.train :: epoch 86 | val_acc=0.7970 (best) | loss=0.2299
11:11:45 INFO src.train :: epoch 87 | val_acc=0.8011 (best) | loss=0.2267
11:11:46 INFO src.train :: epoch 88 | val_acc=0.8021 (best) | loss=0.2247
11:11:46 INFO src.train :: epoch 89 | val_acc=0.8085 (best) | loss=0.2270
11:11:46 INFO src.train :: epoch 90 | val_acc=0.8099 (best) | loss=0.2269
11:11:47 INFO src.train :: epoch 92 | val_acc=0.8175 (best) | loss=0.2224
11:11:47 INFO src.train :: epoch 93 | val_acc=0.8203 (best) | loss=0.2213
11:11:47 INFO src.train :: epoch 94 | val_acc=0.8209 (best) | loss=0.2215
11:11:47 INFO src.train :: epoch 95 | val_acc=0.8218 (best) | loss=0.2179
11:11:48 INFO src.train :: epoch 97 | val_acc=0.8250 (best) | loss=0.2149
11:11:48 INFO src.train :: epoch 98 | val_acc=0.8260 (best) | loss=0.2141
11:11:48 INFO src.train :: epoch 100 | val_acc=0.8274 (best) | loss=0.2120
11:11:49 INFO src.train :: epoch 102 | val_acc=0.8290 (best) | loss=0.2105
11:11:49 INFO src.train :: epoch 105 | val_acc=0.8309 (best) | loss=0.2049
11:11:50 INFO src.train :: epoch 106 | val_acc=0.8311 (best) | loss=0.2045
11:11:50 INFO src.train :: epoch 107 | val_acc=0.8320 (best) | loss=0.2045
11:11:50 INFO src.train :: epoch 109 | val_acc=0.8332 (best) | loss=0.2017
11:11:51 INFO src.train :: epoch 113 | val_acc=0.8335 (best) | loss=0.1985
11:11:52 INFO src.train :: epoch 118 | val_acc=0.8336 (best) | loss=0.1913
11:11:53 INFO src.train :: epoch 119 | val_acc=0.8345 (best) | loss=0.1942
11:11:53 INFO src.train :: epoch 120 | val_acc=0.8347 (best) | loss=0.1924
11:11:53 INFO src.train :: epoch 123 | val_acc=0.8351 (best) | loss=0.1882
11:11:55 INFO src.train :: epoch 129 | val_acc=0.8357 (best) | loss=0.1823
11:11:59 INFO src.train :: Early stop at epoch 149 (no improvement for 20 epochs)
11:11:59 INFO __main__ :: Seed 4 done: test_acc=0.8418 | wrote h1_tfidf_GCN_seed4.json
11:11:59 INFO src.eval.harness :: seed=4 -> {'val_metric': 0.8357, 'test_accuracy': 0.8418, 'test_f1_macro': 0.3453, 'test_f1_weighted': 0.8375, 'runtime_seconds': 32.94}
11:11:59 INFO __main__ :: GCN sweep complete: mean_acc=0.6934 ± 0.2017  CI95=[0.5166, 0.8702]
11:12:00 INFO __main__ :: ============================================================
11:12:00 INFO __main__ :: Model: GraphSAGE | hparam trials: 20 | seed runs: 5
11:12:00 INFO __main__ :: ============================================================
11:12:00 INFO __main__ :: Step 1: Hyperparameter search …
11:12:00 INFO src.train :: Hyperparameter search: model=GraphSAGE encoder=tfidf n_trials=20
11:12:00 INFO src.train :: Trial 1/20 [random] | params={'lr': 0.05, 'weight_decay': 0.0001, 'hidden_channels': 128, 'dropout': 0.0}
11:12:00 INFO src.train :: train_model: encoder=tfidf model=GraphSAGE seed=0 device=auto
11:12:01 INFO src.train :: epoch 1 | val_acc=0.0080 (best) | loss=3.9135
11:12:02 INFO src.train :: epoch 2 | val_acc=0.0865 (best) | loss=3.8593
11:12:02 INFO src.train :: epoch 3 | val_acc=0.2341 (best) | loss=2.5929
11:12:03 INFO src.train :: epoch 4 | val_acc=0.3525 (best) | loss=1.8631
11:12:03 INFO src.train :: epoch 5 | val_acc=0.6402 (best) | loss=1.2908
11:12:04 INFO src.train :: epoch 6 | val_acc=0.7758 (best) | loss=0.9711
11:12:04 INFO src.train :: epoch 7 | val_acc=0.7956 (best) | loss=0.8019
11:12:04 INFO src.train :: epoch 8 | val_acc=0.8022 (best) | loss=0.7016
11:12:05 INFO src.train :: epoch 9 | val_acc=0.8103 (best) | loss=0.6483
/home/infres/abertrand-24/miniconda3/envs/env_gnn/lib/python3.11/site-packages/torch/optim/lr_scheduler.py:232: UserWarning: The epoch parameter in `scheduler.step()` was not necessary and is being deprecated where possible. Please use `scheduler.step()` to step the scheduler. During the deprecation, if epoch is different from None, the closed form is used instead of the new chainable form, where available. Please open an issue if you are unable to replicate your use case: https://github.com/pytorch/pytorch/issues/new/choose.
  warnings.warn(EPOCH_DEPRECATION_WARNING, UserWarning)
11:12:05 INFO src.train :: epoch 10 | val_acc=0.8172 (best) | loss=0.6121
11:12:06 INFO src.train :: epoch 11 | val_acc=0.8210 (best) | loss=0.5756
11:12:06 INFO src.train :: epoch 12 | val_acc=0.8238 (best) | loss=0.5418
11:12:07 INFO src.train :: epoch 13 | val_acc=0.8256 (best) | loss=0.5172
11:12:07 INFO src.train :: epoch 14 | val_acc=0.8257 (best) | loss=0.4976
11:12:07 INFO src.train :: epoch 15 | val_acc=0.8258 (best) | loss=0.4744
11:12:08 INFO src.train :: epoch 16 | val_acc=0.8271 (best) | loss=0.4524
11:12:08 INFO src.train :: epoch 17 | val_acc=0.8322 (best) | loss=0.4328
11:12:09 INFO src.train :: epoch 18 | val_acc=0.8346 (best) | loss=0.4140
11:12:09 INFO src.train :: epoch 19 | val_acc=0.8369 (best) | loss=0.3964
11:12:10 INFO src.train :: epoch 20 | val_acc=0.8392 (best) | loss=0.3806
11:12:12 INFO src.train :: epoch 25 | val_acc=0.8420 (best) | loss=0.3101
11:12:12 INFO src.train :: epoch 26 | val_acc=0.8429 (best) | loss=0.2982
11:12:13 INFO src.train :: epoch 28 | val_acc=0.8440 (best) | loss=0.2749
11:12:14 INFO src.train :: epoch 32 | val_acc=0.8452 (best) | loss=0.2323
11:12:23 INFO src.train :: Early stop at epoch 52 (no improvement for 20 epochs)
11:12:23 INFO src.train ::   → new best val_acc=0.8452 with params={'lr': 0.05, 'weight_decay': 0.0001, 'hidden_channels': 128, 'dropout': 0.0}
11:12:23 INFO src.train :: Trial 2/20 [random] | params={'lr': 0.005, 'weight_decay': 0.0, 'hidden_channels': 64, 'dropout': 0.0}
11:12:23 INFO src.train :: train_model: encoder=tfidf model=GraphSAGE seed=1 device=auto
11:12:24 INFO src.train :: epoch 1 | val_acc=0.0103 (best) | loss=3.8507
11:12:24 INFO src.train :: epoch 3 | val_acc=0.0514 (best) | loss=3.5183
11:12:24 INFO src.train :: epoch 4 | val_acc=0.3160 (best) | loss=3.1583
11:12:25 INFO src.train :: epoch 5 | val_acc=0.3861 (best) | loss=2.9025
11:12:25 INFO src.train :: epoch 6 | val_acc=0.4252 (best) | loss=2.6878
11:12:25 INFO src.train :: epoch 7 | val_acc=0.4292 (best) | loss=2.4875
/home/infres/abertrand-24/miniconda3/envs/env_gnn/lib/python3.11/site-packages/torch/optim/lr_scheduler.py:232: UserWarning: The epoch parameter in `scheduler.step()` was not necessary and is being deprecated where possible. Please use `scheduler.step()` to step the scheduler. During the deprecation, if epoch is different from None, the closed form is used instead of the new chainable form, where available. Please open an issue if you are unable to replicate your use case: https://github.com/pytorch/pytorch/issues/new/choose.
  warnings.warn(EPOCH_DEPRECATION_WARNING, UserWarning)
11:12:26 INFO src.train :: epoch 10 | val_acc=0.4397 (best) | loss=1.9116
11:12:26 INFO src.train :: epoch 11 | val_acc=0.4609 (best) | loss=1.7258
11:12:27 INFO src.train :: epoch 12 | val_acc=0.4781 (best) | loss=1.5475
11:12:27 INFO src.train :: epoch 13 | val_acc=0.5011 (best) | loss=1.3942
11:12:27 INFO src.train :: epoch 14 | val_acc=0.5117 (best) | loss=1.2612
11:12:27 INFO src.train :: epoch 15 | val_acc=0.5196 (best) | loss=1.1448
11:12:28 INFO src.train :: epoch 16 | val_acc=0.5286 (best) | loss=1.0429
11:12:28 INFO src.train :: epoch 17 | val_acc=0.5366 (best) | loss=0.9537
11:12:28 INFO src.train :: epoch 18 | val_acc=0.5468 (best) | loss=0.8760
11:12:29 INFO src.train :: epoch 19 | val_acc=0.5553 (best) | loss=0.8083
11:12:29 INFO src.train :: epoch 20 | val_acc=0.5648 (best) | loss=0.7494
11:12:29 INFO src.train :: epoch 21 | val_acc=0.5741 (best) | loss=0.6981
11:12:30 INFO src.train :: epoch 22 | val_acc=0.5864 (best) | loss=0.6534
11:12:30 INFO src.train :: epoch 23 | val_acc=0.5993 (best) | loss=0.6143
11:12:30 INFO src.train :: epoch 24 | val_acc=0.6122 (best) | loss=0.5799
11:12:30 INFO src.train :: epoch 25 | val_acc=0.6261 (best) | loss=0.5493
11:12:31 INFO src.train :: epoch 26 | val_acc=0.6391 (best) | loss=0.5220
11:12:31 INFO src.train :: epoch 27 | val_acc=0.6525 (best) | loss=0.4973
11:12:31 INFO src.train :: epoch 28 | val_acc=0.6676 (best) | loss=0.4749
11:12:32 INFO src.train :: epoch 29 | val_acc=0.6810 (best) | loss=0.4543
11:12:32 INFO src.train :: epoch 30 | val_acc=0.6948 (best) | loss=0.4354
11:12:32 INFO src.train :: epoch 31 | val_acc=0.7067 (best) | loss=0.4178
11:12:32 INFO src.train :: epoch 32 | val_acc=0.7188 (best) | loss=0.4014
11:12:33 INFO src.train :: epoch 33 | val_acc=0.7287 (best) | loss=0.3861
11:12:33 INFO src.train :: epoch 34 | val_acc=0.7396 (best) | loss=0.3717
11:12:33 INFO src.train :: epoch 35 | val_acc=0.7503 (best) | loss=0.3581
11:12:34 INFO src.train :: epoch 36 | val_acc=0.7596 (best) | loss=0.3452
11:12:34 INFO src.train :: epoch 37 | val_acc=0.7684 (best) | loss=0.3330
11:12:34 INFO src.train :: epoch 38 | val_acc=0.7778 (best) | loss=0.3215
11:12:34 INFO src.train :: epoch 39 | val_acc=0.7839 (best) | loss=0.3105
11:12:35 INFO src.train :: epoch 40 | val_acc=0.7898 (best) | loss=0.3001
11:12:35 INFO src.train :: epoch 41 | val_acc=0.7946 (best) | loss=0.2903
11:12:35 INFO src.train :: epoch 42 | val_acc=0.7993 (best) | loss=0.2809
11:12:36 INFO src.train :: epoch 43 | val_acc=0.8054 (best) | loss=0.2719
11:12:36 INFO src.train :: epoch 44 | val_acc=0.8090 (best) | loss=0.2634
11:12:36 INFO src.train :: epoch 45 | val_acc=0.8117 (best) | loss=0.2553
11:12:36 INFO src.train :: epoch 46 | val_acc=0.8145 (best) | loss=0.2476
11:12:37 INFO src.train :: epoch 47 | val_acc=0.8168 (best) | loss=0.2403
11:12:37 INFO src.train :: epoch 48 | val_acc=0.8200 (best) | loss=0.2333
11:12:37 INFO src.train :: epoch 49 | val_acc=0.8217 (best) | loss=0.2266
11:12:38 INFO src.train :: epoch 50 | val_acc=0.8240 (best) | loss=0.2202
11:12:38 INFO src.train :: epoch 51 | val_acc=0.8250 (best) | loss=0.2140
11:12:38 INFO src.train :: epoch 52 | val_acc=0.8273 (best) | loss=0.2081
11:12:38 INFO src.train :: epoch 53 | val_acc=0.8292 (best) | loss=0.2023
11:12:39 INFO src.train :: epoch 54 | val_acc=0.8303 (best) | loss=0.1968
11:12:39 INFO src.train :: epoch 55 | val_acc=0.8310 (best) | loss=0.1914
11:12:39 INFO src.train :: epoch 56 | val_acc=0.8323 (best) | loss=0.1863
11:12:40 INFO src.train :: epoch 57 | val_acc=0.8331 (best) | loss=0.1813
11:12:40 INFO src.train :: epoch 58 | val_acc=0.8346 (best) | loss=0.1764
11:12:40 INFO src.train :: epoch 59 | val_acc=0.8350 (best) | loss=0.1718
11:12:40 INFO src.train :: epoch 60 | val_acc=0.8352 (best) | loss=0.1673
11:12:41 INFO src.train :: epoch 61 | val_acc=0.8354 (best) | loss=0.1630
11:12:41 INFO src.train :: epoch 62 | val_acc=0.8355 (best) | loss=0.1588
11:12:41 INFO src.train :: epoch 63 | val_acc=0.8358 (best) | loss=0.1548
11:12:42 INFO src.train :: epoch 67 | val_acc=0.8359 (best) | loss=0.1404
11:12:43 INFO src.train :: epoch 71 | val_acc=0.8360 (best) | loss=0.1281
11:12:49 INFO src.train :: Early stop at epoch 91 (no improvement for 20 epochs)
11:12:49 INFO src.train :: Trial 3/20 [random] | params={'lr': 0.005, 'weight_decay': 0.001, 'hidden_channels': 128, 'dropout': 0.5}
11:12:49 INFO src.train :: train_model: encoder=tfidf model=GraphSAGE seed=2 device=auto
11:12:50 INFO src.train :: epoch 1 | val_acc=0.0155 (best) | loss=3.9107
11:12:51 INFO src.train :: epoch 3 | val_acc=0.0185 (best) | loss=3.6116
11:12:51 INFO src.train :: epoch 4 | val_acc=0.0309 (best) | loss=3.2043
11:12:52 INFO src.train :: epoch 5 | val_acc=0.0666 (best) | loss=2.8678
11:12:52 INFO src.train :: epoch 6 | val_acc=0.1307 (best) | loss=2.5932
11:12:53 INFO src.train :: epoch 7 | val_acc=0.1517 (best) | loss=2.3259
11:12:53 INFO src.train :: epoch 8 | val_acc=0.1569 (best) | loss=2.0675
11:12:53 INFO src.train :: epoch 9 | val_acc=0.1622 (best) | loss=1.8194
/home/infres/abertrand-24/miniconda3/envs/env_gnn/lib/python3.11/site-packages/torch/optim/lr_scheduler.py:232: UserWarning: The epoch parameter in `scheduler.step()` was not necessary and is being deprecated where possible. Please use `scheduler.step()` to step the scheduler. During the deprecation, if epoch is different from None, the closed form is used instead of the new chainable form, where available. Please open an issue if you are unable to replicate your use case: https://github.com/pytorch/pytorch/issues/new/choose.
  warnings.warn(EPOCH_DEPRECATION_WARNING, UserWarning)
11:12:54 INFO src.train :: epoch 10 | val_acc=0.1873 (best) | loss=1.6016
11:12:54 INFO src.train :: epoch 11 | val_acc=0.2775 (best) | loss=1.4236
11:12:55 INFO src.train :: epoch 12 | val_acc=0.4002 (best) | loss=1.2718
11:12:55 INFO src.train :: epoch 13 | val_acc=0.4891 (best) | loss=1.1544
11:12:56 INFO src.train :: epoch 14 | val_acc=0.5522 (best) | loss=1.0623
11:12:56 INFO src.train :: epoch 15 | val_acc=0.6009 (best) | loss=0.9848
11:12:56 INFO src.train :: epoch 16 | val_acc=0.6366 (best) | loss=0.9222
11:12:57 INFO src.train :: epoch 17 | val_acc=0.6643 (best) | loss=0.8726
11:12:57 INFO src.train :: epoch 18 | val_acc=0.6772 (best) | loss=0.8263
11:12:58 INFO src.train :: epoch 19 | val_acc=0.6783 (best) | loss=0.7901
11:13:05 INFO src.train :: epoch 36 | val_acc=0.6836 (best) | loss=0.4672
11:13:05 INFO src.train :: epoch 37 | val_acc=0.6964 (best) | loss=0.4606
11:13:05 INFO src.train :: epoch 38 | val_acc=0.7084 (best) | loss=0.4502
11:13:06 INFO src.train :: epoch 39 | val_acc=0.7204 (best) | loss=0.4416
11:13:06 INFO src.train :: epoch 40 | val_acc=0.7304 (best) | loss=0.4322
11:13:07 INFO src.train :: epoch 41 | val_acc=0.7384 (best) | loss=0.4225
11:13:07 INFO src.train :: epoch 42 | val_acc=0.7464 (best) | loss=0.4151
11:13:08 INFO src.train :: epoch 43 | val_acc=0.7538 (best) | loss=0.4046
11:13:08 INFO src.train :: epoch 44 | val_acc=0.7603 (best) | loss=0.3950
11:13:08 INFO src.train :: epoch 45 | val_acc=0.7659 (best) | loss=0.3846
11:13:09 INFO src.train :: epoch 46 | val_acc=0.7703 (best) | loss=0.3781
11:13:09 INFO src.train :: epoch 47 | val_acc=0.7763 (best) | loss=0.3698
11:13:10 INFO src.train :: epoch 48 | val_acc=0.7819 (best) | loss=0.3634
11:13:10 INFO src.train :: epoch 49 | val_acc=0.7864 (best) | loss=0.3556
11:13:11 INFO src.train :: epoch 50 | val_acc=0.7916 (best) | loss=0.3461
11:13:11 INFO src.train :: epoch 51 | val_acc=0.7964 (best) | loss=0.3386
11:13:11 INFO src.train :: epoch 52 | val_acc=0.8012 (best) | loss=0.3332
11:13:12 INFO src.train :: epoch 53 | val_acc=0.8058 (best) | loss=0.3272
11:13:12 INFO src.train :: epoch 54 | val_acc=0.8107 (best) | loss=0.3233
11:13:13 INFO src.train :: epoch 55 | val_acc=0.8134 (best) | loss=0.3158
11:13:13 INFO src.train :: epoch 56 | val_acc=0.8165 (best) | loss=0.3101
11:13:14 INFO src.train :: epoch 57 | val_acc=0.8200 (best) | loss=0.3030
11:13:14 INFO src.train :: epoch 58 | val_acc=0.8232 (best) | loss=0.2986
11:13:14 INFO src.train :: epoch 59 | val_acc=0.8255 (best) | loss=0.2923
11:13:15 INFO src.train :: epoch 60 | val_acc=0.8286 (best) | loss=0.2874
11:13:15 INFO src.train :: epoch 61 | val_acc=0.8312 (best) | loss=0.2822
11:13:16 INFO src.train :: epoch 62 | val_acc=0.8336 (best) | loss=0.2767
11:13:16 INFO src.train :: epoch 63 | val_acc=0.8348 (best) | loss=0.2744
11:13:16 INFO src.train :: epoch 64 | val_acc=0.8352 (best) | loss=0.2683
11:13:17 INFO src.train :: epoch 65 | val_acc=0.8359 (best) | loss=0.2630
11:13:17 INFO src.train :: epoch 66 | val_acc=0.8373 (best) | loss=0.2574
11:13:18 INFO src.train :: epoch 67 | val_acc=0.8386 (best) | loss=0.2565
11:13:18 INFO src.train :: epoch 68 | val_acc=0.8395 (best) | loss=0.2531
11:13:19 INFO src.train :: epoch 69 | val_acc=0.8408 (best) | loss=0.2509
11:13:19 INFO src.train :: epoch 70 | val_acc=0.8416 (best) | loss=0.2450
11:13:19 INFO src.train :: epoch 71 | val_acc=0.8435 (best) | loss=0.2411
11:13:20 INFO src.train :: epoch 72 | val_acc=0.8442 (best) | loss=0.2385
11:13:20 INFO src.train :: epoch 73 | val_acc=0.8450 (best) | loss=0.2343
11:13:21 INFO src.train :: epoch 74 | val_acc=0.8460 (best) | loss=0.2305
11:13:21 INFO src.train :: epoch 75 | val_acc=0.8465 (best) | loss=0.2282
11:13:22 INFO src.train :: epoch 76 | val_acc=0.8490 (best) | loss=0.2249
11:13:22 INFO src.train :: epoch 77 | val_acc=0.8494 (best) | loss=0.2218
11:13:22 INFO src.train :: epoch 78 | val_acc=0.8501 (best) | loss=0.2217
11:13:23 INFO src.train :: epoch 79 | val_acc=0.8505 (best) | loss=0.2198
11:13:24 INFO src.train :: epoch 82 | val_acc=0.8512 (best) | loss=0.2118
11:13:25 INFO src.train :: epoch 83 | val_acc=0.8512 (best) | loss=0.2106
11:13:26 INFO src.train :: epoch 87 | val_acc=0.8517 (best) | loss=0.2011
11:13:27 INFO src.train :: epoch 89 | val_acc=0.8518 (best) | loss=0.1974
11:13:27 INFO src.train :: epoch 90 | val_acc=0.8523 (best) | loss=0.1947
11:13:30 INFO src.train :: epoch 97 | val_acc=0.8531 (best) | loss=0.1857
11:13:33 INFO src.train :: epoch 104 | val_acc=0.8533 (best) | loss=0.1748
11:13:34 INFO src.train :: epoch 105 | val_acc=0.8535 (best) | loss=0.1728
11:13:37 INFO src.train :: epoch 113 | val_acc=0.8536 (best) | loss=0.1605
11:13:39 INFO src.train :: epoch 118 | val_acc=0.8541 (best) | loss=0.1573
11:13:39 INFO src.train :: epoch 119 | val_acc=0.8542 (best) | loss=0.1551
11:13:40 INFO src.train :: epoch 120 | val_acc=0.8548 (best) | loss=0.1546
11:13:47 INFO src.train :: epoch 138 | val_acc=0.8550 (best) | loss=0.1377
11:13:55 INFO src.train :: Early stop at epoch 158 (no improvement for 20 epochs)
11:13:55 INFO src.train ::   → new best val_acc=0.8550 with params={'lr': 0.005, 'weight_decay': 0.001, 'hidden_channels': 128, 'dropout': 0.5}
11:13:55 INFO src.train :: Trial 4/20 [random] | params={'lr': 0.01, 'weight_decay': 0.0001, 'hidden_channels': 256, 'dropout': 0.5}
11:13:55 INFO src.train :: train_model: encoder=tfidf model=GraphSAGE seed=3 device=auto
11:13:57 INFO src.train :: epoch 1 | val_acc=0.0073 (best) | loss=4.0100
11:13:57 INFO src.train :: epoch 2 | val_acc=0.0088 (best) | loss=4.0059
11:13:58 INFO src.train :: epoch 3 | val_acc=0.0147 (best) | loss=3.2644
11:13:59 INFO src.train :: epoch 4 | val_acc=0.1686 (best) | loss=2.5561
11:13:59 INFO src.train :: epoch 5 | val_acc=0.2856 (best) | loss=2.0119
11:14:01 INFO src.train :: epoch 7 | val_acc=0.4156 (best) | loss=1.1957
11:14:01 INFO src.train :: epoch 8 | val_acc=0.6382 (best) | loss=0.9980
11:14:02 INFO src.train :: epoch 9 | val_acc=0.6908 (best) | loss=0.8631
/home/infres/abertrand-24/miniconda3/envs/env_gnn/lib/python3.11/site-packages/torch/optim/lr_scheduler.py:232: UserWarning: The epoch parameter in `scheduler.step()` was not necessary and is being deprecated where possible. Please use `scheduler.step()` to step the scheduler. During the deprecation, if epoch is different from None, the closed form is used instead of the new chainable form, where available. Please open an issue if you are unable to replicate your use case: https://github.com/pytorch/pytorch/issues/new/choose.
  warnings.warn(EPOCH_DEPRECATION_WARNING, UserWarning)
11:14:15 INFO src.train :: epoch 28 | val_acc=0.7023 (best) | loss=0.3753
11:14:15 INFO src.train :: epoch 29 | val_acc=0.7199 (best) | loss=0.3644
11:14:16 INFO src.train :: epoch 30 | val_acc=0.7347 (best) | loss=0.3532
11:14:17 INFO src.train :: epoch 31 | val_acc=0.7493 (best) | loss=0.3456
11:14:17 INFO src.train :: epoch 32 | val_acc=0.7627 (best) | loss=0.3362
11:14:18 INFO src.train :: epoch 33 | val_acc=0.7743 (best) | loss=0.3296
11:14:19 INFO src.train :: epoch 34 | val_acc=0.7866 (best) | loss=0.3217
11:14:20 INFO src.train :: epoch 35 | val_acc=0.7954 (best) | loss=0.3131
11:14:20 INFO src.train :: epoch 36 | val_acc=0.8016 (best) | loss=0.3066
11:14:21 INFO src.train :: epoch 37 | val_acc=0.8078 (best) | loss=0.3003
11:14:22 INFO src.train :: epoch 38 | val_acc=0.8129 (best) | loss=0.2935
11:14:22 INFO src.train :: epoch 39 | val_acc=0.8181 (best) | loss=0.2843
11:14:23 INFO src.train :: epoch 40 | val_acc=0.8228 (best) | loss=0.2813
11:14:24 INFO src.train :: epoch 41 | val_acc=0.8273 (best) | loss=0.2745
11:14:24 INFO src.train :: epoch 42 | val_acc=0.8308 (best) | loss=0.2674
11:14:25 INFO src.train :: epoch 43 | val_acc=0.8336 (best) | loss=0.2629
11:14:26 INFO src.train :: epoch 44 | val_acc=0.8357 (best) | loss=0.2572
11:14:27 INFO src.train :: epoch 45 | val_acc=0.8381 (best) | loss=0.2519
11:14:27 INFO src.train :: epoch 46 | val_acc=0.8402 (best) | loss=0.2474
11:14:28 INFO src.train :: epoch 47 | val_acc=0.8419 (best) | loss=0.2410
11:14:29 INFO src.train :: epoch 48 | val_acc=0.8435 (best) | loss=0.2357
11:14:29 INFO src.train :: epoch 49 | val_acc=0.8441 (best) | loss=0.2331
11:14:30 INFO src.train :: epoch 50 | val_acc=0.8448 (best) | loss=0.2294
11:14:31 INFO src.train :: epoch 51 | val_acc=0.8455 (best) | loss=0.2238
11:14:31 INFO src.train :: epoch 52 | val_acc=0.8470 (best) | loss=0.2203
11:14:32 INFO src.train :: epoch 53 | val_acc=0.8485 (best) | loss=0.2139
11:14:33 INFO src.train :: epoch 54 | val_acc=0.8496 (best) | loss=0.2128
11:14:34 INFO src.train :: epoch 55 | val_acc=0.8499 (best) | loss=0.2066
11:14:36 INFO src.train :: epoch 58 | val_acc=0.8502 (best) | loss=0.1970
11:14:36 INFO src.train :: epoch 59 | val_acc=0.8508 (best) | loss=0.1927
11:14:38 INFO src.train :: epoch 61 | val_acc=0.8510 (best) | loss=0.1857
11:14:38 INFO src.train :: epoch 62 | val_acc=0.8512 (best) | loss=0.1820
11:14:39 INFO src.train :: epoch 63 | val_acc=0.8517 (best) | loss=0.1811
11:14:40 INFO src.train :: epoch 64 | val_acc=0.8521 (best) | loss=0.1766
11:14:40 INFO src.train :: epoch 65 | val_acc=0.8524 (best) | loss=0.1711
11:14:42 INFO src.train :: epoch 68 | val_acc=0.8526 (best) | loss=0.1658
11:14:43 INFO src.train :: epoch 69 | val_acc=0.8527 (best) | loss=0.1620
11:14:44 INFO src.train :: epoch 70 | val_acc=0.8528 (best) | loss=0.1609
11:14:45 INFO src.train :: epoch 71 | val_acc=0.8529 (best) | loss=0.1599
11:14:49 INFO src.train :: epoch 77 | val_acc=0.8531 (best) | loss=0.1450
11:14:49 INFO src.train :: epoch 78 | val_acc=0.8532 (best) | loss=0.1427
11:14:53 INFO src.train :: epoch 83 | val_acc=0.8533 (best) | loss=0.1325
11:14:53 INFO src.train :: epoch 84 | val_acc=0.8538 (best) | loss=0.1311
11:14:54 INFO src.train :: epoch 85 | val_acc=0.8540 (best) | loss=0.1280
11:14:55 INFO src.train :: epoch 86 | val_acc=0.8541 (best) | loss=0.1274
11:14:55 INFO src.train :: epoch 87 | val_acc=0.8545 (best) | loss=0.1245
11:14:56 INFO src.train :: epoch 88 | val_acc=0.8554 (best) | loss=0.1235
11:14:59 INFO src.train :: epoch 92 | val_acc=0.8558 (best) | loss=0.1180
11:15:00 INFO src.train :: epoch 94 | val_acc=0.8558 (best) | loss=0.1154
11:15:13 INFO src.train :: Early stop at epoch 114 (no improvement for 20 epochs)
11:15:14 INFO src.train ::   → new best val_acc=0.8558 with params={'lr': 0.01, 'weight_decay': 0.0001, 'hidden_channels': 256, 'dropout': 0.5}
11:15:14 INFO src.train :: Trial 5/20 [random] | params={'lr': 0.01, 'weight_decay': 0.0001, 'hidden_channels': 128, 'dropout': 0.5}
11:15:14 INFO src.train :: train_model: encoder=tfidf model=GraphSAGE seed=4 device=auto
11:15:15 INFO src.train :: epoch 1 | val_acc=0.0299 (best) | loss=3.8854
11:15:15 INFO src.train :: epoch 2 | val_acc=0.0433 (best) | loss=3.8790
11:15:16 INFO src.train :: epoch 4 | val_acc=0.0456 (best) | loss=2.9030
11:15:16 INFO src.train :: epoch 5 | val_acc=0.0911 (best) | loss=2.5209
11:15:17 INFO src.train :: epoch 6 | val_acc=0.1553 (best) | loss=2.1642
11:15:17 INFO src.train :: epoch 7 | val_acc=0.2701 (best) | loss=1.8346
11:15:18 INFO src.train :: epoch 8 | val_acc=0.4552 (best) | loss=1.5451
11:15:18 INFO src.train :: epoch 9 | val_acc=0.6084 (best) | loss=1.3133
/home/infres/abertrand-24/miniconda3/envs/env_gnn/lib/python3.11/site-packages/torch/optim/lr_scheduler.py:232: UserWarning: The epoch parameter in `scheduler.step()` was not necessary and is being deprecated where possible. Please use `scheduler.step()` to step the scheduler. During the deprecation, if epoch is different from None, the closed form is used instead of the new chainable form, where available. Please open an issue if you are unable to replicate your use case: https://github.com/pytorch/pytorch/issues/new/choose.
  warnings.warn(EPOCH_DEPRECATION_WARNING, UserWarning)
11:15:18 INFO src.train :: epoch 10 | val_acc=0.6857 (best) | loss=1.1419
11:15:19 INFO src.train :: epoch 11 | val_acc=0.7026 (best) | loss=1.0100
11:15:25 INFO src.train :: epoch 27 | val_acc=0.7113 (best) | loss=0.5015
11:15:26 INFO src.train :: epoch 28 | val_acc=0.7260 (best) | loss=0.4848
11:15:26 INFO src.train :: epoch 29 | val_acc=0.7391 (best) | loss=0.4699
11:15:27 INFO src.train :: epoch 30 | val_acc=0.7532 (best) | loss=0.4583
11:15:27 INFO src.train :: epoch 31 | val_acc=0.7646 (best) | loss=0.4519
11:15:27 INFO src.train :: epoch 32 | val_acc=0.7746 (best) | loss=0.4374
11:15:28 INFO src.train :: epoch 33 | val_acc=0.7839 (best) | loss=0.4276
11:15:28 INFO src.train :: epoch 34 | val_acc=0.7916 (best) | loss=0.4175
11:15:29 INFO src.train :: epoch 35 | val_acc=0.7991 (best) | loss=0.4066
11:15:29 INFO src.train :: epoch 36 | val_acc=0.8067 (best) | loss=0.3972
11:15:30 INFO src.train :: epoch 37 | val_acc=0.8122 (best) | loss=0.3909
11:15:30 INFO src.train :: epoch 38 | val_acc=0.8184 (best) | loss=0.3840
11:15:30 INFO src.train :: epoch 39 | val_acc=0.8227 (best) | loss=0.3774
11:15:31 INFO src.train :: epoch 40 | val_acc=0.8276 (best) | loss=0.3688
11:15:31 INFO src.train :: epoch 41 | val_acc=0.8300 (best) | loss=0.3585
11:15:32 INFO src.train :: epoch 42 | val_acc=0.8332 (best) | loss=0.3502
11:15:32 INFO src.train :: epoch 43 | val_acc=0.8354 (best) | loss=0.3434
11:15:33 INFO src.train :: epoch 44 | val_acc=0.8374 (best) | loss=0.3358
11:15:33 INFO src.train :: epoch 45 | val_acc=0.8388 (best) | loss=0.3301
11:15:33 INFO src.train :: epoch 46 | val_acc=0.8406 (best) | loss=0.3245
11:15:34 INFO src.train :: epoch 47 | val_acc=0.8413 (best) | loss=0.3136
11:15:34 INFO src.train :: epoch 48 | val_acc=0.8429 (best) | loss=0.3097
11:15:35 INFO src.train :: epoch 49 | val_acc=0.8438 (best) | loss=0.3064
11:15:35 INFO src.train :: epoch 50 | val_acc=0.8444 (best) | loss=0.3011
11:15:36 INFO src.train :: epoch 51 | val_acc=0.8451 (best) | loss=0.2944
11:15:36 INFO src.train :: epoch 52 | val_acc=0.8456 (best) | loss=0.2882
11:15:36 INFO src.train :: epoch 53 | val_acc=0.8464 (best) | loss=0.2859
11:15:37 INFO src.train :: epoch 54 | val_acc=0.8475 (best) | loss=0.2815
11:15:37 INFO src.train :: epoch 55 | val_acc=0.8481 (best) | loss=0.2756
11:15:38 INFO src.train :: epoch 56 | val_acc=0.8489 (best) | loss=0.2701
11:15:38 INFO src.train :: epoch 57 | val_acc=0.8492 (best) | loss=0.2669
11:15:39 INFO src.train :: epoch 58 | val_acc=0.8496 (best) | loss=0.2643
11:15:39 INFO src.train :: epoch 60 | val_acc=0.8501 (best) | loss=0.2560
11:15:40 INFO src.train :: epoch 61 | val_acc=0.8503 (best) | loss=0.2496
11:15:40 INFO src.train :: epoch 62 | val_acc=0.8509 (best) | loss=0.2468
11:15:41 INFO src.train :: epoch 63 | val_acc=0.8511 (best) | loss=0.2455
11:15:44 INFO src.train :: epoch 72 | val_acc=0.8515 (best) | loss=0.2174
11:15:45 INFO src.train :: epoch 73 | val_acc=0.8516 (best) | loss=0.2138
11:15:46 INFO src.train :: epoch 76 | val_acc=0.8518 (best) | loss=0.2081
11:15:46 INFO src.train :: epoch 77 | val_acc=0.8521 (best) | loss=0.2043
11:15:48 INFO src.train :: epoch 82 | val_acc=0.8522 (best) | loss=0.1958
11:15:51 INFO src.train :: epoch 88 | val_acc=0.8525 (best) | loss=0.1825
11:15:51 INFO src.train :: epoch 89 | val_acc=0.8526 (best) | loss=0.1796
11:15:52 INFO src.train :: epoch 90 | val_acc=0.8529 (best) | loss=0.1780
11:15:52 INFO src.train :: epoch 91 | val_acc=0.8530 (best) | loss=0.1768
11:15:53 INFO src.train :: epoch 94 | val_acc=0.8535 (best) | loss=0.1716
11:16:00 INFO src.train :: epoch 110 | val_acc=0.8537 (best) | loss=0.1487
11:16:00 INFO src.train :: epoch 111 | val_acc=0.8539 (best) | loss=0.1473
11:16:02 INFO src.train :: epoch 116 | val_acc=0.8539 (best) | loss=0.1431
11:16:03 INFO src.train :: epoch 117 | val_acc=0.8541 (best) | loss=0.1423
11:16:03 INFO src.train :: epoch 118 | val_acc=0.8543 (best) | loss=0.1412
11:16:04 INFO src.train :: epoch 119 | val_acc=0.8546 (best) | loss=0.1396
11:16:04 INFO src.train :: epoch 121 | val_acc=0.8547 (best) | loss=0.1382
11:16:13 INFO src.train :: Early stop at epoch 141 (no improvement for 20 epochs)
11:16:13 INFO src.train :: Trial 6/20 [random] | params={'lr': 0.005, 'weight_decay': 0.001, 'hidden_channels': 256, 'dropout': 0.0}
11:16:13 INFO src.train :: train_model: encoder=tfidf model=GraphSAGE seed=5 device=auto
11:16:14 INFO src.train :: epoch 1 | val_acc=0.0001 (best) | loss=3.8375
11:16:15 INFO src.train :: epoch 2 | val_acc=0.0026 (best) | loss=3.8293
11:16:15 INFO src.train :: epoch 3 | val_acc=0.0029 (best) | loss=3.1226
11:16:16 INFO src.train :: epoch 4 | val_acc=0.0482 (best) | loss=2.3932
11:16:17 INFO src.train :: epoch 5 | val_acc=0.0490 (best) | loss=1.8948
11:16:18 INFO src.train :: epoch 6 | val_acc=0.0766 (best) | loss=1.4743
11:16:18 INFO src.train :: epoch 7 | val_acc=0.1666 (best) | loss=1.1353
11:16:19 INFO src.train :: epoch 8 | val_acc=0.5411 (best) | loss=0.9058
11:16:20 INFO src.train :: epoch 9 | val_acc=0.5557 (best) | loss=0.7559
/home/infres/abertrand-24/miniconda3/envs/env_gnn/lib/python3.11/site-packages/torch/optim/lr_scheduler.py:232: UserWarning: The epoch parameter in `scheduler.step()` was not necessary and is being deprecated where possible. Please use `scheduler.step()` to step the scheduler. During the deprecation, if epoch is different from None, the closed form is used instead of the new chainable form, where available. Please open an issue if you are unable to replicate your use case: https://github.com/pytorch/pytorch/issues/new/choose.
  warnings.warn(EPOCH_DEPRECATION_WARNING, UserWarning)
11:16:33 INFO src.train :: Early stop at epoch 29 (no improvement for 20 epochs)
11:16:33 INFO src.train :: Trial 7/20 [random] | params={'lr': 0.01, 'weight_decay': 0.001, 'hidden_channels': 128, 'dropout': 0.0}
11:16:33 INFO src.train :: train_model: encoder=tfidf model=GraphSAGE seed=6 device=auto
11:16:34 INFO src.train :: epoch 1 | val_acc=0.0006 (best) | loss=3.7060
11:16:35 INFO src.train :: epoch 2 | val_acc=0.0012 (best) | loss=3.6951
11:16:35 INFO src.train :: epoch 3 | val_acc=0.0015 (best) | loss=2.9156
11:16:35 INFO src.train :: epoch 4 | val_acc=0.2290 (best) | loss=2.3766
11:16:36 INFO src.train :: epoch 5 | val_acc=0.3528 (best) | loss=1.9847
11:16:36 INFO src.train :: epoch 6 | val_acc=0.5294 (best) | loss=1.6227
11:16:37 INFO src.train :: epoch 7 | val_acc=0.5869 (best) | loss=1.3099
11:16:37 INFO src.train :: epoch 8 | val_acc=0.5911 (best) | loss=1.0719
11:16:38 INFO src.train :: epoch 9 | val_acc=0.5934 (best) | loss=0.8902
/home/infres/abertrand-24/miniconda3/envs/env_gnn/lib/python3.11/site-packages/torch/optim/lr_scheduler.py:232: UserWarning: The epoch parameter in `scheduler.step()` was not necessary and is being deprecated where possible. Please use `scheduler.step()` to step the scheduler. During the deprecation, if epoch is different from None, the closed form is used instead of the new chainable form, where available. Please open an issue if you are unable to replicate your use case: https://github.com/pytorch/pytorch/issues/new/choose.
  warnings.warn(EPOCH_DEPRECATION_WARNING, UserWarning)
11:16:38 INFO src.train :: epoch 10 | val_acc=0.5985 (best) | loss=0.7523
11:16:38 INFO src.train :: epoch 11 | val_acc=0.6083 (best) | loss=0.6561
11:16:46 INFO src.train :: Early stop at epoch 31 (no improvement for 20 epochs)
11:16:47 INFO src.train :: Trial 8/20 [random] | params={'lr': 0.05, 'weight_decay': 0.001, 'hidden_channels': 256, 'dropout': 0.0}
11:16:47 INFO src.train :: train_model: encoder=tfidf model=GraphSAGE seed=7 device=auto
11:16:48 INFO src.train :: epoch 1 | val_acc=0.0000 (best) | loss=3.8959
11:16:49 INFO src.train :: epoch 2 | val_acc=0.2611 (best) | loss=3.8147
11:16:49 INFO src.train :: epoch 3 | val_acc=0.4237 (best) | loss=2.2330
11:16:50 INFO src.train :: epoch 4 | val_acc=0.7043 (best) | loss=1.3074
11:16:51 INFO src.train :: epoch 5 | val_acc=0.7907 (best) | loss=0.9101
11:16:53 INFO src.train :: epoch 9 | val_acc=0.7929 (best) | loss=0.5920
/home/infres/abertrand-24/miniconda3/envs/env_gnn/lib/python3.11/site-packages/torch/optim/lr_scheduler.py:232: UserWarning: The epoch parameter in `scheduler.step()` was not necessary and is being deprecated where possible. Please use `scheduler.step()` to step the scheduler. During the deprecation, if epoch is different from None, the closed form is used instead of the new chainable form, where available. Please open an issue if you are unable to replicate your use case: https://github.com/pytorch/pytorch/issues/new/choose.
  warnings.warn(EPOCH_DEPRECATION_WARNING, UserWarning)
11:16:54 INFO src.train :: epoch 10 | val_acc=0.8053 (best) | loss=0.5585
11:16:55 INFO src.train :: epoch 11 | val_acc=0.8122 (best) | loss=0.5347
11:16:56 INFO src.train :: epoch 12 | val_acc=0.8174 (best) | loss=0.5216
11:16:56 INFO src.train :: epoch 13 | val_acc=0.8203 (best) | loss=0.5070
11:17:09 INFO src.train :: Early stop at epoch 33 (no improvement for 20 epochs)
11:17:10 INFO src.train :: Trial 9/20 [random] | params={'lr': 0.005, 'weight_decay': 0.001, 'hidden_channels': 64, 'dropout': 0.3}
11:17:10 INFO src.train :: train_model: encoder=tfidf model=GraphSAGE seed=8 device=auto
11:17:11 INFO src.train :: epoch 1 | val_acc=0.0001 (best) | loss=3.9036
11:17:11 INFO src.train :: epoch 3 | val_acc=0.0463 (best) | loss=3.6553
11:17:11 INFO src.train :: epoch 4 | val_acc=0.0496 (best) | loss=3.3567
11:17:12 INFO src.train :: epoch 5 | val_acc=0.0925 (best) | loss=3.1367
/home/infres/abertrand-24/miniconda3/envs/env_gnn/lib/python3.11/site-packages/torch/optim/lr_scheduler.py:232: UserWarning: The epoch parameter in `scheduler.step()` was not necessary and is being deprecated where possible. Please use `scheduler.step()` to step the scheduler. During the deprecation, if epoch is different from None, the closed form is used instead of the new chainable form, where available. Please open an issue if you are unable to replicate your use case: https://github.com/pytorch/pytorch/issues/new/choose.
  warnings.warn(EPOCH_DEPRECATION_WARNING, UserWarning)
11:17:13 INFO src.train :: epoch 11 | val_acc=0.1262 (best) | loss=2.0296
11:17:14 INFO src.train :: epoch 12 | val_acc=0.1814 (best) | loss=1.8515
11:17:14 INFO src.train :: epoch 13 | val_acc=0.2962 (best) | loss=1.6996
11:17:14 INFO src.train :: epoch 14 | val_acc=0.4866 (best) | loss=1.5678
11:17:14 INFO src.train :: epoch 15 | val_acc=0.6062 (best) | loss=1.4493
11:17:15 INFO src.train :: epoch 16 | val_acc=0.6593 (best) | loss=1.3384
11:17:15 INFO src.train :: epoch 17 | val_acc=0.6879 (best) | loss=1.2439
11:17:15 INFO src.train :: epoch 18 | val_acc=0.7065 (best) | loss=1.1623
11:17:16 INFO src.train :: epoch 19 | val_acc=0.7208 (best) | loss=1.0896
11:17:16 INFO src.train :: epoch 20 | val_acc=0.7351 (best) | loss=1.0230
11:17:16 INFO src.train :: epoch 21 | val_acc=0.7457 (best) | loss=0.9657
11:17:16 INFO src.train :: epoch 22 | val_acc=0.7524 (best) | loss=0.9117
11:17:17 INFO src.train :: epoch 23 | val_acc=0.7590 (best) | loss=0.8655
11:17:17 INFO src.train :: epoch 24 | val_acc=0.7648 (best) | loss=0.8217
11:17:17 INFO src.train :: epoch 25 | val_acc=0.7679 (best) | loss=0.7854
11:17:18 INFO src.train :: epoch 26 | val_acc=0.7697 (best) | loss=0.7515
11:17:18 INFO src.train :: epoch 27 | val_acc=0.7706 (best) | loss=0.7221
11:17:18 INFO src.train :: epoch 28 | val_acc=0.7719 (best) | loss=0.6937
11:17:18 INFO src.train :: epoch 29 | val_acc=0.7741 (best) | loss=0.6645
11:17:21 INFO src.train :: epoch 39 | val_acc=0.7763 (best) | loss=0.4946
11:17:22 INFO src.train :: epoch 40 | val_acc=0.7804 (best) | loss=0.4820
11:17:22 INFO src.train :: epoch 41 | val_acc=0.7825 (best) | loss=0.4733
11:17:22 INFO src.train :: epoch 42 | val_acc=0.7849 (best) | loss=0.4609
11:17:22 INFO src.train :: epoch 43 | val_acc=0.7866 (best) | loss=0.4485
11:17:23 INFO src.train :: epoch 44 | val_acc=0.7892 (best) | loss=0.4377
11:17:23 INFO src.train :: epoch 45 | val_acc=0.7908 (best) | loss=0.4288
11:17:23 INFO src.train :: epoch 46 | val_acc=0.7918 (best) | loss=0.4179
11:17:24 INFO src.train :: epoch 47 | val_acc=0.7933 (best) | loss=0.4068
11:17:24 INFO src.train :: epoch 48 | val_acc=0.7947 (best) | loss=0.3993
11:17:24 INFO src.train :: epoch 49 | val_acc=0.7970 (best) | loss=0.3939
11:17:24 INFO src.train :: epoch 50 | val_acc=0.8005 (best) | loss=0.3858
11:17:25 INFO src.train :: epoch 51 | val_acc=0.8033 (best) | loss=0.3787
11:17:25 INFO src.train :: epoch 52 | val_acc=0.8059 (best) | loss=0.3715
11:17:25 INFO src.train :: epoch 53 | val_acc=0.8093 (best) | loss=0.3619
11:17:26 INFO src.train :: epoch 54 | val_acc=0.8112 (best) | loss=0.3583
11:17:26 INFO src.train :: epoch 55 | val_acc=0.8139 (best) | loss=0.3512
11:17:26 INFO src.train :: epoch 56 | val_acc=0.8155 (best) | loss=0.3439
11:17:26 INFO src.train :: epoch 57 | val_acc=0.8182 (best) | loss=0.3383
11:17:27 INFO src.train :: epoch 58 | val_acc=0.8201 (best) | loss=0.3329
11:17:27 INFO src.train :: epoch 59 | val_acc=0.8227 (best) | loss=0.3255
11:17:27 INFO src.train :: epoch 60 | val_acc=0.8257 (best) | loss=0.3205
11:17:28 INFO src.train :: epoch 61 | val_acc=0.8280 (best) | loss=0.3151
11:17:28 INFO src.train :: epoch 62 | val_acc=0.8304 (best) | loss=0.3118
11:17:28 INFO src.train :: epoch 63 | val_acc=0.8322 (best) | loss=0.3028
11:17:28 INFO src.train :: epoch 64 | val_acc=0.8342 (best) | loss=0.3005
11:17:29 INFO src.train :: epoch 65 | val_acc=0.8363 (best) | loss=0.2949
11:17:29 INFO src.train :: epoch 66 | val_acc=0.8369 (best) | loss=0.2919
11:17:29 INFO src.train :: epoch 67 | val_acc=0.8377 (best) | loss=0.2855
11:17:30 INFO src.train :: epoch 68 | val_acc=0.8383 (best) | loss=0.2821
11:17:30 INFO src.train :: epoch 69 | val_acc=0.8389 (best) | loss=0.2769
11:17:30 INFO src.train :: epoch 70 | val_acc=0.8396 (best) | loss=0.2728
11:17:30 INFO src.train :: epoch 71 | val_acc=0.8406 (best) | loss=0.2695
11:17:31 INFO src.train :: epoch 72 | val_acc=0.8417 (best) | loss=0.2648
11:17:31 INFO src.train :: epoch 73 | val_acc=0.8430 (best) | loss=0.2617
11:17:31 INFO src.train :: epoch 74 | val_acc=0.8435 (best) | loss=0.2577
11:17:32 INFO src.train :: epoch 75 | val_acc=0.8450 (best) | loss=0.2528
11:17:32 INFO src.train :: epoch 76 | val_acc=0.8453 (best) | loss=0.2513
11:17:33 INFO src.train :: epoch 79 | val_acc=0.8468 (best) | loss=0.2410
11:17:33 INFO src.train :: epoch 80 | val_acc=0.8471 (best) | loss=0.2363
11:17:35 INFO src.train :: epoch 88 | val_acc=0.8472 (best) | loss=0.2175
11:17:35 INFO src.train :: epoch 89 | val_acc=0.8477 (best) | loss=0.2140
11:17:38 INFO src.train :: epoch 98 | val_acc=0.8479 (best) | loss=0.1973
11:17:38 INFO src.train :: epoch 99 | val_acc=0.8484 (best) | loss=0.1939
11:17:39 INFO src.train :: epoch 100 | val_acc=0.8487 (best) | loss=0.1925
11:17:44 INFO src.train :: Early stop at epoch 120 (no improvement for 20 epochs)
11:17:44 INFO src.train :: Trial 10/20 [random] | params={'lr': 0.005, 'weight_decay': 0.0, 'hidden_channels': 128, 'dropout': 0.3}
11:17:44 INFO src.train :: train_model: encoder=tfidf model=GraphSAGE seed=9 device=auto
11:17:45 INFO src.train :: epoch 1 | val_acc=0.0103 (best) | loss=3.8288
11:17:46 INFO src.train :: epoch 2 | val_acc=0.0166 (best) | loss=3.8304
11:17:46 INFO src.train :: epoch 3 | val_acc=0.0482 (best) | loss=3.4866
11:17:47 INFO src.train :: epoch 5 | val_acc=0.0489 (best) | loss=2.6988
11:17:47 INFO src.train :: epoch 6 | val_acc=0.0540 (best) | loss=2.4048
11:17:48 INFO src.train :: epoch 7 | val_acc=0.0951 (best) | loss=2.1349
11:17:48 INFO src.train :: epoch 8 | val_acc=0.3779 (best) | loss=1.8770
11:17:48 INFO src.train :: epoch 9 | val_acc=0.5856 (best) | loss=1.6321
/home/infres/abertrand-24/miniconda3/envs/env_gnn/lib/python3.11/site-packages/torch/optim/lr_scheduler.py:232: UserWarning: The epoch parameter in `scheduler.step()` was not necessary and is being deprecated where possible. Please use `scheduler.step()` to step the scheduler. During the deprecation, if epoch is different from None, the closed form is used instead of the new chainable form, where available. Please open an issue if you are unable to replicate your use case: https://github.com/pytorch/pytorch/issues/new/choose.
  warnings.warn(EPOCH_DEPRECATION_WARNING, UserWarning)
11:17:49 INFO src.train :: epoch 10 | val_acc=0.6409 (best) | loss=1.4163
11:17:49 INFO src.train :: epoch 11 | val_acc=0.6650 (best) | loss=1.2283
11:17:50 INFO src.train :: epoch 12 | val_acc=0.6662 (best) | loss=1.0729
11:17:58 INFO src.train :: Early stop at epoch 32 (no improvement for 20 epochs)
11:17:58 INFO src.train :: Trial 11/20 [random] | params={'lr': 0.01, 'weight_decay': 0.0, 'hidden_channels': 64, 'dropout': 0.0}
11:17:58 INFO src.train :: train_model: encoder=tfidf model=GraphSAGE seed=10 device=auto
11:17:59 INFO src.train :: epoch 1 | val_acc=0.0013 (best) | loss=3.8531
11:17:59 INFO src.train :: epoch 2 | val_acc=0.0067 (best) | loss=3.8453
11:17:59 INFO src.train :: epoch 3 | val_acc=0.0088 (best) | loss=3.3142
11:18:00 INFO src.train :: epoch 4 | val_acc=0.0205 (best) | loss=2.9450
11:18:00 INFO src.train :: epoch 5 | val_acc=0.0554 (best) | loss=2.6594
11:18:00 INFO src.train :: epoch 6 | val_acc=0.0611 (best) | loss=2.3967
11:18:01 INFO src.train :: epoch 7 | val_acc=0.0655 (best) | loss=2.1461
11:18:01 INFO src.train :: epoch 8 | val_acc=0.0857 (best) | loss=1.8974
11:18:01 INFO src.train :: epoch 9 | val_acc=0.1591 (best) | loss=1.6509
/home/infres/abertrand-24/miniconda3/envs/env_gnn/lib/python3.11/site-packages/torch/optim/lr_scheduler.py:232: UserWarning: The epoch parameter in `scheduler.step()` was not necessary and is being deprecated where possible. Please use `scheduler.step()` to step the scheduler. During the deprecation, if epoch is different from None, the closed form is used instead of the new chainable form, where available. Please open an issue if you are unable to replicate your use case: https://github.com/pytorch/pytorch/issues/new/choose.
  warnings.warn(EPOCH_DEPRECATION_WARNING, UserWarning)
11:18:01 INFO src.train :: epoch 10 | val_acc=0.3434 (best) | loss=1.4177
11:18:02 INFO src.train :: epoch 11 | val_acc=0.5209 (best) | loss=1.2088
11:18:02 INFO src.train :: epoch 12 | val_acc=0.6066 (best) | loss=1.0280
11:18:02 INFO src.train :: epoch 13 | val_acc=0.6618 (best) | loss=0.8887
11:18:03 INFO src.train :: epoch 14 | val_acc=0.7015 (best) | loss=0.7827
11:18:03 INFO src.train :: epoch 15 | val_acc=0.7327 (best) | loss=0.7020
11:18:03 INFO src.train :: epoch 16 | val_acc=0.7550 (best) | loss=0.6396
11:18:03 INFO src.train :: epoch 17 | val_acc=0.7750 (best) | loss=0.5906
11:18:04 INFO src.train :: epoch 18 | val_acc=0.7844 (best) | loss=0.5514
11:18:04 INFO src.train :: epoch 19 | val_acc=0.7920 (best) | loss=0.5196
11:18:04 INFO src.train :: epoch 20 | val_acc=0.7949 (best) | loss=0.4930
11:18:05 INFO src.train :: epoch 21 | val_acc=0.7987 (best) | loss=0.4700
11:18:05 INFO src.train :: epoch 22 | val_acc=0.8020 (best) | loss=0.4494
11:18:05 INFO src.train :: epoch 23 | val_acc=0.8051 (best) | loss=0.4305
11:18:05 INFO src.train :: epoch 24 | val_acc=0.8079 (best) | loss=0.4127
11:18:06 INFO src.train :: epoch 25 | val_acc=0.8094 (best) | loss=0.3959
11:18:06 INFO src.train :: epoch 26 | val_acc=0.8105 (best) | loss=0.3801
11:18:06 INFO src.train :: epoch 27 | val_acc=0.8123 (best) | loss=0.3651
11:18:07 INFO src.train :: epoch 28 | val_acc=0.8130 (best) | loss=0.3510
11:18:07 INFO src.train :: epoch 29 | val_acc=0.8149 (best) | loss=0.3378
11:18:07 INFO src.train :: epoch 30 | val_acc=0.8171 (best) | loss=0.3253
11:18:07 INFO src.train :: epoch 31 | val_acc=0.8193 (best) | loss=0.3134
11:18:08 INFO src.train :: epoch 32 | val_acc=0.8215 (best) | loss=0.3021
11:18:08 INFO src.train :: epoch 33 | val_acc=0.8247 (best) | loss=0.2914
11:18:08 INFO src.train :: epoch 34 | val_acc=0.8265 (best) | loss=0.2812
11:18:09 INFO src.train :: epoch 35 | val_acc=0.8273 (best) | loss=0.2715
11:18:09 INFO src.train :: epoch 36 | val_acc=0.8292 (best) | loss=0.2625
11:18:09 INFO src.train :: epoch 37 | val_acc=0.8309 (best) | loss=0.2539
11:18:09 INFO src.train :: epoch 38 | val_acc=0.8321 (best) | loss=0.2457
11:18:10 INFO src.train :: epoch 39 | val_acc=0.8330 (best) | loss=0.2379
11:18:10 INFO src.train :: epoch 40 | val_acc=0.8338 (best) | loss=0.2304
11:18:10 INFO src.train :: epoch 41 | val_acc=0.8344 (best) | loss=0.2231
11:18:11 INFO src.train :: epoch 42 | val_acc=0.8351 (best) | loss=0.2161
11:18:11 INFO src.train :: epoch 43 | val_acc=0.8368 (best) | loss=0.2095
11:18:11 INFO src.train :: epoch 44 | val_acc=0.8375 (best) | loss=0.2032
11:18:11 INFO src.train :: epoch 45 | val_acc=0.8381 (best) | loss=0.1972
11:18:12 INFO src.train :: epoch 48 | val_acc=0.8384 (best) | loss=0.1809
11:18:13 INFO src.train :: epoch 49 | val_acc=0.8392 (best) | loss=0.1759
11:18:13 INFO src.train :: epoch 50 | val_acc=0.8392 (best) | loss=0.1710
11:18:13 INFO src.train :: epoch 51 | val_acc=0.8395 (best) | loss=0.1664
11:18:19 INFO src.train :: Early stop at epoch 71 (no improvement for 20 epochs)
11:18:19 INFO src.train :: Trial 12/20 [random] | params={'lr': 0.005, 'weight_decay': 0.001, 'hidden_channels': 128, 'dropout': 0.3}
11:18:19 INFO src.train :: train_model: encoder=tfidf model=GraphSAGE seed=11 device=auto
11:18:20 INFO src.train :: epoch 1 | val_acc=0.0245 (best) | loss=3.7454
11:18:21 INFO src.train :: epoch 3 | val_acc=0.0639 (best) | loss=3.3750
11:18:21 INFO src.train :: epoch 4 | val_acc=0.1816 (best) | loss=2.9436
11:18:23 INFO src.train :: epoch 8 | val_acc=0.2075 (best) | loss=1.8120
11:18:23 INFO src.train :: epoch 9 | val_acc=0.3516 (best) | loss=1.5597
/home/infres/abertrand-24/miniconda3/envs/env_gnn/lib/python3.11/site-packages/torch/optim/lr_scheduler.py:232: UserWarning: The epoch parameter in `scheduler.step()` was not necessary and is being deprecated where possible. Please use `scheduler.step()` to step the scheduler. During the deprecation, if epoch is different from None, the closed form is used instead of the new chainable form, where available. Please open an issue if you are unable to replicate your use case: https://github.com/pytorch/pytorch/issues/new/choose.
  warnings.warn(EPOCH_DEPRECATION_WARNING, UserWarning)
11:18:24 INFO src.train :: epoch 10 | val_acc=0.4673 (best) | loss=1.3492
11:18:24 INFO src.train :: epoch 11 | val_acc=0.5386 (best) | loss=1.1761
11:18:24 INFO src.train :: epoch 12 | val_acc=0.5917 (best) | loss=1.0317
11:18:25 INFO src.train :: epoch 13 | val_acc=0.6000 (best) | loss=0.9208
11:18:33 INFO src.train :: Early stop at epoch 33 (no improvement for 20 epochs)
11:18:33 INFO src.train :: Trial 13/20 [random] | params={'lr': 0.005, 'weight_decay': 0.0001, 'hidden_channels': 256, 'dropout': 0.3}
11:18:33 INFO src.train :: train_model: encoder=tfidf model=GraphSAGE seed=12 device=auto
11:18:34 INFO src.train :: epoch 1 | val_acc=0.0001 (best) | loss=3.8258
11:18:35 INFO src.train :: epoch 2 | val_acc=0.0038 (best) | loss=3.8203
11:18:36 INFO src.train :: epoch 3 | val_acc=0.1016 (best) | loss=3.2681
11:18:39 INFO src.train :: epoch 8 | val_acc=0.1076 (best) | loss=1.1012
11:18:40 INFO src.train :: epoch 9 | val_acc=0.2292 (best) | loss=0.9358
/home/infres/abertrand-24/miniconda3/envs/env_gnn/lib/python3.11/site-packages/torch/optim/lr_scheduler.py:232: UserWarning: The epoch parameter in `scheduler.step()` was not necessary and is being deprecated where possible. Please use `scheduler.step()` to step the scheduler. During the deprecation, if epoch is different from None, the closed form is used instead of the new chainable form, where available. Please open an issue if you are unable to replicate your use case: https://github.com/pytorch/pytorch/issues/new/choose.
  warnings.warn(EPOCH_DEPRECATION_WARNING, UserWarning)
11:18:41 INFO src.train :: epoch 10 | val_acc=0.6284 (best) | loss=0.8119
11:18:41 INFO src.train :: epoch 11 | val_acc=0.6930 (best) | loss=0.7268
11:18:54 INFO src.train :: Early stop at epoch 31 (no improvement for 20 epochs)
11:18:55 INFO src.train :: Trial 14/20 [random] | params={'lr': 0.01, 'weight_decay': 0.001, 'hidden_channels': 256, 'dropout': 0.5}
11:18:55 INFO src.train :: train_model: encoder=tfidf model=GraphSAGE seed=13 device=auto
11:18:56 INFO src.train :: epoch 1 | val_acc=0.0871 (best) | loss=3.9087
11:18:57 INFO src.train :: epoch 2 | val_acc=0.1363 (best) | loss=3.9024
11:18:59 INFO src.train :: epoch 5 | val_acc=0.1611 (best) | loss=1.9636
11:18:59 INFO src.train :: epoch 6 | val_acc=0.1711 (best) | loss=1.4744
11:19:00 INFO src.train :: epoch 7 | val_acc=0.1790 (best) | loss=1.1495
11:19:01 INFO src.train :: epoch 8 | val_acc=0.3271 (best) | loss=0.9641
11:19:02 INFO src.train :: epoch 9 | val_acc=0.5969 (best) | loss=0.8349
/home/infres/abertrand-24/miniconda3/envs/env_gnn/lib/python3.11/site-packages/torch/optim/lr_scheduler.py:232: UserWarning: The epoch parameter in `scheduler.step()` was not necessary and is being deprecated where possible. Please use `scheduler.step()` to step the scheduler. During the deprecation, if epoch is different from None, the closed form is used instead of the new chainable form, where available. Please open an issue if you are unable to replicate your use case: https://github.com/pytorch/pytorch/issues/new/choose.
  warnings.warn(EPOCH_DEPRECATION_WARNING, UserWarning)
11:19:02 INFO src.train :: epoch 10 | val_acc=0.6364 (best) | loss=0.7540
11:19:15 INFO src.train :: Early stop at epoch 30 (no improvement for 20 epochs)
11:19:16 INFO src.train :: Trial 15/20 [random] | params={'lr': 0.01, 'weight_decay': 0.001, 'hidden_channels': 256, 'dropout': 0.3}
11:19:16 INFO src.train :: train_model: encoder=tfidf model=GraphSAGE seed=14 device=auto
11:19:17 INFO src.train :: epoch 1 | val_acc=0.0050 (best) | loss=4.1339
11:19:18 INFO src.train :: epoch 3 | val_acc=0.0935 (best) | loss=3.2177
11:19:19 INFO src.train :: epoch 4 | val_acc=0.1371 (best) | loss=2.4552
11:19:20 INFO src.train :: epoch 5 | val_acc=0.2231 (best) | loss=1.8947
11:19:20 INFO src.train :: epoch 6 | val_acc=0.3417 (best) | loss=1.4243
11:19:21 INFO src.train :: epoch 7 | val_acc=0.5958 (best) | loss=1.0761
11:19:22 INFO src.train :: epoch 8 | val_acc=0.6953 (best) | loss=0.8726
/home/infres/abertrand-24/miniconda3/envs/env_gnn/lib/python3.11/site-packages/torch/optim/lr_scheduler.py:232: UserWarning: The epoch parameter in `scheduler.step()` was not necessary and is being deprecated where possible. Please use `scheduler.step()` to step the scheduler. During the deprecation, if epoch is different from None, the closed form is used instead of the new chainable form, where available. Please open an issue if you are unable to replicate your use case: https://github.com/pytorch/pytorch/issues/new/choose.
  warnings.warn(EPOCH_DEPRECATION_WARNING, UserWarning)
11:19:35 INFO src.train :: Early stop at epoch 28 (no improvement for 20 epochs)
11:19:35 INFO src.train :: Trial 16/20 [random] | params={'lr': 0.05, 'weight_decay': 0.001, 'hidden_channels': 256, 'dropout': 0.3}
11:19:35 INFO src.train :: train_model: encoder=tfidf model=GraphSAGE seed=15 device=auto
11:19:37 INFO src.train :: epoch 1 | val_acc=0.0001 (best) | loss=3.9871
11:19:37 INFO src.train :: epoch 2 | val_acc=0.2407 (best) | loss=3.9261
11:19:38 INFO src.train :: epoch 3 | val_acc=0.4216 (best) | loss=2.4207
11:19:39 INFO src.train :: epoch 4 | val_acc=0.5503 (best) | loss=1.4831
11:19:39 INFO src.train :: epoch 5 | val_acc=0.7366 (best) | loss=1.0198
11:19:40 INFO src.train :: epoch 6 | val_acc=0.7414 (best) | loss=0.8593
11:19:41 INFO src.train :: epoch 7 | val_acc=0.7447 (best) | loss=0.7682
11:19:41 INFO src.train :: epoch 8 | val_acc=0.7534 (best) | loss=0.7064
11:19:42 INFO src.train :: epoch 9 | val_acc=0.7673 (best) | loss=0.6662
/home/infres/abertrand-24/miniconda3/envs/env_gnn/lib/python3.11/site-packages/torch/optim/lr_scheduler.py:232: UserWarning: The epoch parameter in `scheduler.step()` was not necessary and is being deprecated where possible. Please use `scheduler.step()` to step the scheduler. During the deprecation, if epoch is different from None, the closed form is used instead of the new chainable form, where available. Please open an issue if you are unable to replicate your use case: https://github.com/pytorch/pytorch/issues/new/choose.
  warnings.warn(EPOCH_DEPRECATION_WARNING, UserWarning)
11:19:43 INFO src.train :: epoch 10 | val_acc=0.7785 (best) | loss=0.6312
11:19:44 INFO src.train :: epoch 11 | val_acc=0.7835 (best) | loss=0.6069
11:19:57 INFO src.train :: Early stop at epoch 31 (no improvement for 20 epochs)
11:19:57 INFO src.train :: Trial 17/20 [random] | params={'lr': 0.05, 'weight_decay': 0.0, 'hidden_channels': 128, 'dropout': 0.5}
11:19:57 INFO src.train :: train_model: encoder=tfidf model=GraphSAGE seed=16 device=auto
11:19:58 INFO src.train :: epoch 1 | val_acc=0.0344 (best) | loss=3.8940
11:19:58 INFO src.train :: epoch 2 | val_acc=0.0646 (best) | loss=3.8684
11:19:59 INFO src.train :: epoch 3 | val_acc=0.2881 (best) | loss=2.8121
11:19:59 INFO src.train :: epoch 4 | val_acc=0.4183 (best) | loss=2.1299
11:20:00 INFO src.train :: epoch 5 | val_acc=0.5645 (best) | loss=1.5873
11:20:00 INFO src.train :: epoch 6 | val_acc=0.7046 (best) | loss=1.2676
11:20:01 INFO src.train :: epoch 7 | val_acc=0.7586 (best) | loss=1.1099
11:20:01 INFO src.train :: epoch 8 | val_acc=0.7904 (best) | loss=0.9848
11:20:01 INFO src.train :: epoch 9 | val_acc=0.7975 (best) | loss=0.9101
/home/infres/abertrand-24/miniconda3/envs/env_gnn/lib/python3.11/site-packages/torch/optim/lr_scheduler.py:232: UserWarning: The epoch parameter in `scheduler.step()` was not necessary and is being deprecated where possible. Please use `scheduler.step()` to step the scheduler. During the deprecation, if epoch is different from None, the closed form is used instead of the new chainable form, where available. Please open an issue if you are unable to replicate your use case: https://github.com/pytorch/pytorch/issues/new/choose.
  warnings.warn(EPOCH_DEPRECATION_WARNING, UserWarning)
11:20:02 INFO src.train :: epoch 10 | val_acc=0.8011 (best) | loss=0.8546
11:20:02 INFO src.train :: epoch 11 | val_acc=0.8051 (best) | loss=0.8100
11:20:03 INFO src.train :: epoch 12 | val_acc=0.8093 (best) | loss=0.7613
11:20:03 INFO src.train :: epoch 13 | val_acc=0.8132 (best) | loss=0.7357
11:20:04 INFO src.train :: epoch 14 | val_acc=0.8157 (best) | loss=0.7095
11:20:04 INFO src.train :: epoch 15 | val_acc=0.8185 (best) | loss=0.6831
11:20:04 INFO src.train :: epoch 16 | val_acc=0.8196 (best) | loss=0.6684
11:20:05 INFO src.train :: epoch 17 | val_acc=0.8215 (best) | loss=0.6433
11:20:05 INFO src.train :: epoch 18 | val_acc=0.8241 (best) | loss=0.6334
11:20:06 INFO src.train :: epoch 19 | val_acc=0.8269 (best) | loss=0.6162
11:20:06 INFO src.train :: epoch 20 | val_acc=0.8288 (best) | loss=0.6020
11:20:07 INFO src.train :: epoch 21 | val_acc=0.8307 (best) | loss=0.5797
11:20:07 INFO src.train :: epoch 22 | val_acc=0.8324 (best) | loss=0.5644
11:20:07 INFO src.train :: epoch 23 | val_acc=0.8342 (best) | loss=0.5562
11:20:08 INFO src.train :: epoch 24 | val_acc=0.8356 (best) | loss=0.5387
11:20:08 INFO src.train :: epoch 25 | val_acc=0.8380 (best) | loss=0.5223
11:20:09 INFO src.train :: epoch 26 | val_acc=0.8404 (best) | loss=0.5112
11:20:09 INFO src.train :: epoch 27 | val_acc=0.8416 (best) | loss=0.4990
11:20:10 INFO src.train :: epoch 28 | val_acc=0.8430 (best) | loss=0.4885
11:20:10 INFO src.train :: epoch 29 | val_acc=0.8444 (best) | loss=0.4732
11:20:10 INFO src.train :: epoch 30 | val_acc=0.8450 (best) | loss=0.4644
11:20:11 INFO src.train :: epoch 31 | val_acc=0.8453 (best) | loss=0.4522
11:20:11 INFO src.train :: epoch 32 | val_acc=0.8459 (best) | loss=0.4442
11:20:12 INFO src.train :: epoch 33 | val_acc=0.8465 (best) | loss=0.4397
11:20:12 INFO src.train :: epoch 34 | val_acc=0.8467 (best) | loss=0.4260
11:20:13 INFO src.train :: epoch 35 | val_acc=0.8471 (best) | loss=0.4175
11:20:13 INFO src.train :: epoch 36 | val_acc=0.8477 (best) | loss=0.4068
11:20:13 INFO src.train :: epoch 37 | val_acc=0.8481 (best) | loss=0.4080
11:20:14 INFO src.train :: epoch 38 | val_acc=0.8485 (best) | loss=0.3928
11:20:14 INFO src.train :: epoch 39 | val_acc=0.8497 (best) | loss=0.3842
11:20:15 INFO src.train :: epoch 40 | val_acc=0.8501 (best) | loss=0.3771
11:20:23 INFO src.train :: Early stop at epoch 60 (no improvement for 20 epochs)
11:20:23 INFO src.train :: Trial 18/20 [random] | params={'lr': 0.05, 'weight_decay': 0.0001, 'hidden_channels': 128, 'dropout': 0.0}
11:20:23 INFO src.train :: train_model: encoder=tfidf model=GraphSAGE seed=17 device=auto
11:20:24 INFO src.train :: epoch 1 | val_acc=0.0004 (best) | loss=4.0411
11:20:24 INFO src.train :: epoch 2 | val_acc=0.0622 (best) | loss=3.9832
11:20:25 INFO src.train :: epoch 3 | val_acc=0.1621 (best) | loss=2.7042
11:20:25 INFO src.train :: epoch 4 | val_acc=0.4206 (best) | loss=1.8943
11:20:26 INFO src.train :: epoch 5 | val_acc=0.6651 (best) | loss=1.3060
11:20:26 INFO src.train :: epoch 6 | val_acc=0.7617 (best) | loss=0.9657
11:20:27 INFO src.train :: epoch 7 | val_acc=0.7869 (best) | loss=0.7952
11:20:27 INFO src.train :: epoch 8 | val_acc=0.8021 (best) | loss=0.7023
11:20:27 INFO src.train :: epoch 9 | val_acc=0.8091 (best) | loss=0.6500
/home/infres/abertrand-24/miniconda3/envs/env_gnn/lib/python3.11/site-packages/torch/optim/lr_scheduler.py:232: UserWarning: The epoch parameter in `scheduler.step()` was not necessary and is being deprecated where possible. Please use `scheduler.step()` to step the scheduler. During the deprecation, if epoch is different from None, the closed form is used instead of the new chainable form, where available. Please open an issue if you are unable to replicate your use case: https://github.com/pytorch/pytorch/issues/new/choose.
  warnings.warn(EPOCH_DEPRECATION_WARNING, UserWarning)
11:20:28 INFO src.train :: epoch 10 | val_acc=0.8121 (best) | loss=0.6151
11:20:28 INFO src.train :: epoch 11 | val_acc=0.8161 (best) | loss=0.5839
11:20:29 INFO src.train :: epoch 12 | val_acc=0.8199 (best) | loss=0.5552
11:20:29 INFO src.train :: epoch 13 | val_acc=0.8218 (best) | loss=0.5305
11:20:30 INFO src.train :: epoch 14 | val_acc=0.8223 (best) | loss=0.5086
11:20:30 INFO src.train :: epoch 15 | val_acc=0.8244 (best) | loss=0.4891
11:20:30 INFO src.train :: epoch 16 | val_acc=0.8291 (best) | loss=0.4679
11:20:31 INFO src.train :: epoch 17 | val_acc=0.8311 (best) | loss=0.4464
11:20:31 INFO src.train :: epoch 18 | val_acc=0.8327 (best) | loss=0.4274
11:20:32 INFO src.train :: epoch 19 | val_acc=0.8332 (best) | loss=0.4093
11:20:32 INFO src.train :: epoch 20 | val_acc=0.8341 (best) | loss=0.3918
11:20:34 INFO src.train :: epoch 24 | val_acc=0.8364 (best) | loss=0.3343
11:20:34 INFO src.train :: epoch 25 | val_acc=0.8385 (best) | loss=0.3212
11:20:35 INFO src.train :: epoch 26 | val_acc=0.8394 (best) | loss=0.3093
11:20:35 INFO src.train :: epoch 27 | val_acc=0.8411 (best) | loss=0.2988
11:20:35 INFO src.train :: epoch 28 | val_acc=0.8426 (best) | loss=0.2888
11:20:38 INFO src.train :: epoch 34 | val_acc=0.8427 (best) | loss=0.2329
11:20:38 INFO src.train :: epoch 35 | val_acc=0.8442 (best) | loss=0.2242
11:20:39 INFO src.train :: epoch 36 | val_acc=0.8451 (best) | loss=0.2154
11:20:47 INFO src.train :: Early stop at epoch 56 (no improvement for 20 epochs)
11:20:47 INFO src.train :: Trial 19/20 [random] | params={'lr': 0.01, 'weight_decay': 0.0001, 'hidden_channels': 256, 'dropout': 0.5}
11:20:47 INFO src.train :: train_model: encoder=tfidf model=GraphSAGE seed=18 device=auto
11:20:48 INFO src.train :: epoch 1 | val_acc=0.0055 (best) | loss=4.1142
11:20:50 INFO src.train :: epoch 3 | val_acc=0.0271 (best) | loss=3.3409
11:20:50 INFO src.train :: epoch 4 | val_acc=0.2227 (best) | loss=2.6250
11:20:51 INFO src.train :: epoch 5 | val_acc=0.2451 (best) | loss=2.0644
11:20:52 INFO src.train :: epoch 7 | val_acc=0.3195 (best) | loss=1.2180
11:20:53 INFO src.train :: epoch 8 | val_acc=0.6130 (best) | loss=1.0105
11:20:54 INFO src.train :: epoch 9 | val_acc=0.6972 (best) | loss=0.8844
/home/infres/abertrand-24/miniconda3/envs/env_gnn/lib/python3.11/site-packages/torch/optim/lr_scheduler.py:232: UserWarning: The epoch parameter in `scheduler.step()` was not necessary and is being deprecated where possible. Please use `scheduler.step()` to step the scheduler. During the deprecation, if epoch is different from None, the closed form is used instead of the new chainable form, where available. Please open an issue if you are unable to replicate your use case: https://github.com/pytorch/pytorch/issues/new/choose.
  warnings.warn(EPOCH_DEPRECATION_WARNING, UserWarning)
11:21:07 INFO src.train :: Early stop at epoch 29 (no improvement for 20 epochs)
11:21:07 INFO src.train :: Trial 20/20 [random] | params={'lr': 0.005, 'weight_decay': 0.001, 'hidden_channels': 128, 'dropout': 0.3}
11:21:07 INFO src.train :: train_model: encoder=tfidf model=GraphSAGE seed=19 device=auto
11:21:08 INFO src.train :: epoch 1 | val_acc=0.0008 (best) | loss=4.0013
11:21:10 INFO src.train :: epoch 5 | val_acc=0.0010 (best) | loss=2.7989
11:21:10 INFO src.train :: epoch 6 | val_acc=0.1306 (best) | loss=2.4935
11:21:11 INFO src.train :: epoch 7 | val_acc=0.1930 (best) | loss=2.2149
11:21:11 INFO src.train :: epoch 8 | val_acc=0.2487 (best) | loss=1.9528
11:21:12 INFO src.train :: epoch 9 | val_acc=0.3404 (best) | loss=1.7010
/home/infres/abertrand-24/miniconda3/envs/env_gnn/lib/python3.11/site-packages/torch/optim/lr_scheduler.py:232: UserWarning: The epoch parameter in `scheduler.step()` was not necessary and is being deprecated where possible. Please use `scheduler.step()` to step the scheduler. During the deprecation, if epoch is different from None, the closed form is used instead of the new chainable form, where available. Please open an issue if you are unable to replicate your use case: https://github.com/pytorch/pytorch/issues/new/choose.
  warnings.warn(EPOCH_DEPRECATION_WARNING, UserWarning)
11:21:12 INFO src.train :: epoch 10 | val_acc=0.4746 (best) | loss=1.4670
11:21:12 INFO src.train :: epoch 11 | val_acc=0.5817 (best) | loss=1.2651
11:21:13 INFO src.train :: epoch 12 | val_acc=0.6529 (best) | loss=1.0979
11:21:13 INFO src.train :: epoch 13 | val_acc=0.6654 (best) | loss=0.9781
11:21:21 INFO src.train :: Early stop at epoch 33 (no improvement for 20 epochs)
11:21:22 INFO src.train :: Hparam search done. best_val=0.8558 best_params={'lr': 0.01, 'weight_decay': 0.0001, 'hidden_channels': 256, 'dropout': 0.5}
11:21:22 INFO __main__ :: Best hparams (val_acc=0.8558): {'lr': 0.01, 'weight_decay': 0.0001, 'hidden_channels': 256, 'dropout': 0.5}
11:21:22 INFO __main__ :: Step 2: Seed sweep (5 runs) …
11:21:22 INFO src.train :: train_model: encoder=tfidf model=GraphSAGE seed=0 device=auto
11:21:23 INFO src.train :: epoch 1 | val_acc=0.0001 (best) | loss=3.7975
11:21:24 INFO src.train :: epoch 2 | val_acc=0.0279 (best) | loss=3.7848
11:21:24 INFO src.train :: epoch 3 | val_acc=0.0527 (best) | loss=3.0477
11:21:25 INFO src.train :: epoch 4 | val_acc=0.1374 (best) | loss=2.4177
11:21:26 INFO src.train :: epoch 5 | val_acc=0.1990 (best) | loss=1.8688
11:21:26 INFO src.train :: epoch 6 | val_acc=0.2676 (best) | loss=1.4014
11:21:27 INFO src.train :: epoch 7 | val_acc=0.4073 (best) | loss=1.1234
11:21:28 INFO src.train :: epoch 8 | val_acc=0.6967 (best) | loss=0.9446
11:21:28 INFO src.train :: epoch 9 | val_acc=0.7219 (best) | loss=0.8185
/home/infres/abertrand-24/miniconda3/envs/env_gnn/lib/python3.11/site-packages/torch/optim/lr_scheduler.py:232: UserWarning: The epoch parameter in `scheduler.step()` was not necessary and is being deprecated where possible. Please use `scheduler.step()` to step the scheduler. During the deprecation, if epoch is different from None, the closed form is used instead of the new chainable form, where available. Please open an issue if you are unable to replicate your use case: https://github.com/pytorch/pytorch/issues/new/choose.
  warnings.warn(EPOCH_DEPRECATION_WARNING, UserWarning)
11:21:41 INFO src.train :: epoch 28 | val_acc=0.7337 (best) | loss=0.3724
11:21:42 INFO src.train :: epoch 29 | val_acc=0.7486 (best) | loss=0.3624
11:21:42 INFO src.train :: epoch 30 | val_acc=0.7622 (best) | loss=0.3493
11:21:43 INFO src.train :: epoch 31 | val_acc=0.7742 (best) | loss=0.3417
11:21:44 INFO src.train :: epoch 32 | val_acc=0.7841 (best) | loss=0.3335
11:21:44 INFO src.train :: epoch 33 | val_acc=0.7950 (best) | loss=0.3249
11:21:45 INFO src.train :: epoch 34 | val_acc=0.8035 (best) | loss=0.3165
11:21:46 INFO src.train :: epoch 35 | val_acc=0.8120 (best) | loss=0.3111
11:21:47 INFO src.train :: epoch 36 | val_acc=0.8186 (best) | loss=0.3011
11:21:47 INFO src.train :: epoch 37 | val_acc=0.8245 (best) | loss=0.2961
11:21:48 INFO src.train :: epoch 38 | val_acc=0.8282 (best) | loss=0.2875
11:21:49 INFO src.train :: epoch 39 | val_acc=0.8318 (best) | loss=0.2793
11:21:49 INFO src.train :: epoch 40 | val_acc=0.8359 (best) | loss=0.2739
11:21:50 INFO src.train :: epoch 41 | val_acc=0.8383 (best) | loss=0.2677
11:21:51 INFO src.train :: epoch 42 | val_acc=0.8409 (best) | loss=0.2626
11:21:51 INFO src.train :: epoch 43 | val_acc=0.8424 (best) | loss=0.2544
11:21:52 INFO src.train :: epoch 44 | val_acc=0.8426 (best) | loss=0.2516
11:21:53 INFO src.train :: epoch 45 | val_acc=0.8438 (best) | loss=0.2454
11:21:54 INFO src.train :: epoch 46 | val_acc=0.8446 (best) | loss=0.2395
11:21:54 INFO src.train :: epoch 47 | val_acc=0.8462 (best) | loss=0.2345
11:21:55 INFO src.train :: epoch 48 | val_acc=0.8477 (best) | loss=0.2308
11:21:56 INFO src.train :: epoch 49 | val_acc=0.8481 (best) | loss=0.2265
11:21:56 INFO src.train :: epoch 50 | val_acc=0.8485 (best) | loss=0.2194
11:21:57 INFO src.train :: epoch 51 | val_acc=0.8491 (best) | loss=0.2149
11:21:58 INFO src.train :: epoch 52 | val_acc=0.8510 (best) | loss=0.2123
11:21:58 INFO src.train :: epoch 53 | val_acc=0.8511 (best) | loss=0.2067
11:22:00 INFO src.train :: epoch 55 | val_acc=0.8517 (best) | loss=0.1994
11:22:01 INFO src.train :: epoch 56 | val_acc=0.8526 (best) | loss=0.1970
11:22:01 INFO src.train :: epoch 57 | val_acc=0.8529 (best) | loss=0.1926
11:22:03 INFO src.train :: epoch 60 | val_acc=0.8534 (best) | loss=0.1813
11:22:04 INFO src.train :: epoch 61 | val_acc=0.8535 (best) | loss=0.1785
11:22:05 INFO src.train :: epoch 63 | val_acc=0.8539 (best) | loss=0.1713
11:22:06 INFO src.train :: epoch 64 | val_acc=0.8541 (best) | loss=0.1672
11:22:07 INFO src.train :: epoch 65 | val_acc=0.8545 (best) | loss=0.1650
11:22:08 INFO src.train :: epoch 67 | val_acc=0.8549 (best) | loss=0.1603
11:22:09 INFO src.train :: epoch 68 | val_acc=0.8550 (best) | loss=0.1571
11:22:09 INFO src.train :: epoch 69 | val_acc=0.8553 (best) | loss=0.1535
11:22:12 INFO src.train :: epoch 73 | val_acc=0.8560 (best) | loss=0.1432
11:22:25 INFO src.train :: Early stop at epoch 93 (no improvement for 20 epochs)
11:22:26 INFO __main__ :: Seed 0 done: test_acc=0.8588 | wrote h1_tfidf_GraphSAGE_seed0.json
11:22:26 INFO src.eval.harness :: seed=0 -> {'val_metric': 0.856, 'test_accuracy': 0.8588, 'test_f1_macro': 0.3308, 'test_f1_weighted': 0.8525, 'runtime_seconds': 63.19}
11:22:26 INFO src.train :: train_model: encoder=tfidf model=GraphSAGE seed=1 device=auto
11:22:27 INFO src.train :: epoch 1 | val_acc=0.0134 (best) | loss=3.9789
11:22:28 INFO src.train :: epoch 3 | val_acc=0.0572 (best) | loss=3.2019
11:22:29 INFO src.train :: epoch 4 | val_acc=0.1115 (best) | loss=2.5115
11:22:30 INFO src.train :: epoch 5 | val_acc=0.1499 (best) | loss=1.9799
11:22:30 INFO src.train :: epoch 6 | val_acc=0.2570 (best) | loss=1.4880
11:22:31 INFO src.train :: epoch 7 | val_acc=0.4892 (best) | loss=1.1591
11:22:32 INFO src.train :: epoch 8 | val_acc=0.6211 (best) | loss=0.9824
11:22:32 INFO src.train :: epoch 9 | val_acc=0.6662 (best) | loss=0.8682
/home/infres/abertrand-24/miniconda3/envs/env_gnn/lib/python3.11/site-packages/torch/optim/lr_scheduler.py:232: UserWarning: The epoch parameter in `scheduler.step()` was not necessary and is being deprecated where possible. Please use `scheduler.step()` to step the scheduler. During the deprecation, if epoch is different from None, the closed form is used instead of the new chainable form, where available. Please open an issue if you are unable to replicate your use case: https://github.com/pytorch/pytorch/issues/new/choose.
  warnings.warn(EPOCH_DEPRECATION_WARNING, UserWarning)
11:22:44 INFO src.train :: epoch 27 | val_acc=0.6795 (best) | loss=0.3911
11:22:45 INFO src.train :: epoch 28 | val_acc=0.6974 (best) | loss=0.3799
11:22:46 INFO src.train :: epoch 29 | val_acc=0.7150 (best) | loss=0.3700
11:22:46 INFO src.train :: epoch 30 | val_acc=0.7291 (best) | loss=0.3590
11:22:47 INFO src.train :: epoch 31 | val_acc=0.7432 (best) | loss=0.3520
11:22:48 INFO src.train :: epoch 32 | val_acc=0.7557 (best) | loss=0.3412
11:22:49 INFO src.train :: epoch 33 | val_acc=0.7678 (best) | loss=0.3315
11:22:49 INFO src.train :: epoch 34 | val_acc=0.7781 (best) | loss=0.3249
11:22:50 INFO src.train :: epoch 35 | val_acc=0.7880 (best) | loss=0.3162
11:22:51 INFO src.train :: epoch 36 | val_acc=0.7955 (best) | loss=0.3071
11:22:51 INFO src.train :: epoch 37 | val_acc=0.8025 (best) | loss=0.3006
11:22:52 INFO src.train :: epoch 38 | val_acc=0.8086 (best) | loss=0.2935
11:22:53 INFO src.train :: epoch 39 | val_acc=0.8136 (best) | loss=0.2857
11:22:53 INFO src.train :: epoch 40 | val_acc=0.8188 (best) | loss=0.2812
11:22:54 INFO src.train :: epoch 41 | val_acc=0.8232 (best) | loss=0.2751
11:22:55 INFO src.train :: epoch 42 | val_acc=0.8258 (best) | loss=0.2666
11:22:56 INFO src.train :: epoch 43 | val_acc=0.8293 (best) | loss=0.2602
11:22:56 INFO src.train :: epoch 44 | val_acc=0.8329 (best) | loss=0.2559
11:22:57 INFO src.train :: epoch 45 | val_acc=0.8357 (best) | loss=0.2524
11:22:58 INFO src.train :: epoch 46 | val_acc=0.8381 (best) | loss=0.2453
11:22:58 INFO src.train :: epoch 47 | val_acc=0.8408 (best) | loss=0.2393
11:22:59 INFO src.train :: epoch 48 | val_acc=0.8419 (best) | loss=0.2348
11:23:00 INFO src.train :: epoch 49 | val_acc=0.8429 (best) | loss=0.2316
11:23:01 INFO src.train :: epoch 50 | val_acc=0.8435 (best) | loss=0.2269
11:23:01 INFO src.train :: epoch 51 | val_acc=0.8447 (best) | loss=0.2224
11:23:02 INFO src.train :: epoch 52 | val_acc=0.8454 (best) | loss=0.2157
11:23:03 INFO src.train :: epoch 53 | val_acc=0.8462 (best) | loss=0.2140
11:23:03 INFO src.train :: epoch 54 | val_acc=0.8466 (best) | loss=0.2083
11:23:04 INFO src.train :: epoch 55 | val_acc=0.8480 (best) | loss=0.2053
11:23:05 INFO src.train :: epoch 56 | val_acc=0.8482 (best) | loss=0.2014
11:23:05 INFO src.train :: epoch 57 | val_acc=0.8491 (best) | loss=0.2007
11:23:06 INFO src.train :: epoch 58 | val_acc=0.8496 (best) | loss=0.1945
11:23:07 INFO src.train :: epoch 59 | val_acc=0.8499 (best) | loss=0.1896
11:23:08 INFO src.train :: epoch 61 | val_acc=0.8502 (best) | loss=0.1845
11:23:10 INFO src.train :: epoch 63 | val_acc=0.8504 (best) | loss=0.1768
11:23:10 INFO src.train :: epoch 64 | val_acc=0.8509 (best) | loss=0.1738
11:23:11 INFO src.train :: epoch 65 | val_acc=0.8514 (best) | loss=0.1736
11:23:12 INFO src.train :: epoch 67 | val_acc=0.8518 (best) | loss=0.1671
11:23:13 INFO src.train :: epoch 68 | val_acc=0.8524 (best) | loss=0.1634
11:23:14 INFO src.train :: epoch 69 | val_acc=0.8527 (best) | loss=0.1613
11:23:14 INFO src.train :: epoch 70 | val_acc=0.8529 (best) | loss=0.1578
11:23:15 INFO src.train :: epoch 71 | val_acc=0.8530 (best) | loss=0.1568
11:23:16 INFO src.train :: epoch 72 | val_acc=0.8531 (best) | loss=0.1547
11:23:26 INFO src.train :: epoch 87 | val_acc=0.8536 (best) | loss=0.1237
11:23:26 INFO src.train :: epoch 88 | val_acc=0.8540 (best) | loss=0.1228
11:23:27 INFO src.train :: epoch 89 | val_acc=0.8541 (best) | loss=0.1217
11:23:28 INFO src.train :: epoch 90 | val_acc=0.8543 (best) | loss=0.1179
11:23:35 INFO src.train :: epoch 101 | val_acc=0.8547 (best) | loss=0.1039
11:23:36 INFO src.train :: epoch 102 | val_acc=0.8548 (best) | loss=0.1030
11:23:36 INFO src.train :: epoch 103 | val_acc=0.8550 (best) | loss=0.1029
11:23:37 INFO src.train :: epoch 104 | val_acc=0.8553 (best) | loss=0.1007
11:23:40 INFO src.train :: epoch 109 | val_acc=0.8559 (best) | loss=0.0964
11:23:41 INFO src.train :: epoch 110 | val_acc=0.8561 (best) | loss=0.0928
11:23:43 INFO src.train :: epoch 113 | val_acc=0.8562 (best) | loss=0.0922
11:23:45 INFO src.train :: epoch 116 | val_acc=0.8564 (best) | loss=0.0890
11:23:46 INFO src.train :: epoch 117 | val_acc=0.8565 (best) | loss=0.0881
11:23:47 INFO src.train :: epoch 119 | val_acc=0.8568 (best) | loss=0.0868
11:23:48 INFO src.train :: epoch 120 | val_acc=0.8568 (best) | loss=0.0859
11:23:49 INFO src.train :: epoch 121 | val_acc=0.8572 (best) | loss=0.0868
11:24:02 INFO src.train :: Early stop at epoch 141 (no improvement for 20 epochs)
11:24:02 INFO __main__ :: Seed 1 done: test_acc=0.8606 | wrote h1_tfidf_GraphSAGE_seed1.json
11:24:02 INFO src.eval.harness :: seed=1 -> {'val_metric': 0.8572, 'test_accuracy': 0.8606, 'test_f1_macro': 0.3497, 'test_f1_weighted': 0.8564, 'runtime_seconds': 95.59}
11:24:02 INFO src.train :: train_model: encoder=tfidf model=GraphSAGE seed=2 device=auto
11:24:03 INFO src.train :: epoch 1 | val_acc=0.0070 (best) | loss=4.0087
11:24:04 INFO src.train :: epoch 2 | val_acc=0.0088 (best) | loss=3.9991
11:24:05 INFO src.train :: epoch 3 | val_acc=0.0155 (best) | loss=3.2671
11:24:06 INFO src.train :: epoch 4 | val_acc=0.1690 (best) | loss=2.5576
11:24:06 INFO src.train :: epoch 5 | val_acc=0.2770 (best) | loss=2.0128
11:24:08 INFO src.train :: epoch 7 | val_acc=0.3917 (best) | loss=1.1966
11:24:08 INFO src.train :: epoch 8 | val_acc=0.6286 (best) | loss=0.9984
11:24:09 INFO src.train :: epoch 9 | val_acc=0.6880 (best) | loss=0.8645
/home/infres/abertrand-24/miniconda3/envs/env_gnn/lib/python3.11/site-packages/torch/optim/lr_scheduler.py:232: UserWarning: The epoch parameter in `scheduler.step()` was not necessary and is being deprecated where possible. Please use `scheduler.step()` to step the scheduler. During the deprecation, if epoch is different from None, the closed form is used instead of the new chainable form, where available. Please open an issue if you are unable to replicate your use case: https://github.com/pytorch/pytorch/issues/new/choose.
  warnings.warn(EPOCH_DEPRECATION_WARNING, UserWarning)
11:24:10 INFO src.train :: epoch 10 | val_acc=0.6907 (best) | loss=0.7754
11:24:22 INFO src.train :: epoch 28 | val_acc=0.7062 (best) | loss=0.3741
11:24:22 INFO src.train :: epoch 29 | val_acc=0.7214 (best) | loss=0.3672
11:24:23 INFO src.train :: epoch 30 | val_acc=0.7366 (best) | loss=0.3542
11:24:24 INFO src.train :: epoch 31 | val_acc=0.7495 (best) | loss=0.3464
11:24:24 INFO src.train :: epoch 32 | val_acc=0.7633 (best) | loss=0.3399
11:24:25 INFO src.train :: epoch 33 | val_acc=0.7760 (best) | loss=0.3315
11:24:26 INFO src.train :: epoch 34 | val_acc=0.7864 (best) | loss=0.3224
11:24:26 INFO src.train :: epoch 35 | val_acc=0.7955 (best) | loss=0.3141
11:24:27 INFO src.train :: epoch 36 | val_acc=0.8024 (best) | loss=0.3045
11:24:28 INFO src.train :: epoch 37 | val_acc=0.8081 (best) | loss=0.2986
11:24:29 INFO src.train :: epoch 38 | val_acc=0.8136 (best) | loss=0.2935
11:24:29 INFO src.train :: epoch 39 | val_acc=0.8185 (best) | loss=0.2860
11:24:30 INFO src.train :: epoch 40 | val_acc=0.8230 (best) | loss=0.2780
11:24:31 INFO src.train :: epoch 41 | val_acc=0.8267 (best) | loss=0.2757
11:24:31 INFO src.train :: epoch 42 | val_acc=0.8303 (best) | loss=0.2685
11:24:32 INFO src.train :: epoch 43 | val_acc=0.8336 (best) | loss=0.2629
11:24:33 INFO src.train :: epoch 44 | val_acc=0.8358 (best) | loss=0.2567
11:24:33 INFO src.train :: epoch 45 | val_acc=0.8375 (best) | loss=0.2501
11:24:34 INFO src.train :: epoch 46 | val_acc=0.8391 (best) | loss=0.2465
11:24:35 INFO src.train :: epoch 47 | val_acc=0.8408 (best) | loss=0.2419
11:24:36 INFO src.train :: epoch 48 | val_acc=0.8428 (best) | loss=0.2366
11:24:36 INFO src.train :: epoch 49 | val_acc=0.8444 (best) | loss=0.2331
11:24:37 INFO src.train :: epoch 50 | val_acc=0.8452 (best) | loss=0.2293
11:24:38 INFO src.train :: epoch 51 | val_acc=0.8467 (best) | loss=0.2237
11:24:38 INFO src.train :: epoch 52 | val_acc=0.8473 (best) | loss=0.2209
11:24:39 INFO src.train :: epoch 53 | val_acc=0.8487 (best) | loss=0.2185
11:24:40 INFO src.train :: epoch 54 | val_acc=0.8490 (best) | loss=0.2117
11:24:40 INFO src.train :: epoch 55 | val_acc=0.8493 (best) | loss=0.2083
11:24:41 INFO src.train :: epoch 56 | val_acc=0.8503 (best) | loss=0.2050
11:24:42 INFO src.train :: epoch 57 | val_acc=0.8506 (best) | loss=0.2003
11:24:42 INFO src.train :: epoch 58 | val_acc=0.8508 (best) | loss=0.1969
11:24:43 INFO src.train :: epoch 59 | val_acc=0.8512 (best) | loss=0.1946
11:24:44 INFO src.train :: epoch 60 | val_acc=0.8520 (best) | loss=0.1911
11:24:47 INFO src.train :: epoch 65 | val_acc=0.8521 (best) | loss=0.1750
11:24:48 INFO src.train :: epoch 66 | val_acc=0.8527 (best) | loss=0.1719
11:24:49 INFO src.train :: epoch 67 | val_acc=0.8534 (best) | loss=0.1700
11:24:50 INFO src.train :: epoch 69 | val_acc=0.8536 (best) | loss=0.1641
11:24:51 INFO src.train :: epoch 71 | val_acc=0.8538 (best) | loss=0.1597
11:24:53 INFO src.train :: epoch 73 | val_acc=0.8539 (best) | loss=0.1536
11:24:53 INFO src.train :: epoch 74 | val_acc=0.8542 (best) | loss=0.1522
11:24:57 INFO src.train :: epoch 79 | val_acc=0.8544 (best) | loss=0.1393
11:24:58 INFO src.train :: epoch 81 | val_acc=0.8548 (best) | loss=0.1360
11:24:59 INFO src.train :: epoch 82 | val_acc=0.8550 (best) | loss=0.1346
11:24:59 INFO src.train :: epoch 83 | val_acc=0.8551 (best) | loss=0.1338
11:25:00 INFO src.train :: epoch 84 | val_acc=0.8556 (best) | loss=0.1315
11:25:04 INFO src.train :: epoch 90 | val_acc=0.8563 (best) | loss=0.1220
11:25:17 INFO src.train :: Early stop at epoch 110 (no improvement for 20 epochs)
11:25:18 INFO __main__ :: Seed 2 done: test_acc=0.8588 | wrote h1_tfidf_GraphSAGE_seed2.json
11:25:18 INFO src.eval.harness :: seed=2 -> {'val_metric': 0.8563, 'test_accuracy': 0.8588, 'test_f1_macro': 0.3357, 'test_f1_weighted': 0.8537, 'runtime_seconds': 74.66}
11:25:18 INFO src.train :: train_model: encoder=tfidf model=GraphSAGE seed=3 device=auto
11:25:19 INFO src.train :: epoch 1 | val_acc=0.0016 (best) | loss=3.9405
11:25:20 INFO src.train :: epoch 2 | val_acc=0.3703 (best) | loss=3.9276
11:25:23 INFO src.train :: epoch 7 | val_acc=0.4868 (best) | loss=1.1484
11:25:24 INFO src.train :: epoch 8 | val_acc=0.6029 (best) | loss=0.9745
11:25:24 INFO src.train :: epoch 9 | val_acc=0.6290 (best) | loss=0.8566
/home/infres/abertrand-24/miniconda3/envs/env_gnn/lib/python3.11/site-packages/torch/optim/lr_scheduler.py:232: UserWarning: The epoch parameter in `scheduler.step()` was not necessary and is being deprecated where possible. Please use `scheduler.step()` to step the scheduler. During the deprecation, if epoch is different from None, the closed form is used instead of the new chainable form, where available. Please open an issue if you are unable to replicate your use case: https://github.com/pytorch/pytorch/issues/new/choose.
  warnings.warn(EPOCH_DEPRECATION_WARNING, UserWarning)
11:25:35 INFO src.train :: epoch 25 | val_acc=0.6298 (best) | loss=0.4158
11:25:36 INFO src.train :: epoch 26 | val_acc=0.6484 (best) | loss=0.4020
11:25:36 INFO src.train :: epoch 27 | val_acc=0.6683 (best) | loss=0.3906
11:25:37 INFO src.train :: epoch 28 | val_acc=0.6866 (best) | loss=0.3812
11:25:38 INFO src.train :: epoch 29 | val_acc=0.7051 (best) | loss=0.3704
11:25:38 INFO src.train :: epoch 30 | val_acc=0.7214 (best) | loss=0.3599
11:25:39 INFO src.train :: epoch 31 | val_acc=0.7368 (best) | loss=0.3516
11:25:40 INFO src.train :: epoch 32 | val_acc=0.7519 (best) | loss=0.3392
11:25:41 INFO src.train :: epoch 33 | val_acc=0.7641 (best) | loss=0.3322
11:25:41 INFO src.train :: epoch 34 | val_acc=0.7754 (best) | loss=0.3240
11:25:42 INFO src.train :: epoch 35 | val_acc=0.7852 (best) | loss=0.3154
11:25:43 INFO src.train :: epoch 36 | val_acc=0.7944 (best) | loss=0.3093
11:25:43 INFO src.train :: epoch 37 | val_acc=0.8018 (best) | loss=0.3004
11:25:44 INFO src.train :: epoch 38 | val_acc=0.8093 (best) | loss=0.2972
11:25:45 INFO src.train :: epoch 39 | val_acc=0.8150 (best) | loss=0.2890
11:25:45 INFO src.train :: epoch 40 | val_acc=0.8204 (best) | loss=0.2803
11:25:46 INFO src.train :: epoch 41 | val_acc=0.8253 (best) | loss=0.2718
11:25:47 INFO src.train :: epoch 42 | val_acc=0.8286 (best) | loss=0.2695
11:25:48 INFO src.train :: epoch 43 | val_acc=0.8319 (best) | loss=0.2623
11:25:48 INFO src.train :: epoch 44 | val_acc=0.8340 (best) | loss=0.2559
11:25:49 INFO src.train :: epoch 45 | val_acc=0.8359 (best) | loss=0.2502
11:25:50 INFO src.train :: epoch 46 | val_acc=0.8384 (best) | loss=0.2444
11:25:50 INFO src.train :: epoch 47 | val_acc=0.8403 (best) | loss=0.2410
11:25:51 INFO src.train :: epoch 48 | val_acc=0.8421 (best) | loss=0.2350
11:25:52 INFO src.train :: epoch 49 | val_acc=0.8433 (best) | loss=0.2280
11:25:52 INFO src.train :: epoch 50 | val_acc=0.8445 (best) | loss=0.2252
11:25:53 INFO src.train :: epoch 51 | val_acc=0.8454 (best) | loss=0.2209
11:25:54 INFO src.train :: epoch 52 | val_acc=0.8469 (best) | loss=0.2154
11:25:55 INFO src.train :: epoch 53 | val_acc=0.8482 (best) | loss=0.2119
11:25:55 INFO src.train :: epoch 54 | val_acc=0.8504 (best) | loss=0.2087
11:25:56 INFO src.train :: epoch 55 | val_acc=0.8511 (best) | loss=0.2040
11:25:57 INFO src.train :: epoch 56 | val_acc=0.8523 (best) | loss=0.1994
11:25:57 INFO src.train :: epoch 57 | val_acc=0.8524 (best) | loss=0.1947
11:25:58 INFO src.train :: epoch 58 | val_acc=0.8527 (best) | loss=0.1916
11:25:59 INFO src.train :: epoch 59 | val_acc=0.8531 (best) | loss=0.1881
11:25:59 INFO src.train :: epoch 60 | val_acc=0.8533 (best) | loss=0.1845
11:26:00 INFO src.train :: epoch 61 | val_acc=0.8535 (best) | loss=0.1831
11:26:01 INFO src.train :: epoch 62 | val_acc=0.8537 (best) | loss=0.1791
11:26:03 INFO src.train :: epoch 65 | val_acc=0.8538 (best) | loss=0.1701
11:26:04 INFO src.train :: epoch 66 | val_acc=0.8541 (best) | loss=0.1655
11:26:04 INFO src.train :: epoch 67 | val_acc=0.8545 (best) | loss=0.1629
11:26:06 INFO src.train :: epoch 69 | val_acc=0.8547 (best) | loss=0.1570
11:26:08 INFO src.train :: epoch 73 | val_acc=0.8548 (best) | loss=0.1463
11:26:09 INFO src.train :: epoch 74 | val_acc=0.8548 (best) | loss=0.1440
11:26:11 INFO src.train :: epoch 77 | val_acc=0.8550 (best) | loss=0.1399
11:26:15 INFO src.train :: epoch 83 | val_acc=0.8554 (best) | loss=0.1246
11:26:16 INFO src.train :: epoch 84 | val_acc=0.8554 (best) | loss=0.1231
11:26:16 INFO src.train :: epoch 85 | val_acc=0.8557 (best) | loss=0.1247
11:26:30 INFO src.train :: Early stop at epoch 105 (no improvement for 20 epochs)
11:26:30 INFO __main__ :: Seed 3 done: test_acc=0.8589 | wrote h1_tfidf_GraphSAGE_seed3.json
11:26:30 INFO src.eval.harness :: seed=3 -> {'val_metric': 0.8557, 'test_accuracy': 0.8589, 'test_f1_macro': 0.3399, 'test_f1_weighted': 0.8537, 'runtime_seconds': 71.3}
11:26:30 INFO src.train :: train_model: encoder=tfidf model=GraphSAGE seed=4 device=auto
11:26:31 INFO src.train :: epoch 1 | val_acc=0.0001 (best) | loss=3.9216
11:26:32 INFO src.train :: epoch 2 | val_acc=0.0026 (best) | loss=3.9114
11:26:33 INFO src.train :: epoch 3 | val_acc=0.0587 (best) | loss=3.1725
11:26:33 INFO src.train :: epoch 4 | val_acc=0.0775 (best) | loss=2.4824
11:26:34 INFO src.train :: epoch 5 | val_acc=0.2214 (best) | loss=1.9618
11:26:35 INFO src.train :: epoch 6 | val_acc=0.4351 (best) | loss=1.4963
11:26:35 INFO src.train :: epoch 7 | val_acc=0.6276 (best) | loss=1.1656
11:26:36 INFO src.train :: epoch 8 | val_acc=0.6552 (best) | loss=0.9761
/home/infres/abertrand-24/miniconda3/envs/env_gnn/lib/python3.11/site-packages/torch/optim/lr_scheduler.py:232: UserWarning: The epoch parameter in `scheduler.step()` was not necessary and is being deprecated where possible. Please use `scheduler.step()` to step the scheduler. During the deprecation, if epoch is different from None, the closed form is used instead of the new chainable form, where available. Please open an issue if you are unable to replicate your use case: https://github.com/pytorch/pytorch/issues/new/choose.
  warnings.warn(EPOCH_DEPRECATION_WARNING, UserWarning)
11:26:49 INFO src.train :: epoch 28 | val_acc=0.6736 (best) | loss=0.3701
11:26:50 INFO src.train :: epoch 29 | val_acc=0.6926 (best) | loss=0.3606
11:26:51 INFO src.train :: epoch 30 | val_acc=0.7114 (best) | loss=0.3507
11:26:51 INFO src.train :: epoch 31 | val_acc=0.7295 (best) | loss=0.3399
11:26:52 INFO src.train :: epoch 32 | val_acc=0.7445 (best) | loss=0.3313
11:26:53 INFO src.train :: epoch 33 | val_acc=0.7572 (best) | loss=0.3245
11:26:53 INFO src.train :: epoch 34 | val_acc=0.7701 (best) | loss=0.3166
11:26:54 INFO src.train :: epoch 35 | val_acc=0.7803 (best) | loss=0.3065
11:26:55 INFO src.train :: epoch 36 | val_acc=0.7906 (best) | loss=0.3044
11:26:55 INFO src.train :: epoch 37 | val_acc=0.7972 (best) | loss=0.2924
11:26:56 INFO src.train :: epoch 38 | val_acc=0.8057 (best) | loss=0.2902
11:26:57 INFO src.train :: epoch 39 | val_acc=0.8128 (best) | loss=0.2806
11:26:58 INFO src.train :: epoch 40 | val_acc=0.8180 (best) | loss=0.2733
11:26:58 INFO src.train :: epoch 41 | val_acc=0.8222 (best) | loss=0.2693
11:26:59 INFO src.train :: epoch 42 | val_acc=0.8261 (best) | loss=0.2608
11:27:00 INFO src.train :: epoch 43 | val_acc=0.8284 (best) | loss=0.2582
11:27:00 INFO src.train :: epoch 44 | val_acc=0.8300 (best) | loss=0.2492
11:27:01 INFO src.train :: epoch 45 | val_acc=0.8334 (best) | loss=0.2446
11:27:02 INFO src.train :: epoch 46 | val_acc=0.8357 (best) | loss=0.2408
11:27:02 INFO src.train :: epoch 47 | val_acc=0.8384 (best) | loss=0.2362
11:27:03 INFO src.train :: epoch 48 | val_acc=0.8410 (best) | loss=0.2312
11:27:04 INFO src.train :: epoch 49 | val_acc=0.8417 (best) | loss=0.2278
11:27:05 INFO src.train :: epoch 50 | val_acc=0.8431 (best) | loss=0.2262
11:27:05 INFO src.train :: epoch 51 | val_acc=0.8444 (best) | loss=0.2171
11:27:06 INFO src.train :: epoch 52 | val_acc=0.8452 (best) | loss=0.2125
11:27:07 INFO src.train :: epoch 53 | val_acc=0.8473 (best) | loss=0.2100
11:27:07 INFO src.train :: epoch 54 | val_acc=0.8479 (best) | loss=0.2055
11:27:08 INFO src.train :: epoch 55 | val_acc=0.8488 (best) | loss=0.2038
11:27:09 INFO src.train :: epoch 56 | val_acc=0.8491 (best) | loss=0.1992
11:27:09 INFO src.train :: epoch 57 | val_acc=0.8491 (best) | loss=0.1962
11:27:10 INFO src.train :: epoch 58 | val_acc=0.8495 (best) | loss=0.1929
11:27:11 INFO src.train :: epoch 59 | val_acc=0.8502 (best) | loss=0.1888
11:27:12 INFO src.train :: epoch 60 | val_acc=0.8507 (best) | loss=0.1840
11:27:13 INFO src.train :: epoch 62 | val_acc=0.8516 (best) | loss=0.1780
11:27:18 INFO src.train :: epoch 70 | val_acc=0.8523 (best) | loss=0.1579
11:27:20 INFO src.train :: epoch 72 | val_acc=0.8526 (best) | loss=0.1527
11:27:21 INFO src.train :: epoch 74 | val_acc=0.8527 (best) | loss=0.1489
11:27:22 INFO src.train :: epoch 76 | val_acc=0.8528 (best) | loss=0.1453
11:27:23 INFO src.train :: epoch 77 | val_acc=0.8531 (best) | loss=0.1427
11:27:24 INFO src.train :: epoch 78 | val_acc=0.8532 (best) | loss=0.1401
11:27:24 INFO src.train :: epoch 79 | val_acc=0.8535 (best) | loss=0.1378
11:27:30 INFO src.train :: epoch 88 | val_acc=0.8537 (best) | loss=0.1244
11:27:36 INFO src.train :: epoch 96 | val_acc=0.8540 (best) | loss=0.1123
11:27:38 INFO src.train :: epoch 100 | val_acc=0.8545 (best) | loss=0.1066
11:27:39 INFO src.train :: epoch 101 | val_acc=0.8548 (best) | loss=0.1042
11:27:40 INFO src.train :: epoch 102 | val_acc=0.8549 (best) | loss=0.1045
11:27:41 INFO src.train :: epoch 104 | val_acc=0.8550 (best) | loss=0.1024
11:27:42 INFO src.train :: epoch 105 | val_acc=0.8552 (best) | loss=0.1007
11:27:48 INFO src.train :: epoch 114 | val_acc=0.8556 (best) | loss=0.0950
11:28:01 INFO src.train :: Early stop at epoch 134 (no improvement for 20 epochs)
11:28:01 INFO __main__ :: Seed 4 done: test_acc=0.8609 | wrote h1_tfidf_GraphSAGE_seed4.json
11:28:01 INFO src.eval.harness :: seed=4 -> {'val_metric': 0.8556, 'test_accuracy': 0.8609, 'test_f1_macro': 0.3491, 'test_f1_weighted': 0.8569, 'runtime_seconds': 90.49}
11:28:01 INFO __main__ :: GraphSAGE sweep complete: mean_acc=0.8596 ± 0.0010  CI95=[0.8587, 0.8605]
11:28:02 INFO __main__ :: ============================================================
11:28:02 INFO __main__ :: Model: GAT | hparam trials: 20 | seed runs: 5
11:28:02 INFO __main__ :: ============================================================
11:28:02 INFO __main__ :: Step 1: Hyperparameter search …
11:28:02 INFO src.train :: Hyperparameter search: model=GAT encoder=tfidf n_trials=20
11:28:02 INFO src.train :: Trial 1/20 [random] | params={'lr': 0.05, 'weight_decay': 0.0001, 'hidden_channels': 64, 'dropout': 0.0}
11:28:02 INFO src.train :: train_model: encoder=tfidf model=GAT seed=0 device=auto
11:28:04 INFO src.train :: epoch 1 | val_acc=0.0012 (best) | loss=3.8233
11:28:04 INFO src.train :: epoch 2 | val_acc=0.0192 (best) | loss=3.8041
11:28:04 INFO src.train :: epoch 3 | val_acc=0.3975 (best) | loss=2.8361
11:28:04 INFO src.train :: epoch 4 | val_acc=0.4283 (best) | loss=2.2000
11:28:05 INFO src.train :: epoch 5 | val_acc=0.5279 (best) | loss=1.6744
11:28:05 INFO src.train :: epoch 6 | val_acc=0.6070 (best) | loss=1.2666
11:28:05 INFO src.train :: epoch 7 | val_acc=0.6579 (best) | loss=0.9763
11:28:05 INFO src.train :: epoch 8 | val_acc=0.7014 (best) | loss=0.8012
11:28:05 INFO src.train :: epoch 9 | val_acc=0.7303 (best) | loss=0.7061
/home/infres/abertrand-24/miniconda3/envs/env_gnn/lib/python3.11/site-packages/torch/optim/lr_scheduler.py:232: UserWarning: The epoch parameter in `scheduler.step()` was not necessary and is being deprecated where possible. Please use `scheduler.step()` to step the scheduler. During the deprecation, if epoch is different from None, the closed form is used instead of the new chainable form, where available. Please open an issue if you are unable to replicate your use case: https://github.com/pytorch/pytorch/issues/new/choose.
  warnings.warn(EPOCH_DEPRECATION_WARNING, UserWarning)
11:28:06 INFO src.train :: epoch 10 | val_acc=0.7491 (best) | loss=0.6597
11:28:06 INFO src.train :: epoch 11 | val_acc=0.7688 (best) | loss=0.6217
11:28:06 INFO src.train :: epoch 12 | val_acc=0.7807 (best) | loss=0.5940
11:28:06 INFO src.train :: epoch 13 | val_acc=0.7845 (best) | loss=0.5619
11:28:07 INFO src.train :: epoch 14 | val_acc=0.7910 (best) | loss=0.5346
11:28:07 INFO src.train :: epoch 15 | val_acc=0.7980 (best) | loss=0.5101
11:28:08 INFO src.train :: epoch 22 | val_acc=0.8004 (best) | loss=0.3731
11:28:08 INFO src.train :: epoch 23 | val_acc=0.8026 (best) | loss=0.3579
11:28:09 INFO src.train :: epoch 24 | val_acc=0.8067 (best) | loss=0.3428
11:28:09 INFO src.train :: epoch 25 | val_acc=0.8080 (best) | loss=0.3289
11:28:09 INFO src.train :: epoch 26 | val_acc=0.8094 (best) | loss=0.3144
11:28:09 INFO src.train :: epoch 27 | val_acc=0.8095 (best) | loss=0.3012
11:28:09 INFO src.train :: epoch 28 | val_acc=0.8099 (best) | loss=0.2882
11:28:13 INFO src.train :: Early stop at epoch 48 (no improvement for 20 epochs)
11:28:14 INFO src.train ::   → new best val_acc=0.8099 with params={'lr': 0.05, 'weight_decay': 0.0001, 'hidden_channels': 64, 'dropout': 0.0}
11:28:14 INFO src.train :: Trial 2/20 [random] | params={'lr': 0.005, 'weight_decay': 0.0, 'hidden_channels': 32, 'dropout': 0.0}
11:28:14 INFO src.train :: train_model: encoder=tfidf model=GAT seed=1 device=auto
11:28:14 INFO src.train :: epoch 1 | val_acc=0.0045 (best) | loss=3.7725
11:28:15 INFO src.train :: epoch 7 | val_acc=0.0271 (best) | loss=2.8491
11:28:15 INFO src.train :: epoch 8 | val_acc=0.3479 (best) | loss=2.7084
11:28:15 INFO src.train :: epoch 9 | val_acc=0.3912 (best) | loss=2.5784
/home/infres/abertrand-24/miniconda3/envs/env_gnn/lib/python3.11/site-packages/torch/optim/lr_scheduler.py:232: UserWarning: The epoch parameter in `scheduler.step()` was not necessary and is being deprecated where possible. Please use `scheduler.step()` to step the scheduler. During the deprecation, if epoch is different from None, the closed form is used instead of the new chainable form, where available. Please open an issue if you are unable to replicate your use case: https://github.com/pytorch/pytorch/issues/new/choose.
  warnings.warn(EPOCH_DEPRECATION_WARNING, UserWarning)
11:28:16 INFO src.train :: epoch 16 | val_acc=0.3914 (best) | loss=1.7623
11:28:16 INFO src.train :: epoch 17 | val_acc=0.3985 (best) | loss=1.6659
11:28:16 INFO src.train :: epoch 18 | val_acc=0.4129 (best) | loss=1.5742
11:28:16 INFO src.train :: epoch 19 | val_acc=0.4274 (best) | loss=1.4872
11:28:17 INFO src.train :: epoch 20 | val_acc=0.4422 (best) | loss=1.4053
11:28:17 INFO src.train :: epoch 21 | val_acc=0.4575 (best) | loss=1.3285
11:28:17 INFO src.train :: epoch 22 | val_acc=0.4735 (best) | loss=1.2568
11:28:17 INFO src.train :: epoch 23 | val_acc=0.4919 (best) | loss=1.1902
11:28:17 INFO src.train :: epoch 24 | val_acc=0.5114 (best) | loss=1.1283
11:28:17 INFO src.train :: epoch 25 | val_acc=0.5351 (best) | loss=1.0709
11:28:17 INFO src.train :: epoch 26 | val_acc=0.5604 (best) | loss=1.0178
11:28:17 INFO src.train :: epoch 27 | val_acc=0.5865 (best) | loss=0.9688
11:28:18 INFO src.train :: epoch 28 | val_acc=0.6112 (best) | loss=0.9235
11:28:18 INFO src.train :: epoch 29 | val_acc=0.6320 (best) | loss=0.8818
11:28:18 INFO src.train :: epoch 30 | val_acc=0.6544 (best) | loss=0.8433
11:28:18 INFO src.train :: epoch 31 | val_acc=0.6737 (best) | loss=0.8078
11:28:18 INFO src.train :: epoch 32 | val_acc=0.6903 (best) | loss=0.7751
11:28:18 INFO src.train :: epoch 33 | val_acc=0.7036 (best) | loss=0.7449
11:28:18 INFO src.train :: epoch 34 | val_acc=0.7142 (best) | loss=0.7168
11:28:18 INFO src.train :: epoch 35 | val_acc=0.7251 (best) | loss=0.6907
11:28:19 INFO src.train :: epoch 36 | val_acc=0.7340 (best) | loss=0.6664
11:28:19 INFO src.train :: epoch 37 | val_acc=0.7422 (best) | loss=0.6437
11:28:19 INFO src.train :: epoch 38 | val_acc=0.7504 (best) | loss=0.6225
11:28:19 INFO src.train :: epoch 39 | val_acc=0.7579 (best) | loss=0.6027
11:28:19 INFO src.train :: epoch 40 | val_acc=0.7628 (best) | loss=0.5841
11:28:19 INFO src.train :: epoch 41 | val_acc=0.7682 (best) | loss=0.5667
11:28:19 INFO src.train :: epoch 42 | val_acc=0.7725 (best) | loss=0.5504
11:28:20 INFO src.train :: epoch 43 | val_acc=0.7775 (best) | loss=0.5350
11:28:20 INFO src.train :: epoch 44 | val_acc=0.7817 (best) | loss=0.5204
11:28:20 INFO src.train :: epoch 45 | val_acc=0.7848 (best) | loss=0.5065
11:28:20 INFO src.train :: epoch 46 | val_acc=0.7879 (best) | loss=0.4933
11:28:20 INFO src.train :: epoch 47 | val_acc=0.7898 (best) | loss=0.4807
11:28:20 INFO src.train :: epoch 48 | val_acc=0.7925 (best) | loss=0.4687
11:28:20 INFO src.train :: epoch 49 | val_acc=0.7955 (best) | loss=0.4572
11:28:20 INFO src.train :: epoch 50 | val_acc=0.7974 (best) | loss=0.4462
11:28:21 INFO src.train :: epoch 51 | val_acc=0.8002 (best) | loss=0.4358
11:28:21 INFO src.train :: epoch 52 | val_acc=0.8026 (best) | loss=0.4257
11:28:21 INFO src.train :: epoch 53 | val_acc=0.8041 (best) | loss=0.4160
11:28:21 INFO src.train :: epoch 54 | val_acc=0.8044 (best) | loss=0.4067
11:28:21 INFO src.train :: epoch 55 | val_acc=0.8065 (best) | loss=0.3976
11:28:21 INFO src.train :: epoch 56 | val_acc=0.8070 (best) | loss=0.3888
11:28:21 INFO src.train :: epoch 57 | val_acc=0.8078 (best) | loss=0.3804
11:28:21 INFO src.train :: epoch 58 | val_acc=0.8084 (best) | loss=0.3723
11:28:22 INFO src.train :: epoch 59 | val_acc=0.8089 (best) | loss=0.3645
11:28:22 INFO src.train :: epoch 60 | val_acc=0.8092 (best) | loss=0.3569
11:28:22 INFO src.train :: epoch 61 | val_acc=0.8099 (best) | loss=0.3495
11:28:22 INFO src.train :: epoch 62 | val_acc=0.8101 (best) | loss=0.3424
11:28:22 INFO src.train :: epoch 63 | val_acc=0.8116 (best) | loss=0.3355
11:28:22 INFO src.train :: epoch 65 | val_acc=0.8126 (best) | loss=0.3222
11:28:23 INFO src.train :: epoch 67 | val_acc=0.8134 (best) | loss=0.3097
11:28:23 INFO src.train :: epoch 70 | val_acc=0.8135 (best) | loss=0.2921
11:28:25 INFO src.train :: Early stop at epoch 90 (no improvement for 20 epochs)
11:28:25 INFO src.train ::   → new best val_acc=0.8135 with params={'lr': 0.005, 'weight_decay': 0.0, 'hidden_channels': 32, 'dropout': 0.0}
11:28:25 INFO src.train :: Trial 3/20 [random] | params={'lr': 0.005, 'weight_decay': 0.001, 'hidden_channels': 64, 'dropout': 0.5}
11:28:25 INFO src.train :: train_model: encoder=tfidf model=GAT seed=2 device=auto
11:28:26 INFO src.train :: epoch 1 | val_acc=0.0001 (best) | loss=3.9613
11:28:27 INFO src.train :: epoch 4 | val_acc=0.0026 (best) | loss=3.8101
11:28:27 INFO src.train :: epoch 5 | val_acc=0.0466 (best) | loss=3.6750
11:28:27 INFO src.train :: epoch 6 | val_acc=0.0510 (best) | loss=3.5415
11:28:27 INFO src.train :: epoch 7 | val_acc=0.0531 (best) | loss=3.3897
11:28:28 INFO src.train :: epoch 8 | val_acc=0.2999 (best) | loss=3.2501
11:28:28 INFO src.train :: epoch 9 | val_acc=0.4124 (best) | loss=3.1135
/home/infres/abertrand-24/miniconda3/envs/env_gnn/lib/python3.11/site-packages/torch/optim/lr_scheduler.py:232: UserWarning: The epoch parameter in `scheduler.step()` was not necessary and is being deprecated where possible. Please use `scheduler.step()` to step the scheduler. During the deprecation, if epoch is different from None, the closed form is used instead of the new chainable form, where available. Please open an issue if you are unable to replicate your use case: https://github.com/pytorch/pytorch/issues/new/choose.
  warnings.warn(EPOCH_DEPRECATION_WARNING, UserWarning)
11:28:28 INFO src.train :: epoch 10 | val_acc=0.4303 (best) | loss=2.9591
11:28:28 INFO src.train :: epoch 11 | val_acc=0.4535 (best) | loss=2.8138
11:28:29 INFO src.train :: epoch 12 | val_acc=0.4561 (best) | loss=2.6601
11:28:31 INFO src.train :: epoch 23 | val_acc=0.4629 (best) | loss=1.8035
11:28:31 INFO src.train :: epoch 24 | val_acc=0.4882 (best) | loss=1.7657
11:28:31 INFO src.train :: epoch 25 | val_acc=0.5190 (best) | loss=1.7280
11:28:31 INFO src.train :: epoch 26 | val_acc=0.5501 (best) | loss=1.6884
11:28:32 INFO src.train :: epoch 27 | val_acc=0.5759 (best) | loss=1.6510
11:28:32 INFO src.train :: epoch 28 | val_acc=0.6006 (best) | loss=1.6296
11:28:32 INFO src.train :: epoch 29 | val_acc=0.6203 (best) | loss=1.6004
11:28:32 INFO src.train :: epoch 30 | val_acc=0.6319 (best) | loss=1.5772
11:28:32 INFO src.train :: epoch 31 | val_acc=0.6406 (best) | loss=1.5475
11:28:33 INFO src.train :: epoch 32 | val_acc=0.6466 (best) | loss=1.5278
11:28:33 INFO src.train :: epoch 33 | val_acc=0.6503 (best) | loss=1.5148
11:28:33 INFO src.train :: epoch 34 | val_acc=0.6538 (best) | loss=1.4924
11:28:33 INFO src.train :: epoch 35 | val_acc=0.6600 (best) | loss=1.4720
11:28:34 INFO src.train :: epoch 36 | val_acc=0.6673 (best) | loss=1.4581
11:28:34 INFO src.train :: epoch 37 | val_acc=0.6726 (best) | loss=1.4485
11:28:34 INFO src.train :: epoch 38 | val_acc=0.6794 (best) | loss=1.4243
11:28:34 INFO src.train :: epoch 39 | val_acc=0.6889 (best) | loss=1.4114
11:28:34 INFO src.train :: epoch 40 | val_acc=0.6990 (best) | loss=1.4092
11:28:35 INFO src.train :: epoch 41 | val_acc=0.7134 (best) | loss=1.3881
11:28:35 INFO src.train :: epoch 42 | val_acc=0.7258 (best) | loss=1.3754
11:28:35 INFO src.train :: epoch 43 | val_acc=0.7302 (best) | loss=1.3683
11:28:35 INFO src.train :: epoch 44 | val_acc=0.7314 (best) | loss=1.3597
11:28:36 INFO src.train :: epoch 45 | val_acc=0.7338 (best) | loss=1.3528
11:28:36 INFO src.train :: epoch 46 | val_acc=0.7406 (best) | loss=1.3355
11:28:36 INFO src.train :: epoch 47 | val_acc=0.7479 (best) | loss=1.3252
11:28:37 INFO src.train :: epoch 50 | val_acc=0.7547 (best) | loss=1.3083
11:28:37 INFO src.train :: epoch 51 | val_acc=0.7640 (best) | loss=1.3021
11:28:37 INFO src.train :: epoch 53 | val_acc=0.7657 (best) | loss=1.2991
11:28:37 INFO src.train :: epoch 54 | val_acc=0.7738 (best) | loss=1.2810
11:28:38 INFO src.train :: epoch 56 | val_acc=0.7743 (best) | loss=1.2757
11:28:38 INFO src.train :: epoch 57 | val_acc=0.7822 (best) | loss=1.2737
11:28:38 INFO src.train :: epoch 59 | val_acc=0.7825 (best) | loss=1.2693
11:28:39 INFO src.train :: epoch 60 | val_acc=0.7918 (best) | loss=1.2591
11:28:39 INFO src.train :: epoch 63 | val_acc=0.7945 (best) | loss=1.2524
11:28:40 INFO src.train :: epoch 64 | val_acc=0.7948 (best) | loss=1.2498
11:28:40 INFO src.train :: epoch 66 | val_acc=0.7987 (best) | loss=1.2397
11:28:41 INFO src.train :: epoch 70 | val_acc=0.8006 (best) | loss=1.2283
11:28:41 INFO src.train :: epoch 72 | val_acc=0.8043 (best) | loss=1.2229
11:28:42 INFO src.train :: epoch 77 | val_acc=0.8064 (best) | loss=1.2221
11:28:42 INFO src.train :: epoch 78 | val_acc=0.8066 (best) | loss=1.2198
11:28:43 INFO src.train :: epoch 79 | val_acc=0.8088 (best) | loss=1.2213
11:28:43 INFO src.train :: epoch 80 | val_acc=0.8089 (best) | loss=1.2159
11:28:43 INFO src.train :: epoch 81 | val_acc=0.8101 (best) | loss=1.2007
11:28:43 INFO src.train :: epoch 82 | val_acc=0.8112 (best) | loss=1.2018
11:28:44 INFO src.train :: epoch 85 | val_acc=0.8123 (best) | loss=1.2058
11:28:45 INFO src.train :: epoch 92 | val_acc=0.8128 (best) | loss=1.1927
11:28:46 INFO src.train :: epoch 95 | val_acc=0.8132 (best) | loss=1.1839
11:28:46 INFO src.train :: epoch 97 | val_acc=0.8134 (best) | loss=1.1838
11:28:47 INFO src.train :: epoch 98 | val_acc=0.8134 (best) | loss=1.1890
11:28:47 INFO src.train :: epoch 101 | val_acc=0.8138 (best) | loss=1.1850
11:28:48 INFO src.train :: epoch 104 | val_acc=0.8143 (best) | loss=1.1817
11:28:48 INFO src.train :: epoch 107 | val_acc=0.8144 (best) | loss=1.1692
11:28:49 INFO src.train :: epoch 109 | val_acc=0.8163 (best) | loss=1.1717
11:28:49 INFO src.train :: epoch 110 | val_acc=0.8164 (best) | loss=1.1767
11:28:49 INFO src.train :: epoch 112 | val_acc=0.8178 (best) | loss=1.1674
11:28:50 INFO src.train :: epoch 113 | val_acc=0.8195 (best) | loss=1.1645
11:28:50 INFO src.train :: epoch 116 | val_acc=0.8198 (best) | loss=1.1589
11:28:51 INFO src.train :: epoch 117 | val_acc=0.8206 (best) | loss=1.1671
11:28:53 INFO src.train :: epoch 127 | val_acc=0.8214 (best) | loss=1.1480
11:28:57 INFO src.train :: Early stop at epoch 147 (no improvement for 20 epochs)
11:28:57 INFO src.train ::   → new best val_acc=0.8214 with params={'lr': 0.005, 'weight_decay': 0.001, 'hidden_channels': 64, 'dropout': 0.5}
11:28:57 INFO src.train :: Trial 4/20 [random] | params={'lr': 0.01, 'weight_decay': 0.0001, 'hidden_channels': 128, 'dropout': 0.5}
11:28:57 INFO src.train :: train_model: encoder=tfidf model=GAT seed=3 device=auto
11:28:58 INFO src.train :: epoch 1 | val_acc=0.0433 (best) | loss=3.9572
11:28:59 INFO src.train :: epoch 4 | val_acc=0.0434 (best) | loss=3.5228
11:28:59 INFO src.train :: epoch 5 | val_acc=0.1217 (best) | loss=3.2149
11:29:00 INFO src.train :: epoch 6 | val_acc=0.4613 (best) | loss=2.8909
/home/infres/abertrand-24/miniconda3/envs/env_gnn/lib/python3.11/site-packages/torch/optim/lr_scheduler.py:232: UserWarning: The epoch parameter in `scheduler.step()` was not necessary and is being deprecated where possible. Please use `scheduler.step()` to step the scheduler. During the deprecation, if epoch is different from None, the closed form is used instead of the new chainable form, where available. Please open an issue if you are unable to replicate your use case: https://github.com/pytorch/pytorch/issues/new/choose.
  warnings.warn(EPOCH_DEPRECATION_WARNING, UserWarning)
11:29:02 INFO src.train :: epoch 12 | val_acc=0.4628 (best) | loss=1.7013
11:29:02 INFO src.train :: epoch 13 | val_acc=0.4827 (best) | loss=1.6166
11:29:03 INFO src.train :: epoch 14 | val_acc=0.5020 (best) | loss=1.5585
11:29:03 INFO src.train :: epoch 15 | val_acc=0.5191 (best) | loss=1.5190
11:29:04 INFO src.train :: epoch 16 | val_acc=0.5344 (best) | loss=1.4894
11:29:04 INFO src.train :: epoch 17 | val_acc=0.5541 (best) | loss=1.4574
11:29:04 INFO src.train :: epoch 18 | val_acc=0.5751 (best) | loss=1.4236
11:29:05 INFO src.train :: epoch 19 | val_acc=0.5986 (best) | loss=1.3960
11:29:05 INFO src.train :: epoch 20 | val_acc=0.6269 (best) | loss=1.3858
11:29:06 INFO src.train :: epoch 21 | val_acc=0.6550 (best) | loss=1.3607
11:29:06 INFO src.train :: epoch 22 | val_acc=0.6816 (best) | loss=1.3485
11:29:07 INFO src.train :: epoch 23 | val_acc=0.7054 (best) | loss=1.3181
11:29:07 INFO src.train :: epoch 24 | val_acc=0.7256 (best) | loss=1.2993
11:29:07 INFO src.train :: epoch 25 | val_acc=0.7442 (best) | loss=1.2933
11:29:08 INFO src.train :: epoch 26 | val_acc=0.7561 (best) | loss=1.2804
11:29:08 INFO src.train :: epoch 27 | val_acc=0.7657 (best) | loss=1.2713
11:29:09 INFO src.train :: epoch 28 | val_acc=0.7706 (best) | loss=1.2465
11:29:09 INFO src.train :: epoch 29 | val_acc=0.7754 (best) | loss=1.2454
11:29:09 INFO src.train :: epoch 30 | val_acc=0.7808 (best) | loss=1.2309
11:29:10 INFO src.train :: epoch 31 | val_acc=0.7858 (best) | loss=1.2250
11:29:10 INFO src.train :: epoch 32 | val_acc=0.7911 (best) | loss=1.2142
11:29:11 INFO src.train :: epoch 33 | val_acc=0.7952 (best) | loss=1.2105
11:29:11 INFO src.train :: epoch 34 | val_acc=0.7987 (best) | loss=1.2040
11:29:11 INFO src.train :: epoch 35 | val_acc=0.8022 (best) | loss=1.1971
11:29:12 INFO src.train :: epoch 36 | val_acc=0.8037 (best) | loss=1.1935
11:29:12 INFO src.train :: epoch 37 | val_acc=0.8041 (best) | loss=1.1854
11:29:13 INFO src.train :: epoch 38 | val_acc=0.8048 (best) | loss=1.1799
11:29:13 INFO src.train :: epoch 39 | val_acc=0.8058 (best) | loss=1.1668
11:29:14 INFO src.train :: epoch 40 | val_acc=0.8070 (best) | loss=1.1669
11:29:14 INFO src.train :: epoch 41 | val_acc=0.8080 (best) | loss=1.1588
11:29:14 INFO src.train :: epoch 42 | val_acc=0.8099 (best) | loss=1.1573
11:29:15 INFO src.train :: epoch 43 | val_acc=0.8108 (best) | loss=1.1473
11:29:15 INFO src.train :: epoch 44 | val_acc=0.8111 (best) | loss=1.1388
11:29:16 INFO src.train :: epoch 45 | val_acc=0.8121 (best) | loss=1.1387
11:29:16 INFO src.train :: epoch 46 | val_acc=0.8128 (best) | loss=1.1377
11:29:16 INFO src.train :: epoch 47 | val_acc=0.8154 (best) | loss=1.1304
11:29:17 INFO src.train :: epoch 48 | val_acc=0.8168 (best) | loss=1.1310
11:29:17 INFO src.train :: epoch 49 | val_acc=0.8180 (best) | loss=1.1162
11:29:18 INFO src.train :: epoch 51 | val_acc=0.8184 (best) | loss=1.1148
11:29:18 INFO src.train :: epoch 52 | val_acc=0.8192 (best) | loss=1.1124
11:29:19 INFO src.train :: epoch 53 | val_acc=0.8216 (best) | loss=1.1036
11:29:19 INFO src.train :: epoch 54 | val_acc=0.8224 (best) | loss=1.1045
11:29:20 INFO src.train :: epoch 57 | val_acc=0.8230 (best) | loss=1.0866
11:29:21 INFO src.train :: epoch 58 | val_acc=0.8234 (best) | loss=1.0819
11:29:21 INFO src.train :: epoch 59 | val_acc=0.8238 (best) | loss=1.0829
11:29:22 INFO src.train :: epoch 62 | val_acc=0.8240 (best) | loss=1.0773
11:29:23 INFO src.train :: epoch 63 | val_acc=0.8251 (best) | loss=1.0743
11:29:23 INFO src.train :: epoch 64 | val_acc=0.8261 (best) | loss=1.0689
11:29:24 INFO src.train :: epoch 65 | val_acc=0.8271 (best) | loss=1.0611
11:29:24 INFO src.train :: epoch 66 | val_acc=0.8272 (best) | loss=1.0623
11:29:25 INFO src.train :: epoch 67 | val_acc=0.8282 (best) | loss=1.0560
11:29:25 INFO src.train :: epoch 68 | val_acc=0.8286 (best) | loss=1.0506
11:29:26 INFO src.train :: epoch 70 | val_acc=0.8294 (best) | loss=1.0519
11:29:26 INFO src.train :: epoch 71 | val_acc=0.8298 (best) | loss=1.0507
11:29:27 INFO src.train :: epoch 72 | val_acc=0.8305 (best) | loss=1.0492
11:29:27 INFO src.train :: epoch 73 | val_acc=0.8307 (best) | loss=1.0383
11:29:28 INFO src.train :: epoch 75 | val_acc=0.8312 (best) | loss=1.0447
11:29:30 INFO src.train :: epoch 80 | val_acc=0.8318 (best) | loss=1.0311
11:29:30 INFO src.train :: epoch 81 | val_acc=0.8321 (best) | loss=1.0239
11:29:34 INFO src.train :: epoch 90 | val_acc=0.8325 (best) | loss=1.0119
11:29:34 INFO src.train :: epoch 91 | val_acc=0.8333 (best) | loss=1.0172
11:29:35 INFO src.train :: epoch 94 | val_acc=0.8340 (best) | loss=0.9997
11:29:36 INFO src.train :: epoch 95 | val_acc=0.8344 (best) | loss=1.0058
11:29:36 INFO src.train :: epoch 96 | val_acc=0.8348 (best) | loss=1.0141
11:29:40 INFO src.train :: epoch 106 | val_acc=0.8354 (best) | loss=0.9939
11:29:40 INFO src.train :: epoch 107 | val_acc=0.8357 (best) | loss=0.9934
11:29:43 INFO src.train :: epoch 114 | val_acc=0.8361 (best) | loss=0.9868
11:29:51 INFO src.train :: Early stop at epoch 134 (no improvement for 20 epochs)
11:29:51 INFO src.train ::   → new best val_acc=0.8361 with params={'lr': 0.01, 'weight_decay': 0.0001, 'hidden_channels': 128, 'dropout': 0.5}
11:29:51 INFO src.train :: Trial 5/20 [random] | params={'lr': 0.01, 'weight_decay': 0.0001, 'hidden_channels': 64, 'dropout': 0.5}
11:29:51 INFO src.train :: train_model: encoder=tfidf model=GAT seed=4 device=auto
11:29:52 INFO src.train :: epoch 1 | val_acc=0.0625 (best) | loss=3.9319
11:29:52 INFO src.train :: epoch 3 | val_acc=0.0646 (best) | loss=3.8288
11:29:53 INFO src.train :: epoch 5 | val_acc=0.0649 (best) | loss=3.4520
11:29:53 INFO src.train :: epoch 6 | val_acc=0.1948 (best) | loss=3.2408
11:29:53 INFO src.train :: epoch 7 | val_acc=0.4299 (best) | loss=3.0305
/home/infres/abertrand-24/miniconda3/envs/env_gnn/lib/python3.11/site-packages/torch/optim/lr_scheduler.py:232: UserWarning: The epoch parameter in `scheduler.step()` was not necessary and is being deprecated where possible. Please use `scheduler.step()` to step the scheduler. During the deprecation, if epoch is different from None, the closed form is used instead of the new chainable form, where available. Please open an issue if you are unable to replicate your use case: https://github.com/pytorch/pytorch/issues/new/choose.
  warnings.warn(EPOCH_DEPRECATION_WARNING, UserWarning)
11:29:54 INFO src.train :: epoch 11 | val_acc=0.4424 (best) | loss=2.2630
11:29:54 INFO src.train :: epoch 12 | val_acc=0.4546 (best) | loss=2.1237
11:29:54 INFO src.train :: epoch 13 | val_acc=0.4597 (best) | loss=2.0076
11:29:55 INFO src.train :: epoch 14 | val_acc=0.4663 (best) | loss=1.9120
11:29:55 INFO src.train :: epoch 15 | val_acc=0.4744 (best) | loss=1.8422
11:29:55 INFO src.train :: epoch 16 | val_acc=0.4848 (best) | loss=1.7796
11:29:55 INFO src.train :: epoch 17 | val_acc=0.5001 (best) | loss=1.7232
11:29:55 INFO src.train :: epoch 18 | val_acc=0.5223 (best) | loss=1.6889
11:29:56 INFO src.train :: epoch 19 | val_acc=0.5478 (best) | loss=1.6504
11:29:56 INFO src.train :: epoch 20 | val_acc=0.5743 (best) | loss=1.6184
11:29:56 INFO src.train :: epoch 21 | val_acc=0.6012 (best) | loss=1.5922
11:29:56 INFO src.train :: epoch 22 | val_acc=0.6272 (best) | loss=1.5477
11:29:57 INFO src.train :: epoch 23 | val_acc=0.6519 (best) | loss=1.5232
11:29:57 INFO src.train :: epoch 24 | val_acc=0.6734 (best) | loss=1.5056
11:29:57 INFO src.train :: epoch 25 | val_acc=0.6947 (best) | loss=1.4862
11:29:57 INFO src.train :: epoch 26 | val_acc=0.7145 (best) | loss=1.4554
11:29:57 INFO src.train :: epoch 27 | val_acc=0.7335 (best) | loss=1.4462
11:29:58 INFO src.train :: epoch 28 | val_acc=0.7513 (best) | loss=1.4286
11:29:58 INFO src.train :: epoch 29 | val_acc=0.7647 (best) | loss=1.4139
11:29:58 INFO src.train :: epoch 30 | val_acc=0.7743 (best) | loss=1.3984
11:29:58 INFO src.train :: epoch 31 | val_acc=0.7801 (best) | loss=1.3829
11:29:59 INFO src.train :: epoch 32 | val_acc=0.7852 (best) | loss=1.3600
11:29:59 INFO src.train :: epoch 33 | val_acc=0.7885 (best) | loss=1.3626
11:29:59 INFO src.train :: epoch 34 | val_acc=0.7910 (best) | loss=1.3419
11:29:59 INFO src.train :: epoch 35 | val_acc=0.7941 (best) | loss=1.3310
11:29:59 INFO src.train :: epoch 36 | val_acc=0.7964 (best) | loss=1.3327
11:30:00 INFO src.train :: epoch 37 | val_acc=0.7984 (best) | loss=1.3191
11:30:00 INFO src.train :: epoch 38 | val_acc=0.7999 (best) | loss=1.3076
11:30:00 INFO src.train :: epoch 39 | val_acc=0.8018 (best) | loss=1.3018
11:30:00 INFO src.train :: epoch 40 | val_acc=0.8036 (best) | loss=1.2949
11:30:00 INFO src.train :: epoch 41 | val_acc=0.8054 (best) | loss=1.2935
11:30:01 INFO src.train :: epoch 42 | val_acc=0.8077 (best) | loss=1.2749
11:30:01 INFO src.train :: epoch 43 | val_acc=0.8087 (best) | loss=1.2693
11:30:01 INFO src.train :: epoch 44 | val_acc=0.8096 (best) | loss=1.2667
11:30:02 INFO src.train :: epoch 46 | val_acc=0.8097 (best) | loss=1.2555
11:30:02 INFO src.train :: epoch 47 | val_acc=0.8105 (best) | loss=1.2435
11:30:02 INFO src.train :: epoch 48 | val_acc=0.8105 (best) | loss=1.2449
11:30:02 INFO src.train :: epoch 49 | val_acc=0.8112 (best) | loss=1.2357
11:30:02 INFO src.train :: epoch 50 | val_acc=0.8117 (best) | loss=1.2299
11:30:03 INFO src.train :: epoch 51 | val_acc=0.8125 (best) | loss=1.2206
11:30:03 INFO src.train :: epoch 52 | val_acc=0.8130 (best) | loss=1.2287
11:30:03 INFO src.train :: epoch 53 | val_acc=0.8136 (best) | loss=1.2232
11:30:03 INFO src.train :: epoch 54 | val_acc=0.8148 (best) | loss=1.2148
11:30:03 INFO src.train :: epoch 55 | val_acc=0.8152 (best) | loss=1.2024
11:30:04 INFO src.train :: epoch 56 | val_acc=0.8155 (best) | loss=1.2096
11:30:04 INFO src.train :: epoch 57 | val_acc=0.8164 (best) | loss=1.2012
11:30:04 INFO src.train :: epoch 58 | val_acc=0.8170 (best) | loss=1.1928
11:30:04 INFO src.train :: epoch 59 | val_acc=0.8171 (best) | loss=1.1964
11:30:05 INFO src.train :: epoch 62 | val_acc=0.8173 (best) | loss=1.1890
11:30:05 INFO src.train :: epoch 63 | val_acc=0.8178 (best) | loss=1.1792
11:30:05 INFO src.train :: epoch 64 | val_acc=0.8180 (best) | loss=1.1815
11:30:06 INFO src.train :: epoch 67 | val_acc=0.8186 (best) | loss=1.1700
11:30:06 INFO src.train :: epoch 68 | val_acc=0.8188 (best) | loss=1.1757
11:30:07 INFO src.train :: epoch 70 | val_acc=0.8192 (best) | loss=1.1522
11:30:07 INFO src.train :: epoch 71 | val_acc=0.8203 (best) | loss=1.1643
11:30:07 INFO src.train :: epoch 72 | val_acc=0.8205 (best) | loss=1.1526
11:30:07 INFO src.train :: epoch 73 | val_acc=0.8209 (best) | loss=1.1504
11:30:08 INFO src.train :: epoch 74 | val_acc=0.8210 (best) | loss=1.1502
11:30:08 INFO src.train :: epoch 75 | val_acc=0.8215 (best) | loss=1.1543
11:30:08 INFO src.train :: epoch 76 | val_acc=0.8225 (best) | loss=1.1479
11:30:08 INFO src.train :: epoch 77 | val_acc=0.8235 (best) | loss=1.1433
11:30:08 INFO src.train :: epoch 78 | val_acc=0.8244 (best) | loss=1.1411
11:30:10 INFO src.train :: epoch 87 | val_acc=0.8247 (best) | loss=1.1199
11:30:11 INFO src.train :: epoch 89 | val_acc=0.8250 (best) | loss=1.1197
11:30:11 INFO src.train :: epoch 90 | val_acc=0.8252 (best) | loss=1.1173
11:30:11 INFO src.train :: epoch 91 | val_acc=0.8260 (best) | loss=1.1226
11:30:11 INFO src.train :: epoch 93 | val_acc=0.8261 (best) | loss=1.1154
11:30:12 INFO src.train :: epoch 94 | val_acc=0.8263 (best) | loss=1.1172
11:30:13 INFO src.train :: epoch 100 | val_acc=0.8265 (best) | loss=1.0957
11:30:13 INFO src.train :: epoch 102 | val_acc=0.8270 (best) | loss=1.0983
11:30:14 INFO src.train :: epoch 103 | val_acc=0.8276 (best) | loss=1.1070
11:30:14 INFO src.train :: epoch 104 | val_acc=0.8278 (best) | loss=1.0901
11:30:18 INFO src.train :: Early stop at epoch 124 (no improvement for 20 epochs)
11:30:18 INFO src.train :: Trial 6/20 [random] | params={'lr': 0.005, 'weight_decay': 0.001, 'hidden_channels': 128, 'dropout': 0.0}
11:30:18 INFO src.train :: train_model: encoder=tfidf model=GAT seed=5 device=auto
11:30:19 INFO src.train :: epoch 1 | val_acc=0.0004 (best) | loss=3.8423
11:30:20 INFO src.train :: epoch 3 | val_acc=0.0194 (best) | loss=3.5560
11:30:20 INFO src.train :: epoch 4 | val_acc=0.0952 (best) | loss=3.0906
11:30:20 INFO src.train :: epoch 5 | val_acc=0.3735 (best) | loss=2.6029
/home/infres/abertrand-24/miniconda3/envs/env_gnn/lib/python3.11/site-packages/torch/optim/lr_scheduler.py:232: UserWarning: The epoch parameter in `scheduler.step()` was not necessary and is being deprecated where possible. Please use `scheduler.step()` to step the scheduler. During the deprecation, if epoch is different from None, the closed form is used instead of the new chainable form, where available. Please open an issue if you are unable to replicate your use case: https://github.com/pytorch/pytorch/issues/new/choose.
  warnings.warn(EPOCH_DEPRECATION_WARNING, UserWarning)
11:30:28 INFO src.train :: Early stop at epoch 25 (no improvement for 20 epochs)
11:30:28 INFO src.train :: Trial 7/20 [random] | params={'lr': 0.01, 'weight_decay': 0.001, 'hidden_channels': 64, 'dropout': 0.0}
11:30:28 INFO src.train :: train_model: encoder=tfidf model=GAT seed=6 device=auto
11:30:29 INFO src.train :: epoch 1 | val_acc=0.0730 (best) | loss=3.8722
11:30:29 INFO src.train :: epoch 2 | val_acc=0.0756 (best) | loss=3.8685
11:30:30 INFO src.train :: epoch 7 | val_acc=0.0790 (best) | loss=2.0769
11:30:31 INFO src.train :: epoch 8 | val_acc=0.3697 (best) | loss=1.8185
11:30:31 INFO src.train :: epoch 9 | val_acc=0.4424 (best) | loss=1.5798
/home/infres/abertrand-24/miniconda3/envs/env_gnn/lib/python3.11/site-packages/torch/optim/lr_scheduler.py:232: UserWarning: The epoch parameter in `scheduler.step()` was not necessary and is being deprecated where possible. Please use `scheduler.step()` to step the scheduler. During the deprecation, if epoch is different from None, the closed form is used instead of the new chainable form, where available. Please open an issue if you are unable to replicate your use case: https://github.com/pytorch/pytorch/issues/new/choose.
  warnings.warn(EPOCH_DEPRECATION_WARNING, UserWarning)
11:30:31 INFO src.train :: epoch 10 | val_acc=0.4617 (best) | loss=1.3633
11:30:31 INFO src.train :: epoch 11 | val_acc=0.4797 (best) | loss=1.1719
11:30:35 INFO src.train :: Early stop at epoch 31 (no improvement for 20 epochs)
11:30:35 INFO src.train :: Trial 8/20 [random] | params={'lr': 0.05, 'weight_decay': 0.001, 'hidden_channels': 128, 'dropout': 0.0}
11:30:35 INFO src.train :: train_model: encoder=tfidf model=GAT seed=7 device=auto
11:30:36 INFO src.train :: epoch 1 | val_acc=0.0001 (best) | loss=3.9329
11:30:37 INFO src.train :: epoch 2 | val_acc=0.0169 (best) | loss=3.9027
11:30:37 INFO src.train :: epoch 3 | val_acc=0.4325 (best) | loss=2.4455
11:30:37 INFO src.train :: epoch 4 | val_acc=0.5549 (best) | loss=1.5546
11:30:38 INFO src.train :: epoch 5 | val_acc=0.5780 (best) | loss=1.0753
/home/infres/abertrand-24/miniconda3/envs/env_gnn/lib/python3.11/site-packages/torch/optim/lr_scheduler.py:232: UserWarning: The epoch parameter in `scheduler.step()` was not necessary and is being deprecated where possible. Please use `scheduler.step()` to step the scheduler. During the deprecation, if epoch is different from None, the closed form is used instead of the new chainable form, where available. Please open an issue if you are unable to replicate your use case: https://github.com/pytorch/pytorch/issues/new/choose.
  warnings.warn(EPOCH_DEPRECATION_WARNING, UserWarning)
11:30:46 INFO src.train :: Early stop at epoch 25 (no improvement for 20 epochs)
11:30:46 INFO src.train :: Trial 9/20 [random] | params={'lr': 0.005, 'weight_decay': 0.001, 'hidden_channels': 32, 'dropout': 0.3}
11:30:46 INFO src.train :: train_model: encoder=tfidf model=GAT seed=8 device=auto
11:30:46 INFO src.train :: epoch 1 | val_acc=0.3697 (best) | loss=3.8678
11:30:47 INFO src.train :: epoch 2 | val_acc=0.3703 (best) | loss=3.8638
11:30:47 INFO src.train :: epoch 8 | val_acc=0.3703 (best) | loss=3.1880
11:30:47 INFO src.train :: epoch 9 | val_acc=0.3705 (best) | loss=3.0791
/home/infres/abertrand-24/miniconda3/envs/env_gnn/lib/python3.11/site-packages/torch/optim/lr_scheduler.py:232: UserWarning: The epoch parameter in `scheduler.step()` was not necessary and is being deprecated where possible. Please use `scheduler.step()` to step the scheduler. During the deprecation, if epoch is different from None, the closed form is used instead of the new chainable form, where available. Please open an issue if you are unable to replicate your use case: https://github.com/pytorch/pytorch/issues/new/choose.
  warnings.warn(EPOCH_DEPRECATION_WARNING, UserWarning)
11:30:48 INFO src.train :: epoch 10 | val_acc=0.3712 (best) | loss=2.9723
11:30:48 INFO src.train :: epoch 11 | val_acc=0.3718 (best) | loss=2.8524
11:30:48 INFO src.train :: epoch 12 | val_acc=0.3722 (best) | loss=2.7431
11:30:48 INFO src.train :: epoch 13 | val_acc=0.3724 (best) | loss=2.6387
11:30:48 INFO src.train :: epoch 14 | val_acc=0.3727 (best) | loss=2.5391
11:30:48 INFO src.train :: epoch 15 | val_acc=0.3733 (best) | loss=2.4468
11:30:48 INFO src.train :: epoch 16 | val_acc=0.3741 (best) | loss=2.3674
11:30:49 INFO src.train :: epoch 17 | val_acc=0.3749 (best) | loss=2.2901
11:30:49 INFO src.train :: epoch 18 | val_acc=0.3771 (best) | loss=2.2109
11:30:49 INFO src.train :: epoch 19 | val_acc=0.3795 (best) | loss=2.1389
11:30:49 INFO src.train :: epoch 20 | val_acc=0.3842 (best) | loss=2.0732
11:30:49 INFO src.train :: epoch 21 | val_acc=0.3890 (best) | loss=2.0036
11:30:49 INFO src.train :: epoch 22 | val_acc=0.3942 (best) | loss=1.9456
11:30:49 INFO src.train :: epoch 23 | val_acc=0.3995 (best) | loss=1.8817
11:30:49 INFO src.train :: epoch 24 | val_acc=0.4071 (best) | loss=1.8239
11:30:50 INFO src.train :: epoch 25 | val_acc=0.4191 (best) | loss=1.7657
11:30:50 INFO src.train :: epoch 26 | val_acc=0.4329 (best) | loss=1.7190
11:30:50 INFO src.train :: epoch 27 | val_acc=0.4517 (best) | loss=1.6714
11:30:50 INFO src.train :: epoch 28 | val_acc=0.4721 (best) | loss=1.6174
11:30:50 INFO src.train :: epoch 29 | val_acc=0.4936 (best) | loss=1.5789
11:30:50 INFO src.train :: epoch 30 | val_acc=0.5132 (best) | loss=1.5380
11:30:50 INFO src.train :: epoch 31 | val_acc=0.5316 (best) | loss=1.5013
11:30:50 INFO src.train :: epoch 32 | val_acc=0.5456 (best) | loss=1.4610
11:30:51 INFO src.train :: epoch 33 | val_acc=0.5578 (best) | loss=1.4327
11:30:51 INFO src.train :: epoch 34 | val_acc=0.5651 (best) | loss=1.3942
11:30:51 INFO src.train :: epoch 35 | val_acc=0.5703 (best) | loss=1.3652
11:30:51 INFO src.train :: epoch 36 | val_acc=0.5742 (best) | loss=1.3292
11:30:51 INFO src.train :: epoch 37 | val_acc=0.5780 (best) | loss=1.3094
11:30:51 INFO src.train :: epoch 38 | val_acc=0.5879 (best) | loss=1.2837
11:30:51 INFO src.train :: epoch 39 | val_acc=0.6021 (best) | loss=1.2583
11:30:51 INFO src.train :: epoch 40 | val_acc=0.6157 (best) | loss=1.2398
11:30:52 INFO src.train :: epoch 41 | val_acc=0.6293 (best) | loss=1.2153
11:30:52 INFO src.train :: epoch 42 | val_acc=0.6409 (best) | loss=1.1925
11:30:52 INFO src.train :: epoch 43 | val_acc=0.6500 (best) | loss=1.1772
11:30:52 INFO src.train :: epoch 44 | val_acc=0.6556 (best) | loss=1.1597
11:30:52 INFO src.train :: epoch 45 | val_acc=0.6641 (best) | loss=1.1374
11:30:52 INFO src.train :: epoch 46 | val_acc=0.6774 (best) | loss=1.1230
11:30:52 INFO src.train :: epoch 47 | val_acc=0.6922 (best) | loss=1.1082
11:30:53 INFO src.train :: epoch 48 | val_acc=0.7065 (best) | loss=1.0975
11:30:53 INFO src.train :: epoch 49 | val_acc=0.7136 (best) | loss=1.0789
11:30:53 INFO src.train :: epoch 50 | val_acc=0.7192 (best) | loss=1.0601
11:30:53 INFO src.train :: epoch 51 | val_acc=0.7243 (best) | loss=1.0550
11:30:53 INFO src.train :: epoch 52 | val_acc=0.7316 (best) | loss=1.0364
11:30:53 INFO src.train :: epoch 53 | val_acc=0.7413 (best) | loss=1.0304
11:30:53 INFO src.train :: epoch 54 | val_acc=0.7489 (best) | loss=1.0240
11:30:53 INFO src.train :: epoch 55 | val_acc=0.7503 (best) | loss=1.0086
11:30:54 INFO src.train :: epoch 56 | val_acc=0.7513 (best) | loss=1.0008
11:30:54 INFO src.train :: epoch 57 | val_acc=0.7604 (best) | loss=0.9946
11:30:54 INFO src.train :: epoch 58 | val_acc=0.7676 (best) | loss=0.9766
11:30:54 INFO src.train :: epoch 59 | val_acc=0.7692 (best) | loss=0.9763
11:30:54 INFO src.train :: epoch 60 | val_acc=0.7709 (best) | loss=0.9641
11:30:54 INFO src.train :: epoch 61 | val_acc=0.7738 (best) | loss=0.9589
11:30:54 INFO src.train :: epoch 62 | val_acc=0.7786 (best) | loss=0.9506
11:30:54 INFO src.train :: epoch 63 | val_acc=0.7813 (best) | loss=0.9486
11:30:55 INFO src.train :: epoch 64 | val_acc=0.7816 (best) | loss=0.9347
11:30:55 INFO src.train :: epoch 65 | val_acc=0.7823 (best) | loss=0.9308
11:30:55 INFO src.train :: epoch 66 | val_acc=0.7863 (best) | loss=0.9307
11:30:55 INFO src.train :: epoch 67 | val_acc=0.7871 (best) | loss=0.9112
11:30:55 INFO src.train :: epoch 69 | val_acc=0.7896 (best) | loss=0.9052
11:30:55 INFO src.train :: epoch 70 | val_acc=0.7910 (best) | loss=0.9037
11:30:56 INFO src.train :: epoch 72 | val_acc=0.7952 (best) | loss=0.8973
11:30:56 INFO src.train :: epoch 75 | val_acc=0.7968 (best) | loss=0.8806
11:30:56 INFO src.train :: epoch 78 | val_acc=0.8006 (best) | loss=0.8662
11:30:57 INFO src.train :: epoch 81 | val_acc=0.8013 (best) | loss=0.8601
11:30:57 INFO src.train :: epoch 83 | val_acc=0.8016 (best) | loss=0.8572
11:30:57 INFO src.train :: epoch 84 | val_acc=0.8024 (best) | loss=0.8461
11:30:57 INFO src.train :: epoch 86 | val_acc=0.8044 (best) | loss=0.8466
11:30:58 INFO src.train :: epoch 93 | val_acc=0.8047 (best) | loss=0.8240
11:30:59 INFO src.train :: epoch 96 | val_acc=0.8058 (best) | loss=0.8288
11:30:59 INFO src.train :: epoch 101 | val_acc=0.8066 (best) | loss=0.8096
11:30:59 INFO src.train :: epoch 102 | val_acc=0.8069 (best) | loss=0.8068
11:31:00 INFO src.train :: epoch 105 | val_acc=0.8073 (best) | loss=0.8006
11:31:00 INFO src.train :: epoch 108 | val_acc=0.8080 (best) | loss=0.7926
11:31:00 INFO src.train :: epoch 111 | val_acc=0.8082 (best) | loss=0.7931
11:31:01 INFO src.train :: epoch 114 | val_acc=0.8085 (best) | loss=0.7794
11:31:01 INFO src.train :: epoch 115 | val_acc=0.8097 (best) | loss=0.7783
11:31:01 INFO src.train :: epoch 116 | val_acc=0.8114 (best) | loss=0.7761
11:31:01 INFO src.train :: epoch 117 | val_acc=0.8116 (best) | loss=0.7745
11:31:01 INFO src.train :: epoch 118 | val_acc=0.8123 (best) | loss=0.7730
11:31:04 INFO src.train :: Early stop at epoch 138 (no improvement for 20 epochs)
11:31:04 INFO src.train :: Trial 10/20 [random] | params={'lr': 0.005, 'weight_decay': 0.0, 'hidden_channels': 64, 'dropout': 0.3}
11:31:04 INFO src.train :: train_model: encoder=tfidf model=GAT seed=9 device=auto
11:31:05 INFO src.train :: epoch 1 | val_acc=0.0003 (best) | loss=4.0499
11:31:05 INFO src.train :: epoch 2 | val_acc=0.0004 (best) | loss=4.0468
11:31:05 INFO src.train :: epoch 4 | val_acc=0.0429 (best) | loss=3.7811
11:31:05 INFO src.train :: epoch 5 | val_acc=0.0530 (best) | loss=3.5751
11:31:06 INFO src.train :: epoch 8 | val_acc=0.0531 (best) | loss=2.9773
11:31:06 INFO src.train :: epoch 9 | val_acc=0.0535 (best) | loss=2.8056
/home/infres/abertrand-24/miniconda3/envs/env_gnn/lib/python3.11/site-packages/torch/optim/lr_scheduler.py:232: UserWarning: The epoch parameter in `scheduler.step()` was not necessary and is being deprecated where possible. Please use `scheduler.step()` to step the scheduler. During the deprecation, if epoch is different from None, the closed form is used instead of the new chainable form, where available. Please open an issue if you are unable to replicate your use case: https://github.com/pytorch/pytorch/issues/new/choose.
  warnings.warn(EPOCH_DEPRECATION_WARNING, UserWarning)
11:31:06 INFO src.train :: epoch 10 | val_acc=0.0561 (best) | loss=2.6371
11:31:07 INFO src.train :: epoch 11 | val_acc=0.0649 (best) | loss=2.4744
11:31:07 INFO src.train :: epoch 12 | val_acc=0.0825 (best) | loss=2.3167
11:31:07 INFO src.train :: epoch 13 | val_acc=0.1741 (best) | loss=2.1706
11:31:07 INFO src.train :: epoch 14 | val_acc=0.4078 (best) | loss=2.0517
11:31:08 INFO src.train :: epoch 15 | val_acc=0.4863 (best) | loss=1.9367
11:31:08 INFO src.train :: epoch 16 | val_acc=0.5342 (best) | loss=1.8310
11:31:08 INFO src.train :: epoch 17 | val_acc=0.5568 (best) | loss=1.7439
11:31:08 INFO src.train :: epoch 18 | val_acc=0.5807 (best) | loss=1.6526
11:31:08 INFO src.train :: epoch 19 | val_acc=0.6043 (best) | loss=1.5777
11:31:09 INFO src.train :: epoch 20 | val_acc=0.6245 (best) | loss=1.5040
11:31:09 INFO src.train :: epoch 21 | val_acc=0.6415 (best) | loss=1.4391
11:31:09 INFO src.train :: epoch 22 | val_acc=0.6567 (best) | loss=1.3812
11:31:09 INFO src.train :: epoch 23 | val_acc=0.6712 (best) | loss=1.3235
11:31:10 INFO src.train :: epoch 24 | val_acc=0.6846 (best) | loss=1.2743
11:31:10 INFO src.train :: epoch 25 | val_acc=0.6963 (best) | loss=1.2287
11:31:10 INFO src.train :: epoch 26 | val_acc=0.7071 (best) | loss=1.1995
11:31:10 INFO src.train :: epoch 27 | val_acc=0.7176 (best) | loss=1.1509
11:31:10 INFO src.train :: epoch 28 | val_acc=0.7263 (best) | loss=1.1232
11:31:11 INFO src.train :: epoch 29 | val_acc=0.7332 (best) | loss=1.0926
11:31:11 INFO src.train :: epoch 30 | val_acc=0.7375 (best) | loss=1.0691
11:31:11 INFO src.train :: epoch 31 | val_acc=0.7427 (best) | loss=1.0466
11:31:11 INFO src.train :: epoch 32 | val_acc=0.7470 (best) | loss=1.0270
11:31:11 INFO src.train :: epoch 33 | val_acc=0.7522 (best) | loss=1.0049
11:31:12 INFO src.train :: epoch 34 | val_acc=0.7593 (best) | loss=0.9811
11:31:12 INFO src.train :: epoch 35 | val_acc=0.7655 (best) | loss=0.9633
11:31:12 INFO src.train :: epoch 36 | val_acc=0.7725 (best) | loss=0.9511
11:31:12 INFO src.train :: epoch 37 | val_acc=0.7797 (best) | loss=0.9336
11:31:13 INFO src.train :: epoch 38 | val_acc=0.7862 (best) | loss=0.9180
11:31:13 INFO src.train :: epoch 39 | val_acc=0.7925 (best) | loss=0.9120
11:31:13 INFO src.train :: epoch 40 | val_acc=0.7961 (best) | loss=0.8983
11:31:13 INFO src.train :: epoch 41 | val_acc=0.7979 (best) | loss=0.8880
11:31:13 INFO src.train :: epoch 42 | val_acc=0.8001 (best) | loss=0.8755
11:31:14 INFO src.train :: epoch 43 | val_acc=0.8008 (best) | loss=0.8641
11:31:14 INFO src.train :: epoch 44 | val_acc=0.8014 (best) | loss=0.8568
11:31:14 INFO src.train :: epoch 45 | val_acc=0.8024 (best) | loss=0.8487
11:31:14 INFO src.train :: epoch 46 | val_acc=0.8036 (best) | loss=0.8418
11:31:14 INFO src.train :: epoch 47 | val_acc=0.8060 (best) | loss=0.8320
11:31:15 INFO src.train :: epoch 48 | val_acc=0.8081 (best) | loss=0.8201
11:31:15 INFO src.train :: epoch 49 | val_acc=0.8097 (best) | loss=0.8128
11:31:15 INFO src.train :: epoch 50 | val_acc=0.8118 (best) | loss=0.8072
11:31:15 INFO src.train :: epoch 51 | val_acc=0.8124 (best) | loss=0.7993
11:31:16 INFO src.train :: epoch 52 | val_acc=0.8128 (best) | loss=0.7956
11:31:16 INFO src.train :: epoch 53 | val_acc=0.8133 (best) | loss=0.7822
11:31:16 INFO src.train :: epoch 54 | val_acc=0.8135 (best) | loss=0.7849
11:31:16 INFO src.train :: epoch 55 | val_acc=0.8137 (best) | loss=0.7747
11:31:16 INFO src.train :: epoch 56 | val_acc=0.8148 (best) | loss=0.7623
11:31:17 INFO src.train :: epoch 57 | val_acc=0.8165 (best) | loss=0.7645
11:31:17 INFO src.train :: epoch 58 | val_acc=0.8186 (best) | loss=0.7538
11:31:17 INFO src.train :: epoch 59 | val_acc=0.8205 (best) | loss=0.7505
11:31:17 INFO src.train :: epoch 60 | val_acc=0.8210 (best) | loss=0.7442
11:31:18 INFO src.train :: epoch 61 | val_acc=0.8224 (best) | loss=0.7407
11:31:18 INFO src.train :: epoch 62 | val_acc=0.8224 (best) | loss=0.7368
11:31:18 INFO src.train :: epoch 63 | val_acc=0.8228 (best) | loss=0.7342
11:31:18 INFO src.train :: epoch 64 | val_acc=0.8234 (best) | loss=0.7277
11:31:18 INFO src.train :: epoch 65 | val_acc=0.8241 (best) | loss=0.7218
11:31:19 INFO src.train :: epoch 66 | val_acc=0.8242 (best) | loss=0.7133
11:31:19 INFO src.train :: epoch 68 | val_acc=0.8247 (best) | loss=0.6998
11:31:21 INFO src.train :: epoch 78 | val_acc=0.8250 (best) | loss=0.6737
11:31:21 INFO src.train :: epoch 79 | val_acc=0.8251 (best) | loss=0.6721
11:31:21 INFO src.train :: epoch 80 | val_acc=0.8257 (best) | loss=0.6602
11:31:26 INFO src.train :: Early stop at epoch 100 (no improvement for 20 epochs)
11:31:26 INFO src.train :: Trial 11/20 [random] | params={'lr': 0.01, 'weight_decay': 0.0, 'hidden_channels': 32, 'dropout': 0.0}
11:31:26 INFO src.train :: train_model: encoder=tfidf model=GAT seed=10 device=auto
11:31:26 INFO src.train :: epoch 1 | val_acc=0.0007 (best) | loss=4.0311
11:31:26 INFO src.train :: epoch 2 | val_acc=0.0028 (best) | loss=4.0286
11:31:26 INFO src.train :: epoch 3 | val_acc=0.0482 (best) | loss=3.7967
11:31:27 INFO src.train :: epoch 7 | val_acc=0.0483 (best) | loss=2.8527
11:31:27 INFO src.train :: epoch 8 | val_acc=0.0489 (best) | loss=2.6822
11:31:27 INFO src.train :: epoch 9 | val_acc=0.0519 (best) | loss=2.5108
/home/infres/abertrand-24/miniconda3/envs/env_gnn/lib/python3.11/site-packages/torch/optim/lr_scheduler.py:232: UserWarning: The epoch parameter in `scheduler.step()` was not necessary and is being deprecated where possible. Please use `scheduler.step()` to step the scheduler. During the deprecation, if epoch is different from None, the closed form is used instead of the new chainable form, where available. Please open an issue if you are unable to replicate your use case: https://github.com/pytorch/pytorch/issues/new/choose.
  warnings.warn(EPOCH_DEPRECATION_WARNING, UserWarning)
11:31:27 INFO src.train :: epoch 10 | val_acc=0.0727 (best) | loss=2.3339
11:31:28 INFO src.train :: epoch 11 | val_acc=0.3587 (best) | loss=2.1507
11:31:28 INFO src.train :: epoch 12 | val_acc=0.4723 (best) | loss=1.9624
11:31:28 INFO src.train :: epoch 13 | val_acc=0.5297 (best) | loss=1.7874
11:31:28 INFO src.train :: epoch 14 | val_acc=0.5721 (best) | loss=1.6234
11:31:28 INFO src.train :: epoch 15 | val_acc=0.5977 (best) | loss=1.4704
11:31:28 INFO src.train :: epoch 16 | val_acc=0.6165 (best) | loss=1.3294
11:31:28 INFO src.train :: epoch 17 | val_acc=0.6315 (best) | loss=1.2018
11:31:28 INFO src.train :: epoch 18 | val_acc=0.6418 (best) | loss=1.0885
11:31:29 INFO src.train :: epoch 19 | val_acc=0.6486 (best) | loss=0.9898
11:31:29 INFO src.train :: epoch 20 | val_acc=0.6529 (best) | loss=0.9053
11:31:29 INFO src.train :: epoch 21 | val_acc=0.6610 (best) | loss=0.8339
11:31:29 INFO src.train :: epoch 22 | val_acc=0.6682 (best) | loss=0.7739
11:31:29 INFO src.train :: epoch 23 | val_acc=0.6766 (best) | loss=0.7236
11:31:29 INFO src.train :: epoch 24 | val_acc=0.6848 (best) | loss=0.6813
11:31:29 INFO src.train :: epoch 25 | val_acc=0.6936 (best) | loss=0.6454
11:31:29 INFO src.train :: epoch 26 | val_acc=0.7009 (best) | loss=0.6148
11:31:30 INFO src.train :: epoch 27 | val_acc=0.7071 (best) | loss=0.5885
11:31:30 INFO src.train :: epoch 28 | val_acc=0.7159 (best) | loss=0.5655
11:31:30 INFO src.train :: epoch 29 | val_acc=0.7234 (best) | loss=0.5452
11:31:30 INFO src.train :: epoch 30 | val_acc=0.7307 (best) | loss=0.5268
11:31:30 INFO src.train :: epoch 31 | val_acc=0.7364 (best) | loss=0.5099
11:31:30 INFO src.train :: epoch 32 | val_acc=0.7433 (best) | loss=0.4940
11:31:30 INFO src.train :: epoch 33 | val_acc=0.7480 (best) | loss=0.4790
11:31:30 INFO src.train :: epoch 34 | val_acc=0.7524 (best) | loss=0.4648
11:31:31 INFO src.train :: epoch 35 | val_acc=0.7569 (best) | loss=0.4513
11:31:31 INFO src.train :: epoch 36 | val_acc=0.7601 (best) | loss=0.4385
11:31:31 INFO src.train :: epoch 37 | val_acc=0.7645 (best) | loss=0.4261
11:31:31 INFO src.train :: epoch 38 | val_acc=0.7696 (best) | loss=0.4141
11:31:31 INFO src.train :: epoch 39 | val_acc=0.7735 (best) | loss=0.4024
11:31:31 INFO src.train :: epoch 40 | val_acc=0.7795 (best) | loss=0.3912
11:31:31 INFO src.train :: epoch 41 | val_acc=0.7827 (best) | loss=0.3804
11:31:31 INFO src.train :: epoch 42 | val_acc=0.7862 (best) | loss=0.3699
11:31:32 INFO src.train :: epoch 43 | val_acc=0.7892 (best) | loss=0.3598
11:31:32 INFO src.train :: epoch 44 | val_acc=0.7916 (best) | loss=0.3500
11:31:32 INFO src.train :: epoch 45 | val_acc=0.7945 (best) | loss=0.3407
11:31:32 INFO src.train :: epoch 46 | val_acc=0.7973 (best) | loss=0.3317
11:31:32 INFO src.train :: epoch 47 | val_acc=0.7985 (best) | loss=0.3232
11:31:32 INFO src.train :: epoch 48 | val_acc=0.7995 (best) | loss=0.3150
11:31:32 INFO src.train :: epoch 49 | val_acc=0.8008 (best) | loss=0.3071
11:31:33 INFO src.train :: epoch 50 | val_acc=0.8034 (best) | loss=0.2995
11:31:33 INFO src.train :: epoch 51 | val_acc=0.8040 (best) | loss=0.2922
11:31:33 INFO src.train :: epoch 52 | val_acc=0.8060 (best) | loss=0.2850
11:31:33 INFO src.train :: epoch 53 | val_acc=0.8080 (best) | loss=0.2779
11:31:33 INFO src.train :: epoch 54 | val_acc=0.8087 (best) | loss=0.2710
11:31:33 INFO src.train :: epoch 55 | val_acc=0.8097 (best) | loss=0.2644
11:31:33 INFO src.train :: epoch 56 | val_acc=0.8107 (best) | loss=0.2581
11:31:33 INFO src.train :: epoch 57 | val_acc=0.8111 (best) | loss=0.2520
11:31:34 INFO src.train :: epoch 58 | val_acc=0.8112 (best) | loss=0.2461
11:31:34 INFO src.train :: epoch 59 | val_acc=0.8114 (best) | loss=0.2405
11:31:34 INFO src.train :: epoch 60 | val_acc=0.8116 (best) | loss=0.2351
11:31:34 INFO src.train :: epoch 62 | val_acc=0.8122 (best) | loss=0.2249
11:31:36 INFO src.train :: Early stop at epoch 82 (no improvement for 20 epochs)
11:31:37 INFO src.train :: Trial 12/20 [random] | params={'lr': 0.005, 'weight_decay': 0.001, 'hidden_channels': 64, 'dropout': 0.3}
11:31:37 INFO src.train :: train_model: encoder=tfidf model=GAT seed=11 device=auto
11:31:37 INFO src.train :: epoch 1 | val_acc=0.0480 (best) | loss=3.8671
11:31:39 INFO src.train :: epoch 7 | val_acc=0.3581 (best) | loss=3.0104
11:31:39 INFO src.train :: epoch 8 | val_acc=0.3955 (best) | loss=2.8257
/home/infres/abertrand-24/miniconda3/envs/env_gnn/lib/python3.11/site-packages/torch/optim/lr_scheduler.py:232: UserWarning: The epoch parameter in `scheduler.step()` was not necessary and is being deprecated where possible. Please use `scheduler.step()` to step the scheduler. During the deprecation, if epoch is different from None, the closed form is used instead of the new chainable form, where available. Please open an issue if you are unable to replicate your use case: https://github.com/pytorch/pytorch/issues/new/choose.
  warnings.warn(EPOCH_DEPRECATION_WARNING, UserWarning)
11:31:41 INFO src.train :: epoch 20 | val_acc=0.4043 (best) | loss=1.4137
11:31:41 INFO src.train :: epoch 21 | val_acc=0.4201 (best) | loss=1.3596
11:31:42 INFO src.train :: epoch 22 | val_acc=0.4355 (best) | loss=1.3045
11:31:42 INFO src.train :: epoch 23 | val_acc=0.4490 (best) | loss=1.2618
11:31:42 INFO src.train :: epoch 24 | val_acc=0.4611 (best) | loss=1.2230
11:31:42 INFO src.train :: epoch 25 | val_acc=0.4710 (best) | loss=1.1886
11:31:42 INFO src.train :: epoch 26 | val_acc=0.4811 (best) | loss=1.1537
11:31:43 INFO src.train :: epoch 27 | val_acc=0.4885 (best) | loss=1.1202
11:31:43 INFO src.train :: epoch 28 | val_acc=0.4968 (best) | loss=1.0878
11:31:43 INFO src.train :: epoch 29 | val_acc=0.5057 (best) | loss=1.0666
11:31:43 INFO src.train :: epoch 30 | val_acc=0.5201 (best) | loss=1.0464
11:31:44 INFO src.train :: epoch 31 | val_acc=0.5390 (best) | loss=1.0224
11:31:44 INFO src.train :: epoch 32 | val_acc=0.5647 (best) | loss=1.0018
11:31:44 INFO src.train :: epoch 33 | val_acc=0.5891 (best) | loss=0.9851
11:31:44 INFO src.train :: epoch 34 | val_acc=0.6145 (best) | loss=0.9657
11:31:44 INFO src.train :: epoch 35 | val_acc=0.6349 (best) | loss=0.9506
11:31:45 INFO src.train :: epoch 36 | val_acc=0.6493 (best) | loss=0.9431
11:31:45 INFO src.train :: epoch 37 | val_acc=0.6617 (best) | loss=0.9298
11:31:45 INFO src.train :: epoch 38 | val_acc=0.6747 (best) | loss=0.9077
11:31:45 INFO src.train :: epoch 39 | val_acc=0.6880 (best) | loss=0.8971
11:31:45 INFO src.train :: epoch 40 | val_acc=0.7032 (best) | loss=0.8843
11:31:46 INFO src.train :: epoch 41 | val_acc=0.7158 (best) | loss=0.8709
11:31:46 INFO src.train :: epoch 42 | val_acc=0.7219 (best) | loss=0.8611
11:31:46 INFO src.train :: epoch 43 | val_acc=0.7238 (best) | loss=0.8483
11:31:46 INFO src.train :: epoch 44 | val_acc=0.7248 (best) | loss=0.8473
11:31:47 INFO src.train :: epoch 45 | val_acc=0.7307 (best) | loss=0.8319
11:31:47 INFO src.train :: epoch 46 | val_acc=0.7388 (best) | loss=0.8261
11:31:47 INFO src.train :: epoch 47 | val_acc=0.7436 (best) | loss=0.8133
11:31:47 INFO src.train :: epoch 49 | val_acc=0.7465 (best) | loss=0.7993
11:31:48 INFO src.train :: epoch 50 | val_acc=0.7558 (best) | loss=0.7914
11:31:48 INFO src.train :: epoch 51 | val_acc=0.7632 (best) | loss=0.7789
11:31:48 INFO src.train :: epoch 54 | val_acc=0.7684 (best) | loss=0.7641
11:31:49 INFO src.train :: epoch 55 | val_acc=0.7738 (best) | loss=0.7563
11:31:49 INFO src.train :: epoch 57 | val_acc=0.7739 (best) | loss=0.7333
11:31:49 INFO src.train :: epoch 58 | val_acc=0.7829 (best) | loss=0.7335
11:31:50 INFO src.train :: epoch 60 | val_acc=0.7854 (best) | loss=0.7261
11:31:50 INFO src.train :: epoch 61 | val_acc=0.7889 (best) | loss=0.7264
11:31:50 INFO src.train :: epoch 63 | val_acc=0.7961 (best) | loss=0.7140
11:31:51 INFO src.train :: epoch 65 | val_acc=0.7966 (best) | loss=0.7057
11:31:51 INFO src.train :: epoch 66 | val_acc=0.7993 (best) | loss=0.7041
11:31:51 INFO src.train :: epoch 68 | val_acc=0.8042 (best) | loss=0.6840
11:31:52 INFO src.train :: epoch 71 | val_acc=0.8108 (best) | loss=0.6784
11:31:53 INFO src.train :: epoch 74 | val_acc=0.8118 (best) | loss=0.6735
11:31:53 INFO src.train :: epoch 75 | val_acc=0.8140 (best) | loss=0.6682
11:31:53 INFO src.train :: epoch 77 | val_acc=0.8145 (best) | loss=0.6664
11:31:53 INFO src.train :: epoch 78 | val_acc=0.8182 (best) | loss=0.6635
11:31:54 INFO src.train :: epoch 81 | val_acc=0.8195 (best) | loss=0.6556
11:31:55 INFO src.train :: epoch 84 | val_acc=0.8205 (best) | loss=0.6481
11:31:55 INFO src.train :: epoch 85 | val_acc=0.8213 (best) | loss=0.6382
11:31:55 INFO src.train :: epoch 87 | val_acc=0.8217 (best) | loss=0.6386
11:31:56 INFO src.train :: epoch 88 | val_acc=0.8224 (best) | loss=0.6318
11:31:56 INFO src.train :: epoch 89 | val_acc=0.8227 (best) | loss=0.6354
11:31:56 INFO src.train :: epoch 90 | val_acc=0.8236 (best) | loss=0.6275
11:31:58 INFO src.train :: epoch 102 | val_acc=0.8252 (best) | loss=0.6100
11:31:59 INFO src.train :: epoch 103 | val_acc=0.8257 (best) | loss=0.6059
11:31:59 INFO src.train :: epoch 104 | val_acc=0.8259 (best) | loss=0.6030
11:32:00 INFO src.train :: epoch 109 | val_acc=0.8265 (best) | loss=0.6011
11:32:01 INFO src.train :: epoch 112 | val_acc=0.8269 (best) | loss=0.5913
11:32:05 INFO src.train :: Early stop at epoch 132 (no improvement for 20 epochs)
11:32:05 INFO src.train :: Trial 13/20 [random] | params={'lr': 0.005, 'weight_decay': 0.0001, 'hidden_channels': 128, 'dropout': 0.3}
11:32:05 INFO src.train :: train_model: encoder=tfidf model=GAT seed=12 device=auto
11:32:06 INFO src.train :: epoch 1 | val_acc=0.0018 (best) | loss=3.9008
11:32:07 INFO src.train :: epoch 4 | val_acc=0.3456 (best) | loss=3.4934
11:32:07 INFO src.train :: epoch 5 | val_acc=0.3898 (best) | loss=3.1787
/home/infres/abertrand-24/miniconda3/envs/env_gnn/lib/python3.11/site-packages/torch/optim/lr_scheduler.py:232: UserWarning: The epoch parameter in `scheduler.step()` was not necessary and is being deprecated where possible. Please use `scheduler.step()` to step the scheduler. During the deprecation, if epoch is different from None, the closed form is used instead of the new chainable form, where available. Please open an issue if you are unable to replicate your use case: https://github.com/pytorch/pytorch/issues/new/choose.
  warnings.warn(EPOCH_DEPRECATION_WARNING, UserWarning)
11:32:12 INFO src.train :: epoch 16 | val_acc=0.3922 (best) | loss=1.1935
11:32:12 INFO src.train :: epoch 17 | val_acc=0.4070 (best) | loss=1.1407
11:32:12 INFO src.train :: epoch 18 | val_acc=0.4267 (best) | loss=1.0956
11:32:13 INFO src.train :: epoch 19 | val_acc=0.4489 (best) | loss=1.0565
11:32:13 INFO src.train :: epoch 20 | val_acc=0.4725 (best) | loss=1.0232
11:32:14 INFO src.train :: epoch 21 | val_acc=0.4939 (best) | loss=0.9941
11:32:14 INFO src.train :: epoch 22 | val_acc=0.5140 (best) | loss=0.9631
11:32:14 INFO src.train :: epoch 23 | val_acc=0.5392 (best) | loss=0.9376
11:32:15 INFO src.train :: epoch 24 | val_acc=0.5641 (best) | loss=0.9177
11:32:15 INFO src.train :: epoch 25 | val_acc=0.5892 (best) | loss=0.8932
11:32:16 INFO src.train :: epoch 26 | val_acc=0.6179 (best) | loss=0.8792
11:32:16 INFO src.train :: epoch 27 | val_acc=0.6440 (best) | loss=0.8651
11:32:16 INFO src.train :: epoch 28 | val_acc=0.6716 (best) | loss=0.8495
11:32:17 INFO src.train :: epoch 29 | val_acc=0.6959 (best) | loss=0.8385
11:32:17 INFO src.train :: epoch 30 | val_acc=0.7185 (best) | loss=0.8189
11:32:18 INFO src.train :: epoch 31 | val_acc=0.7391 (best) | loss=0.8012
11:32:18 INFO src.train :: epoch 32 | val_acc=0.7537 (best) | loss=0.7973
11:32:19 INFO src.train :: epoch 33 | val_acc=0.7636 (best) | loss=0.7850
11:32:19 INFO src.train :: epoch 34 | val_acc=0.7719 (best) | loss=0.7723
11:32:19 INFO src.train :: epoch 35 | val_acc=0.7769 (best) | loss=0.7651
11:32:20 INFO src.train :: epoch 36 | val_acc=0.7827 (best) | loss=0.7566
11:32:20 INFO src.train :: epoch 37 | val_acc=0.7885 (best) | loss=0.7405
11:32:21 INFO src.train :: epoch 38 | val_acc=0.7934 (best) | loss=0.7319
11:32:21 INFO src.train :: epoch 39 | val_acc=0.7990 (best) | loss=0.7265
11:32:21 INFO src.train :: epoch 40 | val_acc=0.8026 (best) | loss=0.7100
11:32:22 INFO src.train :: epoch 41 | val_acc=0.8070 (best) | loss=0.7075
11:32:22 INFO src.train :: epoch 42 | val_acc=0.8107 (best) | loss=0.7003
11:32:23 INFO src.train :: epoch 43 | val_acc=0.8144 (best) | loss=0.6922
11:32:23 INFO src.train :: epoch 44 | val_acc=0.8167 (best) | loss=0.6918
11:32:23 INFO src.train :: epoch 45 | val_acc=0.8186 (best) | loss=0.6771
11:32:24 INFO src.train :: epoch 46 | val_acc=0.8201 (best) | loss=0.6679
11:32:24 INFO src.train :: epoch 47 | val_acc=0.8244 (best) | loss=0.6642
11:32:25 INFO src.train :: epoch 48 | val_acc=0.8257 (best) | loss=0.6643
11:32:25 INFO src.train :: epoch 49 | val_acc=0.8269 (best) | loss=0.6495
11:32:26 INFO src.train :: epoch 50 | val_acc=0.8276 (best) | loss=0.6480
11:32:26 INFO src.train :: epoch 51 | val_acc=0.8287 (best) | loss=0.6417
11:32:26 INFO src.train :: epoch 52 | val_acc=0.8303 (best) | loss=0.6314
11:32:27 INFO src.train :: epoch 53 | val_acc=0.8310 (best) | loss=0.6353
11:32:29 INFO src.train :: epoch 58 | val_acc=0.8313 (best) | loss=0.6048
11:32:29 INFO src.train :: epoch 59 | val_acc=0.8318 (best) | loss=0.6012
11:32:30 INFO src.train :: epoch 60 | val_acc=0.8319 (best) | loss=0.5906
11:32:30 INFO src.train :: epoch 61 | val_acc=0.8328 (best) | loss=0.6015
11:32:30 INFO src.train :: epoch 62 | val_acc=0.8335 (best) | loss=0.5879
11:32:31 INFO src.train :: epoch 63 | val_acc=0.8341 (best) | loss=0.5871
11:32:32 INFO src.train :: epoch 65 | val_acc=0.8342 (best) | loss=0.5752
11:32:32 INFO src.train :: epoch 66 | val_acc=0.8346 (best) | loss=0.5766
11:32:34 INFO src.train :: epoch 72 | val_acc=0.8355 (best) | loss=0.5490
11:32:42 INFO src.train :: Early stop at epoch 92 (no improvement for 20 epochs)
11:32:42 INFO src.train :: Trial 14/20 [random] | params={'lr': 0.01, 'weight_decay': 0.001, 'hidden_channels': 128, 'dropout': 0.5}
11:32:42 INFO src.train :: train_model: encoder=tfidf model=GAT seed=13 device=auto
11:32:43 INFO src.train :: epoch 1 | val_acc=0.0001 (best) | loss=3.9574
11:32:44 INFO src.train :: epoch 4 | val_acc=0.3698 (best) | loss=3.5283
11:32:45 INFO src.train :: epoch 5 | val_acc=0.3751 (best) | loss=3.2168
11:32:45 INFO src.train :: epoch 6 | val_acc=0.3826 (best) | loss=2.9063
11:32:46 INFO src.train :: epoch 7 | val_acc=0.3922 (best) | loss=2.6034
11:32:46 INFO src.train :: epoch 8 | val_acc=0.3990 (best) | loss=2.3176
11:32:46 INFO src.train :: epoch 9 | val_acc=0.4038 (best) | loss=2.0995
/home/infres/abertrand-24/miniconda3/envs/env_gnn/lib/python3.11/site-packages/torch/optim/lr_scheduler.py:232: UserWarning: The epoch parameter in `scheduler.step()` was not necessary and is being deprecated where possible. Please use `scheduler.step()` to step the scheduler. During the deprecation, if epoch is different from None, the closed form is used instead of the new chainable form, where available. Please open an issue if you are unable to replicate your use case: https://github.com/pytorch/pytorch/issues/new/choose.
  warnings.warn(EPOCH_DEPRECATION_WARNING, UserWarning)
11:32:48 INFO src.train :: epoch 13 | val_acc=0.4046 (best) | loss=1.6112
11:32:48 INFO src.train :: epoch 14 | val_acc=0.4098 (best) | loss=1.5496
11:32:49 INFO src.train :: epoch 15 | val_acc=0.4137 (best) | loss=1.4944
11:32:49 INFO src.train :: epoch 16 | val_acc=0.4154 (best) | loss=1.4695
11:32:50 INFO src.train :: epoch 17 | val_acc=0.4156 (best) | loss=1.4325
11:32:51 INFO src.train :: epoch 20 | val_acc=0.4182 (best) | loss=1.3606
11:32:51 INFO src.train :: epoch 21 | val_acc=0.4251 (best) | loss=1.3440
11:32:52 INFO src.train :: epoch 22 | val_acc=0.4343 (best) | loss=1.3187
11:32:52 INFO src.train :: epoch 23 | val_acc=0.4440 (best) | loss=1.2935
11:32:53 INFO src.train :: epoch 24 | val_acc=0.4518 (best) | loss=1.2969
11:32:53 INFO src.train :: epoch 25 | val_acc=0.4620 (best) | loss=1.2797
11:32:53 INFO src.train :: epoch 26 | val_acc=0.4741 (best) | loss=1.2659
11:32:54 INFO src.train :: epoch 27 | val_acc=0.4880 (best) | loss=1.2521
11:32:54 INFO src.train :: epoch 28 | val_acc=0.5007 (best) | loss=1.2389
11:32:55 INFO src.train :: epoch 29 | val_acc=0.5057 (best) | loss=1.2367
11:32:56 INFO src.train :: epoch 32 | val_acc=0.5067 (best) | loss=1.2070
11:32:56 INFO src.train :: epoch 33 | val_acc=0.5078 (best) | loss=1.1993
11:32:57 INFO src.train :: epoch 34 | val_acc=0.5112 (best) | loss=1.1962
11:32:58 INFO src.train :: epoch 37 | val_acc=0.5188 (best) | loss=1.1782
11:32:59 INFO src.train :: epoch 39 | val_acc=0.5281 (best) | loss=1.1722
11:32:59 INFO src.train :: epoch 41 | val_acc=0.5294 (best) | loss=1.1672
11:33:00 INFO src.train :: epoch 43 | val_acc=0.5410 (best) | loss=1.1514
11:33:01 INFO src.train :: epoch 44 | val_acc=0.5605 (best) | loss=1.1568
11:33:01 INFO src.train :: epoch 46 | val_acc=0.5771 (best) | loss=1.1511
11:33:02 INFO src.train :: epoch 47 | val_acc=0.5915 (best) | loss=1.1526
11:33:03 INFO src.train :: epoch 49 | val_acc=0.6072 (best) | loss=1.1473
11:33:03 INFO src.train :: epoch 51 | val_acc=0.6268 (best) | loss=1.1470
11:33:04 INFO src.train :: epoch 52 | val_acc=0.6351 (best) | loss=1.1462
11:33:04 INFO src.train :: epoch 53 | val_acc=0.6369 (best) | loss=1.1383
11:33:05 INFO src.train :: epoch 54 | val_acc=0.6890 (best) | loss=1.1440
11:33:06 INFO src.train :: epoch 57 | val_acc=0.7175 (best) | loss=1.1487
11:33:06 INFO src.train :: epoch 58 | val_acc=0.7212 (best) | loss=1.1509
11:33:07 INFO src.train :: epoch 59 | val_acc=0.7318 (best) | loss=1.1343
11:33:07 INFO src.train :: epoch 60 | val_acc=0.7568 (best) | loss=1.1364
11:33:08 INFO src.train :: epoch 61 | val_acc=0.7584 (best) | loss=1.1241
11:33:08 INFO src.train :: epoch 63 | val_acc=0.7647 (best) | loss=1.1194
11:33:09 INFO src.train :: epoch 64 | val_acc=0.7707 (best) | loss=1.1231
11:33:09 INFO src.train :: epoch 65 | val_acc=0.7842 (best) | loss=1.1118
11:33:10 INFO src.train :: epoch 67 | val_acc=0.7950 (best) | loss=1.1458
11:33:10 INFO src.train :: epoch 68 | val_acc=0.8055 (best) | loss=1.1239
11:33:11 INFO src.train :: epoch 69 | val_acc=0.8058 (best) | loss=1.1123
11:33:11 INFO src.train :: epoch 70 | val_acc=0.8149 (best) | loss=1.1347
11:33:12 INFO src.train :: epoch 71 | val_acc=0.8191 (best) | loss=1.1161
11:33:13 INFO src.train :: epoch 75 | val_acc=0.8234 (best) | loss=1.1084
11:33:14 INFO src.train :: epoch 77 | val_acc=0.8234 (best) | loss=1.1027
11:33:15 INFO src.train :: epoch 80 | val_acc=0.8235 (best) | loss=1.0990
11:33:16 INFO src.train :: epoch 82 | val_acc=0.8248 (best) | loss=1.1075
11:33:17 INFO src.train :: epoch 85 | val_acc=0.8257 (best) | loss=1.0963
11:33:21 INFO src.train :: epoch 94 | val_acc=0.8276 (best) | loss=1.0839
11:33:21 INFO src.train :: epoch 95 | val_acc=0.8298 (best) | loss=1.0843
11:33:25 INFO src.train :: epoch 104 | val_acc=0.8299 (best) | loss=1.0665
11:33:30 INFO src.train :: epoch 117 | val_acc=0.8301 (best) | loss=1.0434
11:33:31 INFO src.train :: epoch 120 | val_acc=0.8304 (best) | loss=1.0568
11:33:32 INFO src.train :: epoch 123 | val_acc=0.8311 (best) | loss=1.0475
11:33:33 INFO src.train :: epoch 125 | val_acc=0.8314 (best) | loss=1.0401
11:33:34 INFO src.train :: epoch 128 | val_acc=0.8316 (best) | loss=1.0514
11:33:35 INFO src.train :: epoch 131 | val_acc=0.8333 (best) | loss=1.0497
11:33:38 INFO src.train :: epoch 139 | val_acc=0.8344 (best) | loss=1.0350
11:33:39 INFO src.train :: epoch 140 | val_acc=0.8345 (best) | loss=1.0360
11:33:47 INFO src.train :: Early stop at epoch 160 (no improvement for 20 epochs)
11:33:47 INFO src.train :: Trial 15/20 [random] | params={'lr': 0.01, 'weight_decay': 0.001, 'hidden_channels': 128, 'dropout': 0.3}
11:33:47 INFO src.train :: train_model: encoder=tfidf model=GAT seed=14 device=auto
11:33:48 INFO src.train :: epoch 1 | val_acc=0.0065 (best) | loss=3.9576
11:33:48 INFO src.train :: epoch 2 | val_acc=0.0104 (best) | loss=3.9543
11:33:49 INFO src.train :: epoch 3 | val_acc=0.0111 (best) | loss=3.6929
11:33:49 INFO src.train :: epoch 4 | val_acc=0.4173 (best) | loss=3.2738
/home/infres/abertrand-24/miniconda3/envs/env_gnn/lib/python3.11/site-packages/torch/optim/lr_scheduler.py:232: UserWarning: The epoch parameter in `scheduler.step()` was not necessary and is being deprecated where possible. Please use `scheduler.step()` to step the scheduler. During the deprecation, if epoch is different from None, the closed form is used instead of the new chainable form, where available. Please open an issue if you are unable to replicate your use case: https://github.com/pytorch/pytorch/issues/new/choose.
  warnings.warn(EPOCH_DEPRECATION_WARNING, UserWarning)
11:33:52 INFO src.train :: epoch 12 | val_acc=0.4295 (best) | loss=1.1738
11:33:52 INFO src.train :: epoch 13 | val_acc=0.4432 (best) | loss=1.1097
11:33:53 INFO src.train :: epoch 14 | val_acc=0.4480 (best) | loss=1.0562
11:33:55 INFO src.train :: epoch 19 | val_acc=0.4536 (best) | loss=0.8978
11:33:55 INFO src.train :: epoch 20 | val_acc=0.4714 (best) | loss=0.8807
11:33:56 INFO src.train :: epoch 21 | val_acc=0.4921 (best) | loss=0.8613
11:33:56 INFO src.train :: epoch 22 | val_acc=0.5140 (best) | loss=0.8436
11:33:56 INFO src.train :: epoch 23 | val_acc=0.5269 (best) | loss=0.8314
11:33:57 INFO src.train :: epoch 24 | val_acc=0.5312 (best) | loss=0.8149
11:33:58 INFO src.train :: epoch 26 | val_acc=0.5315 (best) | loss=0.7903
11:33:58 INFO src.train :: epoch 27 | val_acc=0.5400 (best) | loss=0.7784
11:33:59 INFO src.train :: epoch 28 | val_acc=0.5541 (best) | loss=0.7696
11:33:59 INFO src.train :: epoch 29 | val_acc=0.5616 (best) | loss=0.7594
11:34:01 INFO src.train :: epoch 33 | val_acc=0.5636 (best) | loss=0.7179
11:34:02 INFO src.train :: epoch 36 | val_acc=0.5660 (best) | loss=0.6840
11:34:03 INFO src.train :: epoch 39 | val_acc=0.5682 (best) | loss=0.6640
11:34:04 INFO src.train :: epoch 41 | val_acc=0.5732 (best) | loss=0.6509
11:34:05 INFO src.train :: epoch 43 | val_acc=0.5794 (best) | loss=0.6590
11:34:06 INFO src.train :: epoch 46 | val_acc=0.6200 (best) | loss=0.6364
11:34:07 INFO src.train :: epoch 49 | val_acc=0.6403 (best) | loss=0.6325
11:34:07 INFO src.train :: epoch 50 | val_acc=0.6415 (best) | loss=0.6123
11:34:08 INFO src.train :: epoch 51 | val_acc=0.6507 (best) | loss=0.6205
11:34:08 INFO src.train :: epoch 52 | val_acc=0.6695 (best) | loss=0.6038
11:34:09 INFO src.train :: epoch 53 | val_acc=0.6730 (best) | loss=0.6105
11:34:09 INFO src.train :: epoch 54 | val_acc=0.6939 (best) | loss=0.5986
11:34:09 INFO src.train :: epoch 55 | val_acc=0.7134 (best) | loss=0.5971
11:34:10 INFO src.train :: epoch 57 | val_acc=0.7192 (best) | loss=0.5881
11:34:11 INFO src.train :: epoch 60 | val_acc=0.7590 (best) | loss=0.5947
11:34:13 INFO src.train :: epoch 63 | val_acc=0.7657 (best) | loss=0.5870
11:34:13 INFO src.train :: epoch 64 | val_acc=0.7724 (best) | loss=0.5810
11:34:14 INFO src.train :: epoch 66 | val_acc=0.7822 (best) | loss=0.5737
11:34:15 INFO src.train :: epoch 68 | val_acc=0.7945 (best) | loss=0.5696
11:34:15 INFO src.train :: epoch 69 | val_acc=0.7954 (best) | loss=0.5644
11:34:15 INFO src.train :: epoch 70 | val_acc=0.8006 (best) | loss=0.5622
11:34:16 INFO src.train :: epoch 71 | val_acc=0.8020 (best) | loss=0.5629
11:34:16 INFO src.train :: epoch 72 | val_acc=0.8149 (best) | loss=0.5524
11:34:17 INFO src.train :: epoch 74 | val_acc=0.8212 (best) | loss=0.5762
11:34:18 INFO src.train :: epoch 77 | val_acc=0.8249 (best) | loss=0.5535
11:34:19 INFO src.train :: epoch 78 | val_acc=0.8265 (best) | loss=0.5528
11:34:19 INFO src.train :: epoch 79 | val_acc=0.8276 (best) | loss=0.5525
11:34:19 INFO src.train :: epoch 80 | val_acc=0.8300 (best) | loss=0.5528
11:34:22 INFO src.train :: epoch 87 | val_acc=0.8317 (best) | loss=0.5395
11:34:30 INFO src.train :: epoch 107 | val_acc=0.8327 (best) | loss=0.5233
11:34:38 INFO src.train :: Early stop at epoch 127 (no improvement for 20 epochs)
11:34:38 INFO src.train :: Trial 16/20 [random] | params={'lr': 0.05, 'weight_decay': 0.001, 'hidden_channels': 128, 'dropout': 0.3}
11:34:38 INFO src.train :: train_model: encoder=tfidf model=GAT seed=15 device=auto
11:34:39 INFO src.train :: epoch 1 | val_acc=0.0006 (best) | loss=4.0375
11:34:39 INFO src.train :: epoch 2 | val_acc=0.0645 (best) | loss=4.0225
11:34:40 INFO src.train :: epoch 3 | val_acc=0.3028 (best) | loss=3.0680
11:34:40 INFO src.train :: epoch 4 | val_acc=0.6163 (best) | loss=2.2373
11:34:40 INFO src.train :: epoch 5 | val_acc=0.6409 (best) | loss=1.6981
/home/infres/abertrand-24/miniconda3/envs/env_gnn/lib/python3.11/site-packages/torch/optim/lr_scheduler.py:232: UserWarning: The epoch parameter in `scheduler.step()` was not necessary and is being deprecated where possible. Please use `scheduler.step()` to step the scheduler. During the deprecation, if epoch is different from None, the closed form is used instead of the new chainable form, where available. Please open an issue if you are unable to replicate your use case: https://github.com/pytorch/pytorch/issues/new/choose.
  warnings.warn(EPOCH_DEPRECATION_WARNING, UserWarning)
11:34:48 INFO src.train :: Early stop at epoch 25 (no improvement for 20 epochs)
11:34:48 INFO src.train :: Trial 17/20 [random] | params={'lr': 0.05, 'weight_decay': 0.0, 'hidden_channels': 64, 'dropout': 0.5}
11:34:48 INFO src.train :: train_model: encoder=tfidf model=GAT seed=16 device=auto
11:34:49 INFO src.train :: epoch 1 | val_acc=0.0359 (best) | loss=3.9965
11:34:50 INFO src.train :: epoch 3 | val_acc=0.0545 (best) | loss=3.5977
11:34:50 INFO src.train :: epoch 4 | val_acc=0.2540 (best) | loss=3.1619
11:34:50 INFO src.train :: epoch 5 | val_acc=0.5293 (best) | loss=2.7359
11:34:50 INFO src.train :: epoch 6 | val_acc=0.5909 (best) | loss=2.3614
11:34:50 INFO src.train :: epoch 7 | val_acc=0.5944 (best) | loss=2.0926
/home/infres/abertrand-24/miniconda3/envs/env_gnn/lib/python3.11/site-packages/torch/optim/lr_scheduler.py:232: UserWarning: The epoch parameter in `scheduler.step()` was not necessary and is being deprecated where possible. Please use `scheduler.step()` to step the scheduler. During the deprecation, if epoch is different from None, the closed form is used instead of the new chainable form, where available. Please open an issue if you are unable to replicate your use case: https://github.com/pytorch/pytorch/issues/new/choose.
  warnings.warn(EPOCH_DEPRECATION_WARNING, UserWarning)
11:34:51 INFO src.train :: epoch 11 | val_acc=0.6199 (best) | loss=1.6971
11:34:51 INFO src.train :: epoch 12 | val_acc=0.6629 (best) | loss=1.6423
11:34:52 INFO src.train :: epoch 13 | val_acc=0.6996 (best) | loss=1.5773
11:34:52 INFO src.train :: epoch 14 | val_acc=0.7249 (best) | loss=1.5276
11:34:52 INFO src.train :: epoch 15 | val_acc=0.7467 (best) | loss=1.5157
11:34:52 INFO src.train :: epoch 16 | val_acc=0.7686 (best) | loss=1.4785
11:34:53 INFO src.train :: epoch 17 | val_acc=0.7817 (best) | loss=1.4670
11:34:53 INFO src.train :: epoch 18 | val_acc=0.7889 (best) | loss=1.4200
11:34:53 INFO src.train :: epoch 19 | val_acc=0.7939 (best) | loss=1.4068
11:34:53 INFO src.train :: epoch 20 | val_acc=0.7975 (best) | loss=1.3902
11:34:53 INFO src.train :: epoch 21 | val_acc=0.7989 (best) | loss=1.3827
11:34:54 INFO src.train :: epoch 22 | val_acc=0.7990 (best) | loss=1.3746
11:34:54 INFO src.train :: epoch 23 | val_acc=0.8014 (best) | loss=1.3356
11:34:54 INFO src.train :: epoch 24 | val_acc=0.8036 (best) | loss=1.3389
11:34:54 INFO src.train :: epoch 25 | val_acc=0.8053 (best) | loss=1.3302
11:34:54 INFO src.train :: epoch 26 | val_acc=0.8061 (best) | loss=1.3107
11:34:55 INFO src.train :: epoch 27 | val_acc=0.8070 (best) | loss=1.3063
11:34:55 INFO src.train :: epoch 28 | val_acc=0.8084 (best) | loss=1.2955
11:34:56 INFO src.train :: epoch 31 | val_acc=0.8087 (best) | loss=1.2712
11:34:56 INFO src.train :: epoch 32 | val_acc=0.8093 (best) | loss=1.2585
11:34:56 INFO src.train :: epoch 34 | val_acc=0.8104 (best) | loss=1.2435
11:34:56 INFO src.train :: epoch 35 | val_acc=0.8108 (best) | loss=1.2464
11:34:57 INFO src.train :: epoch 36 | val_acc=0.8112 (best) | loss=1.2313
11:34:57 INFO src.train :: epoch 37 | val_acc=0.8124 (best) | loss=1.2292
11:34:57 INFO src.train :: epoch 38 | val_acc=0.8127 (best) | loss=1.2239
11:34:57 INFO src.train :: epoch 39 | val_acc=0.8135 (best) | loss=1.2190
11:34:58 INFO src.train :: epoch 42 | val_acc=0.8136 (best) | loss=1.1973
11:34:58 INFO src.train :: epoch 43 | val_acc=0.8143 (best) | loss=1.2014
11:34:58 INFO src.train :: epoch 44 | val_acc=0.8149 (best) | loss=1.2014
11:34:59 INFO src.train :: epoch 45 | val_acc=0.8153 (best) | loss=1.1902
11:34:59 INFO src.train :: epoch 46 | val_acc=0.8156 (best) | loss=1.1860
11:35:00 INFO src.train :: epoch 51 | val_acc=0.8160 (best) | loss=1.1679
11:35:00 INFO src.train :: epoch 52 | val_acc=0.8182 (best) | loss=1.1687
11:35:00 INFO src.train :: epoch 53 | val_acc=0.8184 (best) | loss=1.1609
11:35:00 INFO src.train :: epoch 54 | val_acc=0.8188 (best) | loss=1.1510
11:35:01 INFO src.train :: epoch 55 | val_acc=0.8190 (best) | loss=1.1452
11:35:01 INFO src.train :: epoch 56 | val_acc=0.8198 (best) | loss=1.1534
11:35:01 INFO src.train :: epoch 58 | val_acc=0.8205 (best) | loss=1.1450
11:35:02 INFO src.train :: epoch 60 | val_acc=0.8207 (best) | loss=1.1484
11:35:05 INFO src.train :: epoch 75 | val_acc=0.8209 (best) | loss=1.1015
11:35:05 INFO src.train :: epoch 78 | val_acc=0.8213 (best) | loss=1.0916
11:35:06 INFO src.train :: epoch 79 | val_acc=0.8222 (best) | loss=1.0981
11:35:06 INFO src.train :: epoch 80 | val_acc=0.8223 (best) | loss=1.1033
11:35:06 INFO src.train :: epoch 81 | val_acc=0.8227 (best) | loss=1.0927
11:35:07 INFO src.train :: epoch 87 | val_acc=0.8234 (best) | loss=1.0822
11:35:08 INFO src.train :: epoch 89 | val_acc=0.8236 (best) | loss=1.0793
11:35:08 INFO src.train :: epoch 90 | val_acc=0.8242 (best) | loss=1.0757
11:35:08 INFO src.train :: epoch 91 | val_acc=0.8244 (best) | loss=1.0767
11:35:08 INFO src.train :: epoch 92 | val_acc=0.8246 (best) | loss=1.0851
11:35:09 INFO src.train :: epoch 93 | val_acc=0.8257 (best) | loss=1.0721
11:35:09 INFO src.train :: epoch 96 | val_acc=0.8259 (best) | loss=1.0739
11:35:10 INFO src.train :: epoch 99 | val_acc=0.8263 (best) | loss=1.0658
11:35:11 INFO src.train :: epoch 103 | val_acc=0.8265 (best) | loss=1.0558
11:35:11 INFO src.train :: epoch 104 | val_acc=0.8267 (best) | loss=1.0580
11:35:13 INFO src.train :: epoch 113 | val_acc=0.8269 (best) | loss=1.0479
11:35:15 INFO src.train :: epoch 127 | val_acc=0.8269 (best) | loss=1.0361
11:35:20 INFO src.train :: Early stop at epoch 147 (no improvement for 20 epochs)
11:35:20 INFO src.train :: Trial 18/20 [random] | params={'lr': 0.05, 'weight_decay': 0.0001, 'hidden_channels': 64, 'dropout': 0.0}
11:35:20 INFO src.train :: train_model: encoder=tfidf model=GAT seed=17 device=auto
11:35:20 INFO src.train :: epoch 1 | val_acc=0.0005 (best) | loss=3.9547
11:35:21 INFO src.train :: epoch 2 | val_acc=0.0013 (best) | loss=3.9342
11:35:21 INFO src.train :: epoch 3 | val_acc=0.4036 (best) | loss=2.9080
11:35:21 INFO src.train :: epoch 4 | val_acc=0.4567 (best) | loss=2.2559
11:35:21 INFO src.train :: epoch 5 | val_acc=0.5151 (best) | loss=1.7118
11:35:21 INFO src.train :: epoch 6 | val_acc=0.5724 (best) | loss=1.3024
11:35:22 INFO src.train :: epoch 7 | val_acc=0.6268 (best) | loss=1.0110
11:35:22 INFO src.train :: epoch 8 | val_acc=0.6806 (best) | loss=0.8310
11:35:22 INFO src.train :: epoch 9 | val_acc=0.7163 (best) | loss=0.7301
/home/infres/abertrand-24/miniconda3/envs/env_gnn/lib/python3.11/site-packages/torch/optim/lr_scheduler.py:232: UserWarning: The epoch parameter in `scheduler.step()` was not necessary and is being deprecated where possible. Please use `scheduler.step()` to step the scheduler. During the deprecation, if epoch is different from None, the closed form is used instead of the new chainable form, where available. Please open an issue if you are unable to replicate your use case: https://github.com/pytorch/pytorch/issues/new/choose.
  warnings.warn(EPOCH_DEPRECATION_WARNING, UserWarning)
11:35:22 INFO src.train :: epoch 10 | val_acc=0.7366 (best) | loss=0.6639
11:35:22 INFO src.train :: epoch 11 | val_acc=0.7482 (best) | loss=0.6220
11:35:23 INFO src.train :: epoch 12 | val_acc=0.7516 (best) | loss=0.5890
11:35:23 INFO src.train :: epoch 13 | val_acc=0.7663 (best) | loss=0.5605
11:35:23 INFO src.train :: epoch 14 | val_acc=0.7833 (best) | loss=0.5319
11:35:23 INFO src.train :: epoch 15 | val_acc=0.7900 (best) | loss=0.5096
11:35:24 INFO src.train :: epoch 16 | val_acc=0.7946 (best) | loss=0.4889
11:35:24 INFO src.train :: epoch 17 | val_acc=0.7989 (best) | loss=0.4662
11:35:25 INFO src.train :: epoch 23 | val_acc=0.7999 (best) | loss=0.3628
11:35:25 INFO src.train :: epoch 24 | val_acc=0.8062 (best) | loss=0.3474
11:35:25 INFO src.train :: epoch 25 | val_acc=0.8080 (best) | loss=0.3326
11:35:26 INFO src.train :: epoch 26 | val_acc=0.8083 (best) | loss=0.3200
11:35:30 INFO src.train :: Early stop at epoch 46 (no improvement for 20 epochs)
11:35:30 INFO src.train :: Trial 19/20 [random] | params={'lr': 0.01, 'weight_decay': 0.0001, 'hidden_channels': 128, 'dropout': 0.5}
11:35:30 INFO src.train :: train_model: encoder=tfidf model=GAT seed=18 device=auto
11:35:31 INFO src.train :: epoch 1 | val_acc=0.0148 (best) | loss=3.9357
11:35:31 INFO src.train :: epoch 2 | val_acc=0.0533 (best) | loss=3.9386
11:35:32 INFO src.train :: epoch 4 | val_acc=0.1469 (best) | loss=3.5063
11:35:32 INFO src.train :: epoch 5 | val_acc=0.4511 (best) | loss=3.2017
/home/infres/abertrand-24/miniconda3/envs/env_gnn/lib/python3.11/site-packages/torch/optim/lr_scheduler.py:232: UserWarning: The epoch parameter in `scheduler.step()` was not necessary and is being deprecated where possible. Please use `scheduler.step()` to step the scheduler. During the deprecation, if epoch is different from None, the closed form is used instead of the new chainable form, where available. Please open an issue if you are unable to replicate your use case: https://github.com/pytorch/pytorch/issues/new/choose.
  warnings.warn(EPOCH_DEPRECATION_WARNING, UserWarning)
11:35:36 INFO src.train :: epoch 14 | val_acc=0.4621 (best) | loss=1.5596
11:35:36 INFO src.train :: epoch 15 | val_acc=0.4813 (best) | loss=1.5134
11:35:37 INFO src.train :: epoch 16 | val_acc=0.5024 (best) | loss=1.4796
11:35:37 INFO src.train :: epoch 17 | val_acc=0.5215 (best) | loss=1.4555
11:35:37 INFO src.train :: epoch 18 | val_acc=0.5446 (best) | loss=1.4119
11:35:38 INFO src.train :: epoch 19 | val_acc=0.5709 (best) | loss=1.3775
11:35:38 INFO src.train :: epoch 20 | val_acc=0.5983 (best) | loss=1.3659
11:35:39 INFO src.train :: epoch 21 | val_acc=0.6270 (best) | loss=1.3451
11:35:39 INFO src.train :: epoch 22 | val_acc=0.6532 (best) | loss=1.3232
11:35:40 INFO src.train :: epoch 23 | val_acc=0.6830 (best) | loss=1.3079
11:35:40 INFO src.train :: epoch 24 | val_acc=0.7090 (best) | loss=1.2882
11:35:40 INFO src.train :: epoch 25 | val_acc=0.7275 (best) | loss=1.2705
11:35:41 INFO src.train :: epoch 26 | val_acc=0.7426 (best) | loss=1.2734
11:35:41 INFO src.train :: epoch 27 | val_acc=0.7539 (best) | loss=1.2466
11:35:42 INFO src.train :: epoch 28 | val_acc=0.7626 (best) | loss=1.2439
11:35:42 INFO src.train :: epoch 29 | val_acc=0.7711 (best) | loss=1.2298
11:35:42 INFO src.train :: epoch 30 | val_acc=0.7767 (best) | loss=1.2221
11:35:43 INFO src.train :: epoch 31 | val_acc=0.7821 (best) | loss=1.2268
11:35:43 INFO src.train :: epoch 32 | val_acc=0.7866 (best) | loss=1.2113
11:35:44 INFO src.train :: epoch 33 | val_acc=0.7912 (best) | loss=1.2010
11:35:44 INFO src.train :: epoch 34 | val_acc=0.7950 (best) | loss=1.1905
11:35:44 INFO src.train :: epoch 35 | val_acc=0.7972 (best) | loss=1.1847
11:35:45 INFO src.train :: epoch 36 | val_acc=0.8000 (best) | loss=1.1794
11:35:45 INFO src.train :: epoch 37 | val_acc=0.8024 (best) | loss=1.1704
11:35:46 INFO src.train :: epoch 38 | val_acc=0.8057 (best) | loss=1.1660
11:35:46 INFO src.train :: epoch 39 | val_acc=0.8075 (best) | loss=1.1503
11:35:47 INFO src.train :: epoch 40 | val_acc=0.8078 (best) | loss=1.1541
11:35:47 INFO src.train :: epoch 41 | val_acc=0.8091 (best) | loss=1.1519
11:35:47 INFO src.train :: epoch 42 | val_acc=0.8102 (best) | loss=1.1453
11:35:48 INFO src.train :: epoch 43 | val_acc=0.8121 (best) | loss=1.1434
11:35:48 INFO src.train :: epoch 44 | val_acc=0.8139 (best) | loss=1.1261
11:35:49 INFO src.train :: epoch 45 | val_acc=0.8153 (best) | loss=1.1295
11:35:49 INFO src.train :: epoch 46 | val_acc=0.8172 (best) | loss=1.1276
11:35:49 INFO src.train :: epoch 47 | val_acc=0.8185 (best) | loss=1.1106
11:35:50 INFO src.train :: epoch 48 | val_acc=0.8187 (best) | loss=1.1100
11:35:50 INFO src.train :: epoch 49 | val_acc=0.8197 (best) | loss=1.1018
11:35:51 INFO src.train :: epoch 50 | val_acc=0.8198 (best) | loss=1.1103
11:35:51 INFO src.train :: epoch 51 | val_acc=0.8213 (best) | loss=1.1033
11:35:51 INFO src.train :: epoch 52 | val_acc=0.8226 (best) | loss=1.0957
11:35:52 INFO src.train :: epoch 53 | val_acc=0.8236 (best) | loss=1.0914
11:35:52 INFO src.train :: epoch 54 | val_acc=0.8236 (best) | loss=1.0939
11:35:53 INFO src.train :: epoch 55 | val_acc=0.8255 (best) | loss=1.0947
11:35:53 INFO src.train :: epoch 56 | val_acc=0.8270 (best) | loss=1.0824
11:35:54 INFO src.train :: epoch 57 | val_acc=0.8282 (best) | loss=1.0749
11:35:54 INFO src.train :: epoch 59 | val_acc=0.8291 (best) | loss=1.0728
11:35:55 INFO src.train :: epoch 60 | val_acc=0.8302 (best) | loss=1.0803
11:35:56 INFO src.train :: epoch 62 | val_acc=0.8307 (best) | loss=1.0682
11:35:58 INFO src.train :: epoch 68 | val_acc=0.8309 (best) | loss=1.0501
11:35:58 INFO src.train :: epoch 69 | val_acc=0.8310 (best) | loss=1.0407
11:35:59 INFO src.train :: epoch 70 | val_acc=0.8316 (best) | loss=1.0408
11:36:00 INFO src.train :: epoch 72 | val_acc=0.8325 (best) | loss=1.0379
11:36:00 INFO src.train :: epoch 74 | val_acc=0.8326 (best) | loss=1.0391
11:36:01 INFO src.train :: epoch 75 | val_acc=0.8336 (best) | loss=1.0338
11:36:04 INFO src.train :: epoch 82 | val_acc=0.8337 (best) | loss=1.0270
11:36:04 INFO src.train :: epoch 83 | val_acc=0.8341 (best) | loss=1.0248
11:36:04 INFO src.train :: epoch 84 | val_acc=0.8342 (best) | loss=1.0237
11:36:06 INFO src.train :: epoch 87 | val_acc=0.8344 (best) | loss=1.0169
11:36:06 INFO src.train :: epoch 89 | val_acc=0.8345 (best) | loss=1.0159
11:36:07 INFO src.train :: epoch 90 | val_acc=0.8350 (best) | loss=1.0086
11:36:07 INFO src.train :: epoch 91 | val_acc=0.8354 (best) | loss=1.0092
11:36:08 INFO src.train :: epoch 92 | val_acc=0.8359 (best) | loss=1.0168
11:36:08 INFO src.train :: epoch 93 | val_acc=0.8361 (best) | loss=1.0073
11:36:16 INFO src.train :: Early stop at epoch 113 (no improvement for 20 epochs)
11:36:16 INFO src.train :: Trial 20/20 [random] | params={'lr': 0.005, 'weight_decay': 0.001, 'hidden_channels': 64, 'dropout': 0.3}
11:36:16 INFO src.train :: train_model: encoder=tfidf model=GAT seed=19 device=auto
11:36:17 INFO src.train :: epoch 1 | val_acc=0.0064 (best) | loss=3.8701
11:36:17 INFO src.train :: epoch 5 | val_acc=0.0111 (best) | loss=3.4099
11:36:18 INFO src.train :: epoch 6 | val_acc=0.3934 (best) | loss=3.1908
11:36:18 INFO src.train :: epoch 7 | val_acc=0.4193 (best) | loss=2.9909
/home/infres/abertrand-24/miniconda3/envs/env_gnn/lib/python3.11/site-packages/torch/optim/lr_scheduler.py:232: UserWarning: The epoch parameter in `scheduler.step()` was not necessary and is being deprecated where possible. Please use `scheduler.step()` to step the scheduler. During the deprecation, if epoch is different from None, the closed form is used instead of the new chainable form, where available. Please open an issue if you are unable to replicate your use case: https://github.com/pytorch/pytorch/issues/new/choose.
  warnings.warn(EPOCH_DEPRECATION_WARNING, UserWarning)
11:36:20 INFO src.train :: epoch 16 | val_acc=0.4243 (best) | loss=1.6868
11:36:20 INFO src.train :: epoch 17 | val_acc=0.4370 (best) | loss=1.6048
11:36:20 INFO src.train :: epoch 18 | val_acc=0.4509 (best) | loss=1.5310
11:36:20 INFO src.train :: epoch 19 | val_acc=0.4621 (best) | loss=1.4649
11:36:21 INFO src.train :: epoch 20 | val_acc=0.4717 (best) | loss=1.4127
11:36:21 INFO src.train :: epoch 21 | val_acc=0.4820 (best) | loss=1.3578
11:36:21 INFO src.train :: epoch 22 | val_acc=0.4893 (best) | loss=1.3008
11:36:21 INFO src.train :: epoch 23 | val_acc=0.4952 (best) | loss=1.2568
11:36:21 INFO src.train :: epoch 24 | val_acc=0.5007 (best) | loss=1.2183
11:36:22 INFO src.train :: epoch 25 | val_acc=0.5064 (best) | loss=1.1804
11:36:22 INFO src.train :: epoch 26 | val_acc=0.5095 (best) | loss=1.1480
11:36:22 INFO src.train :: epoch 27 | val_acc=0.5121 (best) | loss=1.1175
11:36:22 INFO src.train :: epoch 28 | val_acc=0.5144 (best) | loss=1.0945
11:36:23 INFO src.train :: epoch 29 | val_acc=0.5184 (best) | loss=1.0663
11:36:23 INFO src.train :: epoch 30 | val_acc=0.5254 (best) | loss=1.0421
11:36:23 INFO src.train :: epoch 31 | val_acc=0.5373 (best) | loss=1.0260
11:36:23 INFO src.train :: epoch 32 | val_acc=0.5548 (best) | loss=1.0077
11:36:23 INFO src.train :: epoch 33 | val_acc=0.5749 (best) | loss=0.9875
11:36:24 INFO src.train :: epoch 34 | val_acc=0.5960 (best) | loss=0.9656
11:36:24 INFO src.train :: epoch 35 | val_acc=0.6176 (best) | loss=0.9523
11:36:24 INFO src.train :: epoch 36 | val_acc=0.6339 (best) | loss=0.9359
11:36:24 INFO src.train :: epoch 37 | val_acc=0.6499 (best) | loss=0.9214
11:36:24 INFO src.train :: epoch 38 | val_acc=0.6631 (best) | loss=0.9140
11:36:25 INFO src.train :: epoch 39 | val_acc=0.6764 (best) | loss=0.8947
11:36:25 INFO src.train :: epoch 40 | val_acc=0.6901 (best) | loss=0.8863
11:36:25 INFO src.train :: epoch 41 | val_acc=0.6996 (best) | loss=0.8781
11:36:25 INFO src.train :: epoch 42 | val_acc=0.7053 (best) | loss=0.8649
11:36:26 INFO src.train :: epoch 43 | val_acc=0.7069 (best) | loss=0.8572
11:36:26 INFO src.train :: epoch 44 | val_acc=0.7102 (best) | loss=0.8407
11:36:26 INFO src.train :: epoch 45 | val_acc=0.7166 (best) | loss=0.8301
11:36:26 INFO src.train :: epoch 46 | val_acc=0.7225 (best) | loss=0.8239
11:36:26 INFO src.train :: epoch 47 | val_acc=0.7270 (best) | loss=0.8164
11:36:27 INFO src.train :: epoch 48 | val_acc=0.7322 (best) | loss=0.8118
11:36:27 INFO src.train :: epoch 49 | val_acc=0.7359 (best) | loss=0.8053
11:36:27 INFO src.train :: epoch 50 | val_acc=0.7411 (best) | loss=0.7931
11:36:27 INFO src.train :: epoch 51 | val_acc=0.7482 (best) | loss=0.7828
11:36:28 INFO src.train :: epoch 53 | val_acc=0.7551 (best) | loss=0.7743
11:36:28 INFO src.train :: epoch 54 | val_acc=0.7634 (best) | loss=0.7706
11:36:29 INFO src.train :: epoch 57 | val_acc=0.7684 (best) | loss=0.7557
11:36:29 INFO src.train :: epoch 59 | val_acc=0.7705 (best) | loss=0.7449
11:36:29 INFO src.train :: epoch 60 | val_acc=0.7768 (best) | loss=0.7312
11:36:29 INFO src.train :: epoch 61 | val_acc=0.7787 (best) | loss=0.7340
11:36:30 INFO src.train :: epoch 62 | val_acc=0.7844 (best) | loss=0.7252
11:36:30 INFO src.train :: epoch 63 | val_acc=0.7868 (best) | loss=0.7153
11:36:30 INFO src.train :: epoch 64 | val_acc=0.7893 (best) | loss=0.7185
11:36:30 INFO src.train :: epoch 66 | val_acc=0.7948 (best) | loss=0.7081
11:36:31 INFO src.train :: epoch 68 | val_acc=0.7991 (best) | loss=0.6956
11:36:31 INFO src.train :: epoch 69 | val_acc=0.8014 (best) | loss=0.6941
11:36:32 INFO src.train :: epoch 71 | val_acc=0.8022 (best) | loss=0.6925
11:36:32 INFO src.train :: epoch 72 | val_acc=0.8091 (best) | loss=0.6785
11:36:32 INFO src.train :: epoch 75 | val_acc=0.8134 (best) | loss=0.6814
11:36:33 INFO src.train :: epoch 76 | val_acc=0.8161 (best) | loss=0.6682
11:36:34 INFO src.train :: epoch 83 | val_acc=0.8186 (best) | loss=0.6561
11:36:34 INFO src.train :: epoch 84 | val_acc=0.8208 (best) | loss=0.6345
11:36:35 INFO src.train :: epoch 90 | val_acc=0.8221 (best) | loss=0.6266
11:36:36 INFO src.train :: epoch 91 | val_acc=0.8222 (best) | loss=0.6245
11:36:36 INFO src.train :: epoch 92 | val_acc=0.8231 (best) | loss=0.6227
11:36:36 INFO src.train :: epoch 93 | val_acc=0.8242 (best) | loss=0.6262
11:36:37 INFO src.train :: epoch 98 | val_acc=0.8246 (best) | loss=0.6172
11:36:37 INFO src.train :: epoch 99 | val_acc=0.8249 (best) | loss=0.6118
11:36:38 INFO src.train :: epoch 100 | val_acc=0.8251 (best) | loss=0.6057
11:36:38 INFO src.train :: epoch 102 | val_acc=0.8267 (best) | loss=0.6106
11:36:42 INFO src.train :: Early stop at epoch 122 (no improvement for 20 epochs)
11:36:42 INFO src.train :: Hparam search done. best_val=0.8361 best_params={'lr': 0.01, 'weight_decay': 0.0001, 'hidden_channels': 128, 'dropout': 0.5}
11:36:42 INFO __main__ :: Best hparams (val_acc=0.8361): {'lr': 0.01, 'weight_decay': 0.0001, 'hidden_channels': 128, 'dropout': 0.5}
11:36:42 INFO __main__ :: Step 2: Seed sweep (5 runs) …
11:36:42 INFO src.train :: train_model: encoder=tfidf model=GAT seed=0 device=auto
11:36:43 INFO src.train :: epoch 1 | val_acc=0.0010 (best) | loss=3.9548
11:36:43 INFO src.train :: epoch 2 | val_acc=0.0065 (best) | loss=3.9543
11:36:44 INFO src.train :: epoch 3 | val_acc=0.0752 (best) | loss=3.7914
11:36:44 INFO src.train :: epoch 4 | val_acc=0.0756 (best) | loss=3.5205
11:36:45 INFO src.train :: epoch 5 | val_acc=0.3905 (best) | loss=3.2105
11:36:45 INFO src.train :: epoch 6 | val_acc=0.4293 (best) | loss=2.8930
/home/infres/abertrand-24/miniconda3/envs/env_gnn/lib/python3.11/site-packages/torch/optim/lr_scheduler.py:232: UserWarning: The epoch parameter in `scheduler.step()` was not necessary and is being deprecated where possible. Please use `scheduler.step()` to step the scheduler. During the deprecation, if epoch is different from None, the closed form is used instead of the new chainable form, where available. Please open an issue if you are unable to replicate your use case: https://github.com/pytorch/pytorch/issues/new/choose.
  warnings.warn(EPOCH_DEPRECATION_WARNING, UserWarning)
11:36:49 INFO src.train :: epoch 15 | val_acc=0.4485 (best) | loss=1.5042
11:36:49 INFO src.train :: epoch 16 | val_acc=0.4802 (best) | loss=1.4621
11:36:49 INFO src.train :: epoch 17 | val_acc=0.5148 (best) | loss=1.4287
11:36:50 INFO src.train :: epoch 18 | val_acc=0.5472 (best) | loss=1.3953
11:36:50 INFO src.train :: epoch 19 | val_acc=0.5794 (best) | loss=1.3640
11:36:51 INFO src.train :: epoch 20 | val_acc=0.6087 (best) | loss=1.3469
11:36:51 INFO src.train :: epoch 21 | val_acc=0.6364 (best) | loss=1.3332
11:36:51 INFO src.train :: epoch 22 | val_acc=0.6663 (best) | loss=1.3159
11:36:52 INFO src.train :: epoch 23 | val_acc=0.6932 (best) | loss=1.2933
11:36:52 INFO src.train :: epoch 24 | val_acc=0.7173 (best) | loss=1.2770
11:36:53 INFO src.train :: epoch 25 | val_acc=0.7382 (best) | loss=1.2727
11:36:53 INFO src.train :: epoch 26 | val_acc=0.7548 (best) | loss=1.2554
11:36:54 INFO src.train :: epoch 27 | val_acc=0.7658 (best) | loss=1.2422
11:36:54 INFO src.train :: epoch 28 | val_acc=0.7741 (best) | loss=1.2281
11:36:54 INFO src.train :: epoch 29 | val_acc=0.7788 (best) | loss=1.2185
11:36:55 INFO src.train :: epoch 30 | val_acc=0.7837 (best) | loss=1.2163
11:36:55 INFO src.train :: epoch 31 | val_acc=0.7871 (best) | loss=1.2019
11:36:56 INFO src.train :: epoch 32 | val_acc=0.7906 (best) | loss=1.1929
11:36:56 INFO src.train :: epoch 33 | val_acc=0.7943 (best) | loss=1.1947
11:36:56 INFO src.train :: epoch 34 | val_acc=0.7986 (best) | loss=1.1788
11:36:57 INFO src.train :: epoch 35 | val_acc=0.8010 (best) | loss=1.1703
11:36:57 INFO src.train :: epoch 36 | val_acc=0.8044 (best) | loss=1.1746
11:36:58 INFO src.train :: epoch 37 | val_acc=0.8064 (best) | loss=1.1623
11:36:58 INFO src.train :: epoch 38 | val_acc=0.8078 (best) | loss=1.1528
11:36:58 INFO src.train :: epoch 39 | val_acc=0.8091 (best) | loss=1.1469
11:36:59 INFO src.train :: epoch 40 | val_acc=0.8101 (best) | loss=1.1464
11:36:59 INFO src.train :: epoch 41 | val_acc=0.8121 (best) | loss=1.1383
11:37:00 INFO src.train :: epoch 42 | val_acc=0.8129 (best) | loss=1.1356
11:37:00 INFO src.train :: epoch 43 | val_acc=0.8132 (best) | loss=1.1250
11:37:01 INFO src.train :: epoch 44 | val_acc=0.8136 (best) | loss=1.1290
11:37:01 INFO src.train :: epoch 45 | val_acc=0.8145 (best) | loss=1.1119
11:37:01 INFO src.train :: epoch 46 | val_acc=0.8159 (best) | loss=1.1092
11:37:02 INFO src.train :: epoch 47 | val_acc=0.8179 (best) | loss=1.1152
11:37:02 INFO src.train :: epoch 48 | val_acc=0.8188 (best) | loss=1.1111
11:37:03 INFO src.train :: epoch 49 | val_acc=0.8201 (best) | loss=1.1005
11:37:03 INFO src.train :: epoch 50 | val_acc=0.8216 (best) | loss=1.0921
11:37:03 INFO src.train :: epoch 51 | val_acc=0.8236 (best) | loss=1.0966
11:37:04 INFO src.train :: epoch 52 | val_acc=0.8239 (best) | loss=1.0945
11:37:04 INFO src.train :: epoch 53 | val_acc=0.8251 (best) | loss=1.0832
11:37:05 INFO src.train :: epoch 54 | val_acc=0.8267 (best) | loss=1.0852
11:37:05 INFO src.train :: epoch 55 | val_acc=0.8274 (best) | loss=1.0791
11:37:07 INFO src.train :: epoch 61 | val_acc=0.8276 (best) | loss=1.0639
11:37:08 INFO src.train :: epoch 62 | val_acc=0.8286 (best) | loss=1.0547
11:37:08 INFO src.train :: epoch 63 | val_acc=0.8291 (best) | loss=1.0535
11:37:09 INFO src.train :: epoch 66 | val_acc=0.8292 (best) | loss=1.0471
11:37:10 INFO src.train :: epoch 67 | val_acc=0.8292 (best) | loss=1.0431
11:37:10 INFO src.train :: epoch 68 | val_acc=0.8298 (best) | loss=1.0376
11:37:11 INFO src.train :: epoch 69 | val_acc=0.8314 (best) | loss=1.0392
11:37:11 INFO src.train :: epoch 70 | val_acc=0.8315 (best) | loss=1.0331
11:37:15 INFO src.train :: epoch 79 | val_acc=0.8317 (best) | loss=1.0186
11:37:15 INFO src.train :: epoch 81 | val_acc=0.8318 (best) | loss=1.0169
11:37:20 INFO src.train :: epoch 92 | val_acc=0.8321 (best) | loss=0.9948
11:37:21 INFO src.train :: epoch 95 | val_acc=0.8329 (best) | loss=1.0063
11:37:21 INFO src.train :: epoch 96 | val_acc=0.8331 (best) | loss=0.9982
11:37:22 INFO src.train :: epoch 97 | val_acc=0.8332 (best) | loss=0.9994
11:37:25 INFO src.train :: epoch 105 | val_acc=0.8338 (best) | loss=0.9853
11:37:25 INFO src.train :: epoch 106 | val_acc=0.8342 (best) | loss=0.9915
11:37:30 INFO src.train :: epoch 117 | val_acc=0.8344 (best) | loss=0.9838
11:37:32 INFO src.train :: epoch 123 | val_acc=0.8351 (best) | loss=0.9726
11:37:34 INFO src.train :: epoch 127 | val_acc=0.8352 (best) | loss=0.9633
11:37:41 INFO src.train :: Early stop at epoch 147 (no improvement for 20 epochs)
11:37:41 INFO __main__ :: Seed 0 done: test_acc=0.8376 | wrote h1_tfidf_GAT_seed0.json
11:37:41 INFO src.eval.harness :: seed=0 -> {'val_metric': 0.8352, 'test_accuracy': 0.8376, 'test_f1_macro': 0.3084, 'test_f1_weighted': 0.8291, 'runtime_seconds': 58.67}
11:37:41 INFO src.train :: train_model: encoder=tfidf model=GAT seed=1 device=auto
11:37:42 INFO src.train :: epoch 1 | val_acc=0.0001 (best) | loss=3.9440
11:37:44 INFO src.train :: epoch 4 | val_acc=0.0452 (best) | loss=3.5160
11:37:44 INFO src.train :: epoch 5 | val_acc=0.5236 (best) | loss=3.2055
/home/infres/abertrand-24/miniconda3/envs/env_gnn/lib/python3.11/site-packages/torch/optim/lr_scheduler.py:232: UserWarning: The epoch parameter in `scheduler.step()` was not necessary and is being deprecated where possible. Please use `scheduler.step()` to step the scheduler. During the deprecation, if epoch is different from None, the closed form is used instead of the new chainable form, where available. Please open an issue if you are unable to replicate your use case: https://github.com/pytorch/pytorch/issues/new/choose.
  warnings.warn(EPOCH_DEPRECATION_WARNING, UserWarning)
11:37:49 INFO src.train :: epoch 18 | val_acc=0.5437 (best) | loss=1.4038
11:37:49 INFO src.train :: epoch 19 | val_acc=0.5706 (best) | loss=1.3778
11:37:50 INFO src.train :: epoch 20 | val_acc=0.6004 (best) | loss=1.3476
11:37:50 INFO src.train :: epoch 21 | val_acc=0.6295 (best) | loss=1.3331
11:37:51 INFO src.train :: epoch 22 | val_acc=0.6555 (best) | loss=1.3155
11:37:51 INFO src.train :: epoch 23 | val_acc=0.6835 (best) | loss=1.3005
11:37:52 INFO src.train :: epoch 24 | val_acc=0.7052 (best) | loss=1.2770
11:37:52 INFO src.train :: epoch 25 | val_acc=0.7262 (best) | loss=1.2576
11:37:52 INFO src.train :: epoch 26 | val_acc=0.7437 (best) | loss=1.2711
11:37:53 INFO src.train :: epoch 27 | val_acc=0.7540 (best) | loss=1.2499
11:37:53 INFO src.train :: epoch 28 | val_acc=0.7610 (best) | loss=1.2324
11:37:54 INFO src.train :: epoch 29 | val_acc=0.7670 (best) | loss=1.2326
11:37:54 INFO src.train :: epoch 30 | val_acc=0.7719 (best) | loss=1.2198
11:37:54 INFO src.train :: epoch 31 | val_acc=0.7783 (best) | loss=1.2104
11:37:55 INFO src.train :: epoch 32 | val_acc=0.7843 (best) | loss=1.1968
11:37:55 INFO src.train :: epoch 33 | val_acc=0.7882 (best) | loss=1.2028
11:37:56 INFO src.train :: epoch 34 | val_acc=0.7925 (best) | loss=1.1819
11:37:56 INFO src.train :: epoch 35 | val_acc=0.7961 (best) | loss=1.1880
11:37:57 INFO src.train :: epoch 36 | val_acc=0.7974 (best) | loss=1.1821
11:37:57 INFO src.train :: epoch 37 | val_acc=0.7997 (best) | loss=1.1692
11:37:57 INFO src.train :: epoch 38 | val_acc=0.8033 (best) | loss=1.1707
11:37:58 INFO src.train :: epoch 39 | val_acc=0.8051 (best) | loss=1.1594
11:37:58 INFO src.train :: epoch 40 | val_acc=0.8070 (best) | loss=1.1489
11:37:59 INFO src.train :: epoch 41 | val_acc=0.8085 (best) | loss=1.1497
11:37:59 INFO src.train :: epoch 42 | val_acc=0.8105 (best) | loss=1.1418
11:37:59 INFO src.train :: epoch 43 | val_acc=0.8124 (best) | loss=1.1358
11:38:00 INFO src.train :: epoch 44 | val_acc=0.8141 (best) | loss=1.1261
11:38:00 INFO src.train :: epoch 45 | val_acc=0.8163 (best) | loss=1.1361
11:38:01 INFO src.train :: epoch 47 | val_acc=0.8163 (best) | loss=1.1174
11:38:01 INFO src.train :: epoch 48 | val_acc=0.8164 (best) | loss=1.1161
11:38:02 INFO src.train :: epoch 49 | val_acc=0.8169 (best) | loss=1.1009
11:38:02 INFO src.train :: epoch 50 | val_acc=0.8181 (best) | loss=1.1040
11:38:03 INFO src.train :: epoch 51 | val_acc=0.8184 (best) | loss=1.1035
11:38:03 INFO src.train :: epoch 52 | val_acc=0.8196 (best) | loss=1.0901
11:38:03 INFO src.train :: epoch 53 | val_acc=0.8211 (best) | loss=1.1024
11:38:04 INFO src.train :: epoch 55 | val_acc=0.8217 (best) | loss=1.0796
11:38:05 INFO src.train :: epoch 56 | val_acc=0.8232 (best) | loss=1.0917
11:38:05 INFO src.train :: epoch 57 | val_acc=0.8236 (best) | loss=1.0811
11:38:06 INFO src.train :: epoch 60 | val_acc=0.8241 (best) | loss=1.0647
11:38:07 INFO src.train :: epoch 61 | val_acc=0.8242 (best) | loss=1.0727
11:38:07 INFO src.train :: epoch 62 | val_acc=0.8253 (best) | loss=1.0667
11:38:08 INFO src.train :: epoch 64 | val_acc=0.8258 (best) | loss=1.0702
11:38:08 INFO src.train :: epoch 65 | val_acc=0.8263 (best) | loss=1.0532
11:38:09 INFO src.train :: epoch 66 | val_acc=0.8276 (best) | loss=1.0457
11:38:09 INFO src.train :: epoch 67 | val_acc=0.8284 (best) | loss=1.0546
11:38:10 INFO src.train :: epoch 68 | val_acc=0.8286 (best) | loss=1.0536
11:38:10 INFO src.train :: epoch 69 | val_acc=0.8290 (best) | loss=1.0449
11:38:12 INFO src.train :: epoch 73 | val_acc=0.8291 (best) | loss=1.0347
11:38:12 INFO src.train :: epoch 75 | val_acc=0.8292 (best) | loss=1.0370
11:38:13 INFO src.train :: epoch 76 | val_acc=0.8300 (best) | loss=1.0324
11:38:13 INFO src.train :: epoch 77 | val_acc=0.8310 (best) | loss=1.0308
11:38:14 INFO src.train :: epoch 80 | val_acc=0.8313 (best) | loss=1.0191
11:38:15 INFO src.train :: epoch 81 | val_acc=0.8322 (best) | loss=1.0191
11:38:15 INFO src.train :: epoch 82 | val_acc=0.8324 (best) | loss=1.0146
11:38:16 INFO src.train :: epoch 83 | val_acc=0.8325 (best) | loss=1.0096
11:38:18 INFO src.train :: epoch 89 | val_acc=0.8326 (best) | loss=1.0051
11:38:19 INFO src.train :: epoch 92 | val_acc=0.8335 (best) | loss=1.0033
11:38:24 INFO src.train :: epoch 105 | val_acc=0.8338 (best) | loss=0.9909
11:38:25 INFO src.train :: epoch 107 | val_acc=0.8344 (best) | loss=0.9750
11:38:27 INFO src.train :: epoch 111 | val_acc=0.8349 (best) | loss=0.9803
11:38:27 INFO src.train :: epoch 112 | val_acc=0.8352 (best) | loss=0.9882
11:38:34 INFO src.train :: epoch 130 | val_acc=0.8353 (best) | loss=0.9627
11:38:34 INFO src.train :: epoch 131 | val_acc=0.8355 (best) | loss=0.9603
11:38:36 INFO src.train :: epoch 134 | val_acc=0.8357 (best) | loss=0.9518
11:38:37 INFO src.train :: epoch 138 | val_acc=0.8358 (best) | loss=0.9570
11:38:38 INFO src.train :: epoch 139 | val_acc=0.8360 (best) | loss=0.9598
11:38:38 INFO src.train :: epoch 140 | val_acc=0.8362 (best) | loss=0.9578
11:38:38 INFO src.train :: epoch 141 | val_acc=0.8365 (best) | loss=0.9547
11:38:39 INFO src.train :: epoch 143 | val_acc=0.8370 (best) | loss=0.9493
11:38:41 INFO src.train :: epoch 147 | val_acc=0.8373 (best) | loss=0.9570
11:38:42 INFO src.train :: epoch 149 | val_acc=0.8377 (best) | loss=0.9450
11:38:44 INFO src.train :: epoch 156 | val_acc=0.8378 (best) | loss=0.9477
11:38:52 INFO src.train :: Early stop at epoch 176 (no improvement for 20 epochs)
11:38:52 INFO __main__ :: Seed 1 done: test_acc=0.8403 | wrote h1_tfidf_GAT_seed1.json
11:38:52 INFO src.eval.harness :: seed=1 -> {'val_metric': 0.8378, 'test_accuracy': 0.8403, 'test_f1_macro': 0.3272, 'test_f1_weighted': 0.8335, 'runtime_seconds': 70.16}
11:38:52 INFO src.train :: train_model: encoder=tfidf model=GAT seed=2 device=auto
11:38:53 INFO src.train :: epoch 1 | val_acc=0.0433 (best) | loss=3.9546
11:38:54 INFO src.train :: epoch 4 | val_acc=0.0434 (best) | loss=3.5284
11:38:55 INFO src.train :: epoch 5 | val_acc=0.1175 (best) | loss=3.2210
11:38:55 INFO src.train :: epoch 6 | val_acc=0.4556 (best) | loss=2.8911
/home/infres/abertrand-24/miniconda3/envs/env_gnn/lib/python3.11/site-packages/torch/optim/lr_scheduler.py:232: UserWarning: The epoch parameter in `scheduler.step()` was not necessary and is being deprecated where possible. Please use `scheduler.step()` to step the scheduler. During the deprecation, if epoch is different from None, the closed form is used instead of the new chainable form, where available. Please open an issue if you are unable to replicate your use case: https://github.com/pytorch/pytorch/issues/new/choose.
  warnings.warn(EPOCH_DEPRECATION_WARNING, UserWarning)
11:38:58 INFO src.train :: epoch 12 | val_acc=0.4677 (best) | loss=1.6954
11:38:58 INFO src.train :: epoch 13 | val_acc=0.4868 (best) | loss=1.6222
11:38:58 INFO src.train :: epoch 14 | val_acc=0.5028 (best) | loss=1.5524
11:38:59 INFO src.train :: epoch 15 | val_acc=0.5198 (best) | loss=1.5326
11:38:59 INFO src.train :: epoch 16 | val_acc=0.5341 (best) | loss=1.4884
11:39:00 INFO src.train :: epoch 17 | val_acc=0.5547 (best) | loss=1.4535
11:39:00 INFO src.train :: epoch 18 | val_acc=0.5771 (best) | loss=1.4148
11:39:01 INFO src.train :: epoch 19 | val_acc=0.6031 (best) | loss=1.3980
11:39:01 INFO src.train :: epoch 20 | val_acc=0.6274 (best) | loss=1.3777
11:39:01 INFO src.train :: epoch 21 | val_acc=0.6523 (best) | loss=1.3528
11:39:02 INFO src.train :: epoch 22 | val_acc=0.6791 (best) | loss=1.3420
11:39:02 INFO src.train :: epoch 23 | val_acc=0.7019 (best) | loss=1.3147
11:39:03 INFO src.train :: epoch 24 | val_acc=0.7250 (best) | loss=1.3076
11:39:03 INFO src.train :: epoch 25 | val_acc=0.7447 (best) | loss=1.2978
11:39:03 INFO src.train :: epoch 26 | val_acc=0.7585 (best) | loss=1.2764
11:39:04 INFO src.train :: epoch 27 | val_acc=0.7684 (best) | loss=1.2555
11:39:04 INFO src.train :: epoch 28 | val_acc=0.7743 (best) | loss=1.2494
11:39:05 INFO src.train :: epoch 29 | val_acc=0.7782 (best) | loss=1.2409
11:39:05 INFO src.train :: epoch 30 | val_acc=0.7836 (best) | loss=1.2277
11:39:05 INFO src.train :: epoch 31 | val_acc=0.7879 (best) | loss=1.2208
11:39:06 INFO src.train :: epoch 32 | val_acc=0.7914 (best) | loss=1.2209
11:39:06 INFO src.train :: epoch 33 | val_acc=0.7960 (best) | loss=1.2054
11:39:07 INFO src.train :: epoch 34 | val_acc=0.7988 (best) | loss=1.2008
11:39:07 INFO src.train :: epoch 35 | val_acc=0.8016 (best) | loss=1.1906
11:39:08 INFO src.train :: epoch 36 | val_acc=0.8024 (best) | loss=1.1907
11:39:08 INFO src.train :: epoch 37 | val_acc=0.8041 (best) | loss=1.1764
11:39:08 INFO src.train :: epoch 38 | val_acc=0.8064 (best) | loss=1.1652
11:39:09 INFO src.train :: epoch 39 | val_acc=0.8075 (best) | loss=1.1770
11:39:09 INFO src.train :: epoch 40 | val_acc=0.8087 (best) | loss=1.1659
11:39:10 INFO src.train :: epoch 41 | val_acc=0.8105 (best) | loss=1.1532
11:39:10 INFO src.train :: epoch 42 | val_acc=0.8116 (best) | loss=1.1409
11:39:10 INFO src.train :: epoch 43 | val_acc=0.8116 (best) | loss=1.1461
11:39:11 INFO src.train :: epoch 44 | val_acc=0.8124 (best) | loss=1.1330
11:39:11 INFO src.train :: epoch 45 | val_acc=0.8125 (best) | loss=1.1405
11:39:12 INFO src.train :: epoch 46 | val_acc=0.8138 (best) | loss=1.1306
11:39:12 INFO src.train :: epoch 47 | val_acc=0.8169 (best) | loss=1.1239
11:39:13 INFO src.train :: epoch 48 | val_acc=0.8184 (best) | loss=1.1247
11:39:13 INFO src.train :: epoch 49 | val_acc=0.8197 (best) | loss=1.1231
11:39:13 INFO src.train :: epoch 50 | val_acc=0.8200 (best) | loss=1.1120
11:39:14 INFO src.train :: epoch 52 | val_acc=0.8208 (best) | loss=1.1011
11:39:15 INFO src.train :: epoch 53 | val_acc=0.8219 (best) | loss=1.1035
11:39:15 INFO src.train :: epoch 54 | val_acc=0.8230 (best) | loss=1.1016
11:39:16 INFO src.train :: epoch 56 | val_acc=0.8235 (best) | loss=1.0936
11:39:16 INFO src.train :: epoch 57 | val_acc=0.8240 (best) | loss=1.0934
11:39:17 INFO src.train :: epoch 58 | val_acc=0.8247 (best) | loss=1.0818
11:39:17 INFO src.train :: epoch 59 | val_acc=0.8252 (best) | loss=1.0868
11:39:18 INFO src.train :: epoch 61 | val_acc=0.8255 (best) | loss=1.0784
11:39:18 INFO src.train :: epoch 62 | val_acc=0.8257 (best) | loss=1.0667
11:39:19 INFO src.train :: epoch 63 | val_acc=0.8267 (best) | loss=1.0755
11:39:19 INFO src.train :: epoch 64 | val_acc=0.8269 (best) | loss=1.0651
11:39:19 INFO src.train :: epoch 65 | val_acc=0.8275 (best) | loss=1.0684
11:39:20 INFO src.train :: epoch 66 | val_acc=0.8290 (best) | loss=1.0651
11:39:20 INFO src.train :: epoch 67 | val_acc=0.8293 (best) | loss=1.0608
11:39:22 INFO src.train :: epoch 71 | val_acc=0.8295 (best) | loss=1.0519
11:39:23 INFO src.train :: epoch 73 | val_acc=0.8306 (best) | loss=1.0462
11:39:23 INFO src.train :: epoch 74 | val_acc=0.8308 (best) | loss=1.0437
11:39:24 INFO src.train :: epoch 76 | val_acc=0.8309 (best) | loss=1.0389
11:39:24 INFO src.train :: epoch 77 | val_acc=0.8313 (best) | loss=1.0344
11:39:25 INFO src.train :: epoch 78 | val_acc=0.8323 (best) | loss=1.0258
11:39:26 INFO src.train :: epoch 81 | val_acc=0.8324 (best) | loss=1.0249
11:39:29 INFO src.train :: epoch 88 | val_acc=0.8326 (best) | loss=1.0066
11:39:30 INFO src.train :: epoch 91 | val_acc=0.8328 (best) | loss=1.0120
11:39:30 INFO src.train :: epoch 92 | val_acc=0.8332 (best) | loss=1.0093
11:39:31 INFO src.train :: epoch 93 | val_acc=0.8343 (best) | loss=1.0143
11:39:31 INFO src.train :: epoch 94 | val_acc=0.8348 (best) | loss=1.0075
11:39:31 INFO src.train :: epoch 95 | val_acc=0.8351 (best) | loss=0.9975
11:39:32 INFO src.train :: epoch 97 | val_acc=0.8352 (best) | loss=1.0074
11:39:33 INFO src.train :: epoch 98 | val_acc=0.8354 (best) | loss=1.0089
11:39:34 INFO src.train :: epoch 101 | val_acc=0.8357 (best) | loss=1.0038
11:39:34 INFO src.train :: epoch 102 | val_acc=0.8364 (best) | loss=1.0078
11:39:35 INFO src.train :: epoch 104 | val_acc=0.8369 (best) | loss=0.9967
11:39:43 INFO src.train :: Early stop at epoch 124 (no improvement for 20 epochs)
11:39:43 INFO __main__ :: Seed 2 done: test_acc=0.8359 | wrote h1_tfidf_GAT_seed2.json
11:39:43 INFO src.eval.harness :: seed=2 -> {'val_metric': 0.8369, 'test_accuracy': 0.8359, 'test_f1_macro': 0.3065, 'test_f1_weighted': 0.8273, 'runtime_seconds': 49.96}
11:39:43 INFO src.train :: train_model: encoder=tfidf model=GAT seed=3 device=auto
11:39:44 INFO src.train :: epoch 1 | val_acc=0.0006 (best) | loss=4.0159
11:39:44 INFO src.train :: epoch 2 | val_acc=0.0038 (best) | loss=4.0095
11:39:45 INFO src.train :: epoch 3 | val_acc=0.0107 (best) | loss=3.8501
11:39:45 INFO src.train :: epoch 4 | val_acc=0.0525 (best) | loss=3.5807
11:39:46 INFO src.train :: epoch 5 | val_acc=0.0648 (best) | loss=3.2630
11:39:46 INFO src.train :: epoch 6 | val_acc=0.4492 (best) | loss=2.9461
11:39:47 INFO src.train :: epoch 9 | val_acc=0.4594 (best) | loss=2.1180
/home/infres/abertrand-24/miniconda3/envs/env_gnn/lib/python3.11/site-packages/torch/optim/lr_scheduler.py:232: UserWarning: The epoch parameter in `scheduler.step()` was not necessary and is being deprecated where possible. Please use `scheduler.step()` to step the scheduler. During the deprecation, if epoch is different from None, the closed form is used instead of the new chainable form, where available. Please open an issue if you are unable to replicate your use case: https://github.com/pytorch/pytorch/issues/new/choose.
  warnings.warn(EPOCH_DEPRECATION_WARNING, UserWarning)
11:39:48 INFO src.train :: epoch 10 | val_acc=0.4751 (best) | loss=1.9396
11:39:48 INFO src.train :: epoch 11 | val_acc=0.4831 (best) | loss=1.8044
11:39:48 INFO src.train :: epoch 12 | val_acc=0.4866 (best) | loss=1.6976
11:39:49 INFO src.train :: epoch 13 | val_acc=0.4956 (best) | loss=1.6115
11:39:49 INFO src.train :: epoch 14 | val_acc=0.5079 (best) | loss=1.5509
11:39:50 INFO src.train :: epoch 15 | val_acc=0.5234 (best) | loss=1.5018
11:39:50 INFO src.train :: epoch 16 | val_acc=0.5408 (best) | loss=1.4729
11:39:51 INFO src.train :: epoch 17 | val_acc=0.5592 (best) | loss=1.4418
11:39:51 INFO src.train :: epoch 18 | val_acc=0.5794 (best) | loss=1.4057
11:39:51 INFO src.train :: epoch 19 | val_acc=0.6029 (best) | loss=1.3757
11:39:52 INFO src.train :: epoch 20 | val_acc=0.6285 (best) | loss=1.3710
11:39:52 INFO src.train :: epoch 21 | val_acc=0.6567 (best) | loss=1.3421
11:39:53 INFO src.train :: epoch 22 | val_acc=0.6858 (best) | loss=1.3327
11:39:53 INFO src.train :: epoch 23 | val_acc=0.7123 (best) | loss=1.2967
11:39:53 INFO src.train :: epoch 24 | val_acc=0.7328 (best) | loss=1.2866
11:39:54 INFO src.train :: epoch 25 | val_acc=0.7469 (best) | loss=1.2775
11:39:54 INFO src.train :: epoch 26 | val_acc=0.7562 (best) | loss=1.2581
11:39:55 INFO src.train :: epoch 27 | val_acc=0.7624 (best) | loss=1.2542
11:39:55 INFO src.train :: epoch 28 | val_acc=0.7683 (best) | loss=1.2345
11:39:55 INFO src.train :: epoch 29 | val_acc=0.7736 (best) | loss=1.2310
11:39:56 INFO src.train :: epoch 30 | val_acc=0.7792 (best) | loss=1.2207
11:39:56 INFO src.train :: epoch 31 | val_acc=0.7846 (best) | loss=1.2138
11:39:57 INFO src.train :: epoch 32 | val_acc=0.7892 (best) | loss=1.2030
11:39:57 INFO src.train :: epoch 33 | val_acc=0.7936 (best) | loss=1.2049
11:39:58 INFO src.train :: epoch 34 | val_acc=0.7968 (best) | loss=1.1974
11:39:58 INFO src.train :: epoch 35 | val_acc=0.7991 (best) | loss=1.1889
11:39:58 INFO src.train :: epoch 36 | val_acc=0.8009 (best) | loss=1.1829
11:39:59 INFO src.train :: epoch 37 | val_acc=0.8024 (best) | loss=1.1754
11:39:59 INFO src.train :: epoch 38 | val_acc=0.8039 (best) | loss=1.1663
11:40:00 INFO src.train :: epoch 39 | val_acc=0.8064 (best) | loss=1.1603
11:40:00 INFO src.train :: epoch 40 | val_acc=0.8087 (best) | loss=1.1599
11:40:00 INFO src.train :: epoch 41 | val_acc=0.8095 (best) | loss=1.1503
11:40:01 INFO src.train :: epoch 42 | val_acc=0.8102 (best) | loss=1.1495
11:40:01 INFO src.train :: epoch 43 | val_acc=0.8122 (best) | loss=1.1446
11:40:02 INFO src.train :: epoch 44 | val_acc=0.8141 (best) | loss=1.1351
11:40:02 INFO src.train :: epoch 45 | val_acc=0.8170 (best) | loss=1.1329
11:40:02 INFO src.train :: epoch 46 | val_acc=0.8184 (best) | loss=1.1305
11:40:03 INFO src.train :: epoch 47 | val_acc=0.8186 (best) | loss=1.1234
11:40:04 INFO src.train :: epoch 49 | val_acc=0.8197 (best) | loss=1.1103
11:40:04 INFO src.train :: epoch 50 | val_acc=0.8207 (best) | loss=1.1098
11:40:04 INFO src.train :: epoch 51 | val_acc=0.8212 (best) | loss=1.1072
11:40:05 INFO src.train :: epoch 52 | val_acc=0.8221 (best) | loss=1.1042
11:40:05 INFO src.train :: epoch 53 | val_acc=0.8238 (best) | loss=1.0936
11:40:06 INFO src.train :: epoch 54 | val_acc=0.8247 (best) | loss=1.0977
11:40:07 INFO src.train :: epoch 57 | val_acc=0.8251 (best) | loss=1.0807
11:40:07 INFO src.train :: epoch 58 | val_acc=0.8262 (best) | loss=1.0743
11:40:08 INFO src.train :: epoch 59 | val_acc=0.8266 (best) | loss=1.0744
11:40:08 INFO src.train :: epoch 60 | val_acc=0.8269 (best) | loss=1.0704
11:40:09 INFO src.train :: epoch 62 | val_acc=0.8276 (best) | loss=1.0659
11:40:09 INFO src.train :: epoch 63 | val_acc=0.8279 (best) | loss=1.0643
11:40:10 INFO src.train :: epoch 64 | val_acc=0.8288 (best) | loss=1.0636
11:40:10 INFO src.train :: epoch 65 | val_acc=0.8300 (best) | loss=1.0554
11:40:11 INFO src.train :: epoch 66 | val_acc=0.8307 (best) | loss=1.0499
11:40:11 INFO src.train :: epoch 67 | val_acc=0.8308 (best) | loss=1.0522
11:40:13 INFO src.train :: epoch 71 | val_acc=0.8312 (best) | loss=1.0422
11:40:13 INFO src.train :: epoch 72 | val_acc=0.8318 (best) | loss=1.0393
11:40:14 INFO src.train :: epoch 74 | val_acc=0.8319 (best) | loss=1.0309
11:40:14 INFO src.train :: epoch 75 | val_acc=0.8333 (best) | loss=1.0356
11:40:17 INFO src.train :: epoch 81 | val_acc=0.8334 (best) | loss=1.0202
11:40:17 INFO src.train :: epoch 83 | val_acc=0.8336 (best) | loss=1.0173
11:40:19 INFO src.train :: epoch 87 | val_acc=0.8338 (best) | loss=1.0140
11:40:20 INFO src.train :: epoch 90 | val_acc=0.8338 (best) | loss=1.0114
11:40:21 INFO src.train :: epoch 91 | val_acc=0.8340 (best) | loss=1.0134
11:40:22 INFO src.train :: epoch 95 | val_acc=0.8348 (best) | loss=0.9977
11:40:23 INFO src.train :: epoch 96 | val_acc=0.8355 (best) | loss=1.0056
11:40:26 INFO src.train :: epoch 104 | val_acc=0.8359 (best) | loss=0.9885
11:40:33 INFO src.train :: Early stop at epoch 124 (no improvement for 20 epochs)
11:40:34 INFO __main__ :: Seed 3 done: test_acc=0.8343 | wrote h1_tfidf_GAT_seed3.json
11:40:34 INFO src.eval.harness :: seed=3 -> {'val_metric': 0.8359, 'test_accuracy': 0.8343, 'test_f1_macro': 0.3081, 'test_f1_weighted': 0.8252, 'runtime_seconds': 49.86}
11:40:34 INFO src.train :: train_model: encoder=tfidf model=GAT seed=4 device=auto
11:40:35 INFO src.train :: epoch 1 | val_acc=0.0004 (best) | loss=3.9317
11:40:35 INFO src.train :: epoch 3 | val_acc=0.0005 (best) | loss=3.7604
11:40:36 INFO src.train :: epoch 4 | val_acc=0.3727 (best) | loss=3.4938
11:40:36 INFO src.train :: epoch 5 | val_acc=0.3747 (best) | loss=3.1797
11:40:37 INFO src.train :: epoch 6 | val_acc=0.3795 (best) | loss=2.8604
11:40:37 INFO src.train :: epoch 7 | val_acc=0.3862 (best) | loss=2.5481
11:40:37 INFO src.train :: epoch 8 | val_acc=0.3949 (best) | loss=2.2777
11:40:38 INFO src.train :: epoch 9 | val_acc=0.3999 (best) | loss=2.0779
/home/infres/abertrand-24/miniconda3/envs/env_gnn/lib/python3.11/site-packages/torch/optim/lr_scheduler.py:232: UserWarning: The epoch parameter in `scheduler.step()` was not necessary and is being deprecated where possible. Please use `scheduler.step()` to step the scheduler. During the deprecation, if epoch is different from None, the closed form is used instead of the new chainable form, where available. Please open an issue if you are unable to replicate your use case: https://github.com/pytorch/pytorch/issues/new/choose.
  warnings.warn(EPOCH_DEPRECATION_WARNING, UserWarning)
11:40:38 INFO src.train :: epoch 10 | val_acc=0.4047 (best) | loss=1.9227
11:40:39 INFO src.train :: epoch 11 | val_acc=0.4111 (best) | loss=1.7975
11:40:39 INFO src.train :: epoch 12 | val_acc=0.4214 (best) | loss=1.6852
11:40:39 INFO src.train :: epoch 13 | val_acc=0.4359 (best) | loss=1.6037
11:40:40 INFO src.train :: epoch 14 | val_acc=0.4563 (best) | loss=1.5514
11:40:40 INFO src.train :: epoch 15 | val_acc=0.4819 (best) | loss=1.5119
11:40:41 INFO src.train :: epoch 16 | val_acc=0.5044 (best) | loss=1.4843
11:40:41 INFO src.train :: epoch 17 | val_acc=0.5276 (best) | loss=1.4461
11:40:42 INFO src.train :: epoch 18 | val_acc=0.5551 (best) | loss=1.4009
11:40:42 INFO src.train :: epoch 19 | val_acc=0.5782 (best) | loss=1.3794
11:40:42 INFO src.train :: epoch 20 | val_acc=0.6067 (best) | loss=1.3623
11:40:43 INFO src.train :: epoch 21 | val_acc=0.6344 (best) | loss=1.3476
11:40:43 INFO src.train :: epoch 22 | val_acc=0.6589 (best) | loss=1.3234
11:40:44 INFO src.train :: epoch 23 | val_acc=0.6840 (best) | loss=1.3003
11:40:44 INFO src.train :: epoch 24 | val_acc=0.7082 (best) | loss=1.2833
11:40:44 INFO src.train :: epoch 25 | val_acc=0.7261 (best) | loss=1.2735
11:40:45 INFO src.train :: epoch 26 | val_acc=0.7431 (best) | loss=1.2583
11:40:45 INFO src.train :: epoch 27 | val_acc=0.7545 (best) | loss=1.2591
11:40:46 INFO src.train :: epoch 28 | val_acc=0.7640 (best) | loss=1.2406
11:40:46 INFO src.train :: epoch 29 | val_acc=0.7708 (best) | loss=1.2322
11:40:46 INFO src.train :: epoch 30 | val_acc=0.7763 (best) | loss=1.2216
11:40:47 INFO src.train :: epoch 31 | val_acc=0.7808 (best) | loss=1.2189
11:40:47 INFO src.train :: epoch 32 | val_acc=0.7844 (best) | loss=1.2077
11:40:48 INFO src.train :: epoch 33 | val_acc=0.7889 (best) | loss=1.2014
11:40:48 INFO src.train :: epoch 34 | val_acc=0.7926 (best) | loss=1.1861
11:40:49 INFO src.train :: epoch 35 | val_acc=0.7944 (best) | loss=1.1869
11:40:49 INFO src.train :: epoch 36 | val_acc=0.7964 (best) | loss=1.1776
11:40:49 INFO src.train :: epoch 37 | val_acc=0.7985 (best) | loss=1.1752
11:40:50 INFO src.train :: epoch 38 | val_acc=0.8003 (best) | loss=1.1599
11:40:50 INFO src.train :: epoch 39 | val_acc=0.8028 (best) | loss=1.1583
11:40:51 INFO src.train :: epoch 40 | val_acc=0.8055 (best) | loss=1.1570
11:40:51 INFO src.train :: epoch 41 | val_acc=0.8065 (best) | loss=1.1469
11:40:51 INFO src.train :: epoch 42 | val_acc=0.8073 (best) | loss=1.1464
11:40:52 INFO src.train :: epoch 43 | val_acc=0.8091 (best) | loss=1.1393
11:40:52 INFO src.train :: epoch 44 | val_acc=0.8111 (best) | loss=1.1321
11:40:53 INFO src.train :: epoch 45 | val_acc=0.8125 (best) | loss=1.1292
11:40:53 INFO src.train :: epoch 46 | val_acc=0.8134 (best) | loss=1.1229
11:40:53 INFO src.train :: epoch 47 | val_acc=0.8149 (best) | loss=1.1242
11:40:54 INFO src.train :: epoch 48 | val_acc=0.8158 (best) | loss=1.1136
11:40:54 INFO src.train :: epoch 49 | val_acc=0.8172 (best) | loss=1.1090
11:40:55 INFO src.train :: epoch 50 | val_acc=0.8176 (best) | loss=1.1021
11:40:55 INFO src.train :: epoch 51 | val_acc=0.8184 (best) | loss=1.0989
11:40:56 INFO src.train :: epoch 53 | val_acc=0.8197 (best) | loss=1.0967
11:40:56 INFO src.train :: epoch 54 | val_acc=0.8207 (best) | loss=1.0874
11:40:57 INFO src.train :: epoch 55 | val_acc=0.8211 (best) | loss=1.0878
11:40:57 INFO src.train :: epoch 56 | val_acc=0.8217 (best) | loss=1.0718
11:40:58 INFO src.train :: epoch 57 | val_acc=0.8227 (best) | loss=1.0801
11:40:58 INFO src.train :: epoch 58 | val_acc=0.8239 (best) | loss=1.0718
11:40:58 INFO src.train :: epoch 59 | val_acc=0.8242 (best) | loss=1.0760
11:41:00 INFO src.train :: epoch 63 | val_acc=0.8246 (best) | loss=1.0706
11:41:00 INFO src.train :: epoch 64 | val_acc=0.8261 (best) | loss=1.0628
11:41:01 INFO src.train :: epoch 65 | val_acc=0.8263 (best) | loss=1.0556
11:41:01 INFO src.train :: epoch 66 | val_acc=0.8267 (best) | loss=1.0552
11:41:02 INFO src.train :: epoch 67 | val_acc=0.8269 (best) | loss=1.0543
11:41:02 INFO src.train :: epoch 68 | val_acc=0.8282 (best) | loss=1.0536
11:41:03 INFO src.train :: epoch 70 | val_acc=0.8292 (best) | loss=1.0364
11:41:03 INFO src.train :: epoch 71 | val_acc=0.8309 (best) | loss=1.0457
11:41:04 INFO src.train :: epoch 72 | val_acc=0.8311 (best) | loss=1.0333
11:41:04 INFO src.train :: epoch 73 | val_acc=0.8311 (best) | loss=1.0334
11:41:04 INFO src.train :: epoch 74 | val_acc=0.8321 (best) | loss=1.0389
11:41:05 INFO src.train :: epoch 75 | val_acc=0.8324 (best) | loss=1.0265
11:41:07 INFO src.train :: epoch 80 | val_acc=0.8326 (best) | loss=1.0302
11:41:12 INFO src.train :: epoch 92 | val_acc=0.8334 (best) | loss=0.9936
11:41:19 INFO src.train :: Early stop at epoch 112 (no improvement for 20 epochs)
11:41:19 INFO __main__ :: Seed 4 done: test_acc=0.8337 | wrote h1_tfidf_GAT_seed4.json
11:41:19 INFO src.eval.harness :: seed=4 -> {'val_metric': 0.8334, 'test_accuracy': 0.8337, 'test_f1_macro': 0.2939, 'test_f1_weighted': 0.822, 'runtime_seconds': 45.15}
11:41:19 INFO __main__ :: GAT sweep complete: mean_acc=0.8363 ± 0.0027  CI95=[0.8340, 0.8387]
11:41:20 INFO __main__ :: ============================================================
11:41:20 INFO __main__ :: Model: MLP | hparam trials: 20 | seed runs: 5
11:41:20 INFO __main__ :: ============================================================
11:41:20 INFO __main__ :: Step 1: Hyperparameter search …
11:41:20 INFO src.train :: Hyperparameter search: model=MLP encoder=tfidf n_trials=20
11:41:20 INFO src.train :: Trial 1/20 [random] | params={'lr': 0.05, 'weight_decay': 0.0001, 'hidden_channels': 128, 'dropout': 0.0}
11:41:20 INFO src.train :: train_model: encoder=tfidf model=MLP seed=0 device=auto
11:41:22 INFO src.train :: epoch 1 | val_acc=0.0076 (best) | loss=3.7956
11:41:22 INFO src.train :: epoch 2 | val_acc=0.5530 (best) | loss=3.7551
11:41:22 INFO src.train :: epoch 3 | val_acc=0.6219 (best) | loss=1.9860
11:41:22 INFO src.train :: epoch 4 | val_acc=0.6952 (best) | loss=1.3397
11:41:22 INFO src.train :: epoch 5 | val_acc=0.7329 (best) | loss=0.9760
11:41:23 INFO src.train :: epoch 6 | val_acc=0.7390 (best) | loss=0.7711
11:41:23 INFO src.train :: epoch 9 | val_acc=0.7462 (best) | loss=0.6366
/home/infres/abertrand-24/miniconda3/envs/env_gnn/lib/python3.11/site-packages/torch/optim/lr_scheduler.py:232: UserWarning: The epoch parameter in `scheduler.step()` was not necessary and is being deprecated where possible. Please use `scheduler.step()` to step the scheduler. During the deprecation, if epoch is different from None, the closed form is used instead of the new chainable form, where available. Please open an issue if you are unable to replicate your use case: https://github.com/pytorch/pytorch/issues/new/choose.
  warnings.warn(EPOCH_DEPRECATION_WARNING, UserWarning)
11:41:23 INFO src.train :: epoch 10 | val_acc=0.7733 (best) | loss=0.6180
11:41:24 INFO src.train :: epoch 11 | val_acc=0.7969 (best) | loss=0.5810
11:41:24 INFO src.train :: epoch 12 | val_acc=0.8138 (best) | loss=0.5407
11:41:24 INFO src.train :: epoch 13 | val_acc=0.8224 (best) | loss=0.5108
11:41:24 INFO src.train :: epoch 14 | val_acc=0.8283 (best) | loss=0.4881
11:41:24 INFO src.train :: epoch 15 | val_acc=0.8325 (best) | loss=0.4669
11:41:25 INFO src.train :: epoch 16 | val_acc=0.8350 (best) | loss=0.4444
11:41:25 INFO src.train :: epoch 17 | val_acc=0.8369 (best) | loss=0.4212
11:41:25 INFO src.train :: epoch 18 | val_acc=0.8376 (best) | loss=0.3989
11:41:25 INFO src.train :: epoch 19 | val_acc=0.8379 (best) | loss=0.3785
11:41:25 INFO src.train :: epoch 20 | val_acc=0.8394 (best) | loss=0.3603
11:41:26 INFO src.train :: epoch 21 | val_acc=0.8404 (best) | loss=0.3442
11:41:26 INFO src.train :: epoch 23 | val_acc=0.8411 (best) | loss=0.3169
11:41:26 INFO src.train :: epoch 24 | val_acc=0.8441 (best) | loss=0.3054
11:41:26 INFO src.train :: epoch 25 | val_acc=0.8451 (best) | loss=0.2953
11:41:27 INFO src.train :: epoch 26 | val_acc=0.8457 (best) | loss=0.2867
11:41:27 INFO src.train :: epoch 27 | val_acc=0.8460 (best) | loss=0.2788
11:41:27 INFO src.train :: epoch 28 | val_acc=0.8474 (best) | loss=0.2711
11:41:27 INFO src.train :: epoch 29 | val_acc=0.8477 (best) | loss=0.2633
11:41:27 INFO src.train :: epoch 30 | val_acc=0.8487 (best) | loss=0.2552
11:41:28 INFO src.train :: epoch 31 | val_acc=0.8488 (best) | loss=0.2474
11:41:28 INFO src.train :: epoch 32 | val_acc=0.8495 (best) | loss=0.2399
11:41:28 INFO src.train :: epoch 33 | val_acc=0.8502 (best) | loss=0.2330
11:41:28 INFO src.train :: epoch 34 | val_acc=0.8503 (best) | loss=0.2264
11:41:28 INFO src.train :: epoch 35 | val_acc=0.8510 (best) | loss=0.2196
11:41:32 INFO src.train :: Early stop at epoch 55 (no improvement for 20 epochs)
11:41:32 INFO src.train ::   → new best val_acc=0.8510 with params={'lr': 0.05, 'weight_decay': 0.0001, 'hidden_channels': 128, 'dropout': 0.0}
11:41:32 INFO src.train :: Trial 2/20 [random] | params={'lr': 0.005, 'weight_decay': 0.0, 'hidden_channels': 64, 'dropout': 0.0}
11:41:32 INFO src.train :: train_model: encoder=tfidf model=MLP seed=1 device=auto
11:41:33 INFO src.train :: epoch 1 | val_acc=0.0330 (best) | loss=3.8895
11:41:33 INFO src.train :: epoch 2 | val_acc=0.0532 (best) | loss=3.8868
11:41:33 INFO src.train :: epoch 3 | val_acc=0.0632 (best) | loss=3.6199
11:41:33 INFO src.train :: epoch 4 | val_acc=0.0678 (best) | loss=3.1805
11:41:33 INFO src.train :: epoch 5 | val_acc=0.0949 (best) | loss=2.7725
11:41:34 INFO src.train :: epoch 6 | val_acc=0.1556 (best) | loss=2.4846
11:41:34 INFO src.train :: epoch 7 | val_acc=0.2783 (best) | loss=2.2734
11:41:34 INFO src.train :: epoch 8 | val_acc=0.4026 (best) | loss=2.0972
11:41:34 INFO src.train :: epoch 9 | val_acc=0.5128 (best) | loss=1.9369
/home/infres/abertrand-24/miniconda3/envs/env_gnn/lib/python3.11/site-packages/torch/optim/lr_scheduler.py:232: UserWarning: The epoch parameter in `scheduler.step()` was not necessary and is being deprecated where possible. Please use `scheduler.step()` to step the scheduler. During the deprecation, if epoch is different from None, the closed form is used instead of the new chainable form, where available. Please open an issue if you are unable to replicate your use case: https://github.com/pytorch/pytorch/issues/new/choose.
  warnings.warn(EPOCH_DEPRECATION_WARNING, UserWarning)
11:41:34 INFO src.train :: epoch 10 | val_acc=0.6179 (best) | loss=1.7843
11:41:34 INFO src.train :: epoch 11 | val_acc=0.6940 (best) | loss=1.6362
11:41:34 INFO src.train :: epoch 12 | val_acc=0.7385 (best) | loss=1.4920
11:41:34 INFO src.train :: epoch 13 | val_acc=0.7619 (best) | loss=1.3640
11:41:34 INFO src.train :: epoch 14 | val_acc=0.7771 (best) | loss=1.2494
11:41:35 INFO src.train :: epoch 15 | val_acc=0.7864 (best) | loss=1.1466
11:41:35 INFO src.train :: epoch 16 | val_acc=0.7933 (best) | loss=1.0543
11:41:35 INFO src.train :: epoch 17 | val_acc=0.7981 (best) | loss=0.9717
11:41:35 INFO src.train :: epoch 18 | val_acc=0.8026 (best) | loss=0.8980
11:41:35 INFO src.train :: epoch 19 | val_acc=0.8041 (best) | loss=0.8325
11:41:35 INFO src.train :: epoch 20 | val_acc=0.8065 (best) | loss=0.7746
11:41:35 INFO src.train :: epoch 21 | val_acc=0.8084 (best) | loss=0.7233
11:41:35 INFO src.train :: epoch 22 | val_acc=0.8101 (best) | loss=0.6781
11:41:35 INFO src.train :: epoch 23 | val_acc=0.8127 (best) | loss=0.6382
11:41:36 INFO src.train :: epoch 24 | val_acc=0.8148 (best) | loss=0.6028
11:41:36 INFO src.train :: epoch 25 | val_acc=0.8166 (best) | loss=0.5714
11:41:36 INFO src.train :: epoch 26 | val_acc=0.8183 (best) | loss=0.5435
11:41:36 INFO src.train :: epoch 27 | val_acc=0.8190 (best) | loss=0.5184
11:41:36 INFO src.train :: epoch 28 | val_acc=0.8196 (best) | loss=0.4958
11:41:36 INFO src.train :: epoch 29 | val_acc=0.8205 (best) | loss=0.4752
11:41:36 INFO src.train :: epoch 30 | val_acc=0.8220 (best) | loss=0.4565
11:41:36 INFO src.train :: epoch 31 | val_acc=0.8236 (best) | loss=0.4392
11:41:36 INFO src.train :: epoch 32 | val_acc=0.8251 (best) | loss=0.4233
11:41:37 INFO src.train :: epoch 33 | val_acc=0.8265 (best) | loss=0.4084
11:41:37 INFO src.train :: epoch 34 | val_acc=0.8282 (best) | loss=0.3946
11:41:37 INFO src.train :: epoch 35 | val_acc=0.8294 (best) | loss=0.3816
11:41:37 INFO src.train :: epoch 36 | val_acc=0.8305 (best) | loss=0.3695
11:41:37 INFO src.train :: epoch 37 | val_acc=0.8313 (best) | loss=0.3580
11:41:37 INFO src.train :: epoch 38 | val_acc=0.8327 (best) | loss=0.3471
11:41:37 INFO src.train :: epoch 39 | val_acc=0.8340 (best) | loss=0.3367
11:41:37 INFO src.train :: epoch 40 | val_acc=0.8350 (best) | loss=0.3269
11:41:37 INFO src.train :: epoch 41 | val_acc=0.8365 (best) | loss=0.3175
11:41:38 INFO src.train :: epoch 42 | val_acc=0.8369 (best) | loss=0.3085
11:41:38 INFO src.train :: epoch 43 | val_acc=0.8381 (best) | loss=0.2999
11:41:38 INFO src.train :: epoch 44 | val_acc=0.8394 (best) | loss=0.2917
11:41:38 INFO src.train :: epoch 45 | val_acc=0.8404 (best) | loss=0.2837
11:41:38 INFO src.train :: epoch 46 | val_acc=0.8410 (best) | loss=0.2761
11:41:38 INFO src.train :: epoch 47 | val_acc=0.8413 (best) | loss=0.2688
11:41:38 INFO src.train :: epoch 48 | val_acc=0.8421 (best) | loss=0.2617
11:41:38 INFO src.train :: epoch 49 | val_acc=0.8424 (best) | loss=0.2550
11:41:38 INFO src.train :: epoch 50 | val_acc=0.8425 (best) | loss=0.2485
11:41:39 INFO src.train :: epoch 51 | val_acc=0.8433 (best) | loss=0.2422
11:41:39 INFO src.train :: epoch 52 | val_acc=0.8439 (best) | loss=0.2362
11:41:39 INFO src.train :: epoch 53 | val_acc=0.8442 (best) | loss=0.2304
11:41:39 INFO src.train :: epoch 54 | val_acc=0.8446 (best) | loss=0.2249
11:41:40 INFO src.train :: epoch 60 | val_acc=0.8450 (best) | loss=0.1959
11:41:40 INFO src.train :: epoch 61 | val_acc=0.8451 (best) | loss=0.1917
11:41:41 INFO src.train :: epoch 75 | val_acc=0.8452 (best) | loss=0.1454
11:41:42 INFO src.train :: epoch 80 | val_acc=0.8453 (best) | loss=0.1335
11:41:42 INFO src.train :: epoch 81 | val_acc=0.8460 (best) | loss=0.1314
11:41:44 INFO src.train :: Early stop at epoch 101 (no improvement for 20 epochs)
11:41:44 INFO src.train :: Trial 3/20 [random] | params={'lr': 0.005, 'weight_decay': 0.001, 'hidden_channels': 128, 'dropout': 0.5}
11:41:44 INFO src.train :: train_model: encoder=tfidf model=MLP seed=2 device=auto
11:41:45 INFO src.train :: epoch 1 | val_acc=0.0416 (best) | loss=3.8854
11:41:45 INFO src.train :: epoch 2 | val_acc=0.0430 (best) | loss=3.8790
11:41:45 INFO src.train :: epoch 3 | val_acc=0.0499 (best) | loss=3.5120
11:41:45 INFO src.train :: epoch 4 | val_acc=0.0995 (best) | loss=2.9182
11:41:45 INFO src.train :: epoch 5 | val_acc=0.1475 (best) | loss=2.3869
11:41:46 INFO src.train :: epoch 6 | val_acc=0.2245 (best) | loss=2.0142
11:41:46 INFO src.train :: epoch 7 | val_acc=0.3334 (best) | loss=1.7389
11:41:46 INFO src.train :: epoch 8 | val_acc=0.5064 (best) | loss=1.5148
11:41:46 INFO src.train :: epoch 9 | val_acc=0.6288 (best) | loss=1.3289
/home/infres/abertrand-24/miniconda3/envs/env_gnn/lib/python3.11/site-packages/torch/optim/lr_scheduler.py:232: UserWarning: The epoch parameter in `scheduler.step()` was not necessary and is being deprecated where possible. Please use `scheduler.step()` to step the scheduler. During the deprecation, if epoch is different from None, the closed form is used instead of the new chainable form, where available. Please open an issue if you are unable to replicate your use case: https://github.com/pytorch/pytorch/issues/new/choose.
  warnings.warn(EPOCH_DEPRECATION_WARNING, UserWarning)
11:41:46 INFO src.train :: epoch 10 | val_acc=0.7122 (best) | loss=1.1689
11:41:47 INFO src.train :: epoch 11 | val_acc=0.7589 (best) | loss=1.0301
11:41:47 INFO src.train :: epoch 12 | val_acc=0.7821 (best) | loss=0.9155
11:41:47 INFO src.train :: epoch 13 | val_acc=0.7957 (best) | loss=0.8268
11:41:47 INFO src.train :: epoch 14 | val_acc=0.8023 (best) | loss=0.7581
11:41:47 INFO src.train :: epoch 15 | val_acc=0.8078 (best) | loss=0.7040
11:41:48 INFO src.train :: epoch 16 | val_acc=0.8107 (best) | loss=0.6579
11:41:48 INFO src.train :: epoch 17 | val_acc=0.8132 (best) | loss=0.6216
11:41:48 INFO src.train :: epoch 18 | val_acc=0.8144 (best) | loss=0.5894
11:41:48 INFO src.train :: epoch 19 | val_acc=0.8149 (best) | loss=0.5633
11:41:48 INFO src.train :: epoch 20 | val_acc=0.8157 (best) | loss=0.5412
11:41:49 INFO src.train :: epoch 21 | val_acc=0.8172 (best) | loss=0.5182
11:41:49 INFO src.train :: epoch 22 | val_acc=0.8197 (best) | loss=0.5004
11:41:49 INFO src.train :: epoch 23 | val_acc=0.8208 (best) | loss=0.4827
11:41:49 INFO src.train :: epoch 24 | val_acc=0.8220 (best) | loss=0.4661
11:41:49 INFO src.train :: epoch 25 | val_acc=0.8238 (best) | loss=0.4527
11:41:50 INFO src.train :: epoch 26 | val_acc=0.8253 (best) | loss=0.4410
11:41:50 INFO src.train :: epoch 27 | val_acc=0.8273 (best) | loss=0.4273
11:41:50 INFO src.train :: epoch 28 | val_acc=0.8289 (best) | loss=0.4151
11:41:50 INFO src.train :: epoch 29 | val_acc=0.8310 (best) | loss=0.4043
11:41:50 INFO src.train :: epoch 30 | val_acc=0.8332 (best) | loss=0.3937
11:41:51 INFO src.train :: epoch 31 | val_acc=0.8348 (best) | loss=0.3824
11:41:51 INFO src.train :: epoch 32 | val_acc=0.8367 (best) | loss=0.3739
11:41:51 INFO src.train :: epoch 33 | val_acc=0.8382 (best) | loss=0.3658
11:41:51 INFO src.train :: epoch 34 | val_acc=0.8402 (best) | loss=0.3553
11:41:51 INFO src.train :: epoch 35 | val_acc=0.8419 (best) | loss=0.3484
11:41:52 INFO src.train :: epoch 36 | val_acc=0.8434 (best) | loss=0.3388
11:41:52 INFO src.train :: epoch 37 | val_acc=0.8452 (best) | loss=0.3320
11:41:52 INFO src.train :: epoch 38 | val_acc=0.8464 (best) | loss=0.3248
11:41:52 INFO src.train :: epoch 39 | val_acc=0.8477 (best) | loss=0.3152
11:41:52 INFO src.train :: epoch 40 | val_acc=0.8482 (best) | loss=0.3089
11:41:53 INFO src.train :: epoch 41 | val_acc=0.8486 (best) | loss=0.3025
11:41:53 INFO src.train :: epoch 42 | val_acc=0.8497 (best) | loss=0.2977
11:41:53 INFO src.train :: epoch 43 | val_acc=0.8498 (best) | loss=0.2930
11:41:53 INFO src.train :: epoch 44 | val_acc=0.8509 (best) | loss=0.2859
11:41:53 INFO src.train :: epoch 45 | val_acc=0.8514 (best) | loss=0.2799
11:41:54 INFO src.train :: epoch 46 | val_acc=0.8530 (best) | loss=0.2717
11:41:54 INFO src.train :: epoch 47 | val_acc=0.8535 (best) | loss=0.2712
11:41:54 INFO src.train :: epoch 48 | val_acc=0.8537 (best) | loss=0.2641
11:41:54 INFO src.train :: epoch 49 | val_acc=0.8546 (best) | loss=0.2600
11:41:54 INFO src.train :: epoch 50 | val_acc=0.8548 (best) | loss=0.2541
11:41:55 INFO src.train :: epoch 51 | val_acc=0.8554 (best) | loss=0.2486
11:41:55 INFO src.train :: epoch 52 | val_acc=0.8559 (best) | loss=0.2426
11:41:55 INFO src.train :: epoch 53 | val_acc=0.8560 (best) | loss=0.2403
11:41:55 INFO src.train :: epoch 55 | val_acc=0.8560 (best) | loss=0.2310
11:41:56 INFO src.train :: epoch 56 | val_acc=0.8563 (best) | loss=0.2243
11:41:56 INFO src.train :: epoch 57 | val_acc=0.8567 (best) | loss=0.2205
11:41:56 INFO src.train :: epoch 60 | val_acc=0.8568 (best) | loss=0.2081
11:41:57 INFO src.train :: epoch 61 | val_acc=0.8572 (best) | loss=0.2046
11:41:57 INFO src.train :: epoch 63 | val_acc=0.8573 (best) | loss=0.1978
11:41:57 INFO src.train :: epoch 64 | val_acc=0.8577 (best) | loss=0.1948
11:41:57 INFO src.train :: epoch 65 | val_acc=0.8584 (best) | loss=0.1903
11:41:58 INFO src.train :: epoch 68 | val_acc=0.8586 (best) | loss=0.1794
11:41:58 INFO src.train :: epoch 70 | val_acc=0.8588 (best) | loss=0.1749
11:41:59 INFO src.train :: epoch 75 | val_acc=0.8590 (best) | loss=0.1592
11:42:00 INFO src.train :: epoch 76 | val_acc=0.8591 (best) | loss=0.1582
11:42:03 INFO src.train :: Early stop at epoch 96 (no improvement for 20 epochs)
11:42:04 INFO src.train ::   → new best val_acc=0.8591 with params={'lr': 0.005, 'weight_decay': 0.001, 'hidden_channels': 128, 'dropout': 0.5}
11:42:04 INFO src.train :: Trial 4/20 [random] | params={'lr': 0.01, 'weight_decay': 0.0001, 'hidden_channels': 256, 'dropout': 0.5}
11:42:04 INFO src.train :: train_model: encoder=tfidf model=MLP seed=3 device=auto
11:42:04 INFO src.train :: epoch 1 | val_acc=0.0003 (best) | loss=4.0042
11:42:05 INFO src.train :: epoch 3 | val_acc=0.1659 (best) | loss=2.9753
11:42:06 INFO src.train :: epoch 4 | val_acc=0.3344 (best) | loss=1.9055
11:42:06 INFO src.train :: epoch 5 | val_acc=0.5721 (best) | loss=1.3618
11:42:06 INFO src.train :: epoch 6 | val_acc=0.7229 (best) | loss=1.0563
11:42:07 INFO src.train :: epoch 7 | val_acc=0.7755 (best) | loss=0.8617
11:42:07 INFO src.train :: epoch 8 | val_acc=0.7929 (best) | loss=0.7315
11:42:07 INFO src.train :: epoch 9 | val_acc=0.7974 (best) | loss=0.6475
/home/infres/abertrand-24/miniconda3/envs/env_gnn/lib/python3.11/site-packages/torch/optim/lr_scheduler.py:232: UserWarning: The epoch parameter in `scheduler.step()` was not necessary and is being deprecated where possible. Please use `scheduler.step()` to step the scheduler. During the deprecation, if epoch is different from None, the closed form is used instead of the new chainable form, where available. Please open an issue if you are unable to replicate your use case: https://github.com/pytorch/pytorch/issues/new/choose.
  warnings.warn(EPOCH_DEPRECATION_WARNING, UserWarning)
11:42:10 INFO src.train :: epoch 16 | val_acc=0.8002 (best) | loss=0.4622
11:42:10 INFO src.train :: epoch 17 | val_acc=0.8058 (best) | loss=0.4447
11:42:11 INFO src.train :: epoch 18 | val_acc=0.8122 (best) | loss=0.4257
11:42:11 INFO src.train :: epoch 19 | val_acc=0.8163 (best) | loss=0.4030
11:42:11 INFO src.train :: epoch 20 | val_acc=0.8233 (best) | loss=0.3891
11:42:12 INFO src.train :: epoch 21 | val_acc=0.8282 (best) | loss=0.3723
11:42:12 INFO src.train :: epoch 22 | val_acc=0.8327 (best) | loss=0.3580
11:42:13 INFO src.train :: epoch 23 | val_acc=0.8354 (best) | loss=0.3429
11:42:13 INFO src.train :: epoch 24 | val_acc=0.8382 (best) | loss=0.3292
11:42:13 INFO src.train :: epoch 25 | val_acc=0.8406 (best) | loss=0.3174
11:42:14 INFO src.train :: epoch 26 | val_acc=0.8419 (best) | loss=0.3093
11:42:14 INFO src.train :: epoch 27 | val_acc=0.8435 (best) | loss=0.2986
11:42:14 INFO src.train :: epoch 28 | val_acc=0.8452 (best) | loss=0.2883
11:42:15 INFO src.train :: epoch 29 | val_acc=0.8474 (best) | loss=0.2803
11:42:15 INFO src.train :: epoch 30 | val_acc=0.8481 (best) | loss=0.2700
11:42:16 INFO src.train :: epoch 31 | val_acc=0.8501 (best) | loss=0.2610
11:42:16 INFO src.train :: epoch 32 | val_acc=0.8514 (best) | loss=0.2535
11:42:16 INFO src.train :: epoch 33 | val_acc=0.8516 (best) | loss=0.2458
11:42:17 INFO src.train :: epoch 34 | val_acc=0.8527 (best) | loss=0.2373
11:42:17 INFO src.train :: epoch 35 | val_acc=0.8537 (best) | loss=0.2295
11:42:18 INFO src.train :: epoch 36 | val_acc=0.8545 (best) | loss=0.2245
11:42:18 INFO src.train :: epoch 38 | val_acc=0.8545 (best) | loss=0.2109
11:42:19 INFO src.train :: epoch 39 | val_acc=0.8550 (best) | loss=0.2048
11:42:19 INFO src.train :: epoch 40 | val_acc=0.8556 (best) | loss=0.1998
11:42:19 INFO src.train :: epoch 41 | val_acc=0.8557 (best) | loss=0.1953
11:42:20 INFO src.train :: epoch 42 | val_acc=0.8561 (best) | loss=0.1881
11:42:20 INFO src.train :: epoch 43 | val_acc=0.8562 (best) | loss=0.1841
11:42:22 INFO src.train :: epoch 47 | val_acc=0.8565 (best) | loss=0.1667
11:42:22 INFO src.train :: epoch 48 | val_acc=0.8566 (best) | loss=0.1642
11:42:22 INFO src.train :: epoch 49 | val_acc=0.8568 (best) | loss=0.1591
11:42:23 INFO src.train :: epoch 50 | val_acc=0.8571 (best) | loss=0.1554
11:42:23 INFO src.train :: epoch 51 | val_acc=0.8575 (best) | loss=0.1521
11:42:23 INFO src.train :: epoch 52 | val_acc=0.8578 (best) | loss=0.1469
11:42:24 INFO src.train :: epoch 53 | val_acc=0.8581 (best) | loss=0.1452
11:42:24 INFO src.train :: epoch 54 | val_acc=0.8585 (best) | loss=0.1418
11:42:30 INFO src.train :: epoch 70 | val_acc=0.8586 (best) | loss=0.1047
11:42:33 INFO src.train :: epoch 78 | val_acc=0.8589 (best) | loss=0.0914
11:42:35 INFO src.train :: epoch 84 | val_acc=0.8590 (best) | loss=0.0829
11:42:36 INFO src.train :: epoch 86 | val_acc=0.8592 (best) | loss=0.0808
11:42:37 INFO src.train :: epoch 90 | val_acc=0.8593 (best) | loss=0.0767
11:42:37 INFO src.train :: epoch 91 | val_acc=0.8596 (best) | loss=0.0755
11:42:38 INFO src.train :: epoch 93 | val_acc=0.8597 (best) | loss=0.0757
11:42:45 INFO src.train :: Early stop at epoch 113 (no improvement for 20 epochs)
11:42:45 INFO src.train ::   → new best val_acc=0.8597 with params={'lr': 0.01, 'weight_decay': 0.0001, 'hidden_channels': 256, 'dropout': 0.5}
11:42:45 INFO src.train :: Trial 5/20 [random] | params={'lr': 0.01, 'weight_decay': 0.0001, 'hidden_channels': 128, 'dropout': 0.5}
11:42:45 INFO src.train :: train_model: encoder=tfidf model=MLP seed=4 device=auto
11:42:46 INFO src.train :: epoch 1 | val_acc=0.0210 (best) | loss=3.8799
11:42:46 INFO src.train :: epoch 2 | val_acc=0.0247 (best) | loss=3.8661
11:42:47 INFO src.train :: epoch 3 | val_acc=0.0592 (best) | loss=3.1442
11:42:47 INFO src.train :: epoch 4 | val_acc=0.2596 (best) | loss=2.3371
11:42:47 INFO src.train :: epoch 5 | val_acc=0.4650 (best) | loss=1.8760
11:42:47 INFO src.train :: epoch 6 | val_acc=0.6276 (best) | loss=1.5637
11:42:47 INFO src.train :: epoch 7 | val_acc=0.7196 (best) | loss=1.3187
11:42:48 INFO src.train :: epoch 8 | val_acc=0.7634 (best) | loss=1.1219
11:42:48 INFO src.train :: epoch 9 | val_acc=0.7813 (best) | loss=0.9618
/home/infres/abertrand-24/miniconda3/envs/env_gnn/lib/python3.11/site-packages/torch/optim/lr_scheduler.py:232: UserWarning: The epoch parameter in `scheduler.step()` was not necessary and is being deprecated where possible. Please use `scheduler.step()` to step the scheduler. During the deprecation, if epoch is different from None, the closed form is used instead of the new chainable form, where available. Please open an issue if you are unable to replicate your use case: https://github.com/pytorch/pytorch/issues/new/choose.
  warnings.warn(EPOCH_DEPRECATION_WARNING, UserWarning)
11:42:48 INFO src.train :: epoch 10 | val_acc=0.7892 (best) | loss=0.8341
11:42:48 INFO src.train :: epoch 11 | val_acc=0.7933 (best) | loss=0.7399
11:42:48 INFO src.train :: epoch 12 | val_acc=0.7945 (best) | loss=0.6685
11:42:49 INFO src.train :: epoch 16 | val_acc=0.7956 (best) | loss=0.5383
11:42:49 INFO src.train :: epoch 17 | val_acc=0.7980 (best) | loss=0.5194
11:42:50 INFO src.train :: epoch 18 | val_acc=0.8010 (best) | loss=0.5023
11:42:50 INFO src.train :: epoch 19 | val_acc=0.8045 (best) | loss=0.4848
11:42:50 INFO src.train :: epoch 20 | val_acc=0.8087 (best) | loss=0.4684
11:42:50 INFO src.train :: epoch 21 | val_acc=0.8126 (best) | loss=0.4556
11:42:50 INFO src.train :: epoch 22 | val_acc=0.8170 (best) | loss=0.4373
11:42:51 INFO src.train :: epoch 23 | val_acc=0.8205 (best) | loss=0.4257
11:42:51 INFO src.train :: epoch 24 | val_acc=0.8251 (best) | loss=0.4089
11:42:51 INFO src.train :: epoch 25 | val_acc=0.8288 (best) | loss=0.3967
11:42:51 INFO src.train :: epoch 26 | val_acc=0.8320 (best) | loss=0.3819
11:42:51 INFO src.train :: epoch 27 | val_acc=0.8343 (best) | loss=0.3729
11:42:52 INFO src.train :: epoch 28 | val_acc=0.8377 (best) | loss=0.3611
11:42:52 INFO src.train :: epoch 29 | val_acc=0.8398 (best) | loss=0.3517
11:42:52 INFO src.train :: epoch 30 | val_acc=0.8404 (best) | loss=0.3411
11:42:52 INFO src.train :: epoch 31 | val_acc=0.8424 (best) | loss=0.3341
11:42:52 INFO src.train :: epoch 32 | val_acc=0.8441 (best) | loss=0.3235
11:42:53 INFO src.train :: epoch 33 | val_acc=0.8448 (best) | loss=0.3138
11:42:53 INFO src.train :: epoch 34 | val_acc=0.8467 (best) | loss=0.3067
11:42:53 INFO src.train :: epoch 35 | val_acc=0.8484 (best) | loss=0.2993
11:42:53 INFO src.train :: epoch 36 | val_acc=0.8491 (best) | loss=0.2896
11:42:53 INFO src.train :: epoch 37 | val_acc=0.8504 (best) | loss=0.2807
11:42:54 INFO src.train :: epoch 38 | val_acc=0.8513 (best) | loss=0.2740
11:42:54 INFO src.train :: epoch 39 | val_acc=0.8518 (best) | loss=0.2677
11:42:54 INFO src.train :: epoch 40 | val_acc=0.8527 (best) | loss=0.2587
11:42:54 INFO src.train :: epoch 41 | val_acc=0.8530 (best) | loss=0.2528
11:42:55 INFO src.train :: epoch 43 | val_acc=0.8531 (best) | loss=0.2411
11:42:55 INFO src.train :: epoch 44 | val_acc=0.8539 (best) | loss=0.2358
11:42:55 INFO src.train :: epoch 47 | val_acc=0.8543 (best) | loss=0.2215
11:42:56 INFO src.train :: epoch 49 | val_acc=0.8548 (best) | loss=0.2116
11:42:56 INFO src.train :: epoch 50 | val_acc=0.8554 (best) | loss=0.2060
11:42:57 INFO src.train :: epoch 54 | val_acc=0.8556 (best) | loss=0.1896
11:42:57 INFO src.train :: epoch 55 | val_acc=0.8558 (best) | loss=0.1864
11:42:57 INFO src.train :: epoch 57 | val_acc=0.8558 (best) | loss=0.1808
11:42:58 INFO src.train :: epoch 58 | val_acc=0.8566 (best) | loss=0.1748
11:42:58 INFO src.train :: epoch 59 | val_acc=0.8570 (best) | loss=0.1726
11:42:58 INFO src.train :: epoch 60 | val_acc=0.8575 (best) | loss=0.1699
11:42:58 INFO src.train :: epoch 61 | val_acc=0.8576 (best) | loss=0.1654
11:43:02 INFO src.train :: Early stop at epoch 81 (no improvement for 20 epochs)
11:43:02 INFO src.train :: Trial 6/20 [random] | params={'lr': 0.005, 'weight_decay': 0.001, 'hidden_channels': 256, 'dropout': 0.0}
11:43:02 INFO src.train :: train_model: encoder=tfidf model=MLP seed=5 device=auto
11:43:03 INFO src.train :: epoch 1 | val_acc=0.0001 (best) | loss=3.9862
11:43:04 INFO src.train :: epoch 3 | val_acc=0.0246 (best) | loss=3.4180
11:43:04 INFO src.train :: epoch 4 | val_acc=0.1881 (best) | loss=2.5380
11:43:05 INFO src.train :: epoch 5 | val_acc=0.4642 (best) | loss=1.8357
11:43:05 INFO src.train :: epoch 6 | val_acc=0.6396 (best) | loss=1.4107
11:43:05 INFO src.train :: epoch 7 | val_acc=0.7370 (best) | loss=1.1341
11:43:06 INFO src.train :: epoch 8 | val_acc=0.7786 (best) | loss=0.9401
11:43:06 INFO src.train :: epoch 9 | val_acc=0.7993 (best) | loss=0.7988
/home/infres/abertrand-24/miniconda3/envs/env_gnn/lib/python3.11/site-packages/torch/optim/lr_scheduler.py:232: UserWarning: The epoch parameter in `scheduler.step()` was not necessary and is being deprecated where possible. Please use `scheduler.step()` to step the scheduler. During the deprecation, if epoch is different from None, the closed form is used instead of the new chainable form, where available. Please open an issue if you are unable to replicate your use case: https://github.com/pytorch/pytorch/issues/new/choose.
  warnings.warn(EPOCH_DEPRECATION_WARNING, UserWarning)
11:43:06 INFO src.train :: epoch 10 | val_acc=0.8062 (best) | loss=0.6931
11:43:07 INFO src.train :: epoch 11 | val_acc=0.8095 (best) | loss=0.6125
11:43:07 INFO src.train :: epoch 12 | val_acc=0.8099 (best) | loss=0.5503
11:43:11 INFO src.train :: epoch 22 | val_acc=0.8131 (best) | loss=0.3343
11:43:11 INFO src.train :: epoch 23 | val_acc=0.8165 (best) | loss=0.3227
11:43:12 INFO src.train :: epoch 24 | val_acc=0.8202 (best) | loss=0.3119
11:43:12 INFO src.train :: epoch 25 | val_acc=0.8218 (best) | loss=0.3018
11:43:12 INFO src.train :: epoch 26 | val_acc=0.8243 (best) | loss=0.2925
11:43:13 INFO src.train :: epoch 27 | val_acc=0.8277 (best) | loss=0.2837
11:43:13 INFO src.train :: epoch 28 | val_acc=0.8308 (best) | loss=0.2756
11:43:13 INFO src.train :: epoch 29 | val_acc=0.8327 (best) | loss=0.2680
11:43:14 INFO src.train :: epoch 30 | val_acc=0.8346 (best) | loss=0.2609
11:43:14 INFO src.train :: epoch 31 | val_acc=0.8373 (best) | loss=0.2541
11:43:15 INFO src.train :: epoch 32 | val_acc=0.8394 (best) | loss=0.2476
11:43:15 INFO src.train :: epoch 33 | val_acc=0.8407 (best) | loss=0.2413
11:43:15 INFO src.train :: epoch 34 | val_acc=0.8426 (best) | loss=0.2353
11:43:16 INFO src.train :: epoch 35 | val_acc=0.8439 (best) | loss=0.2295
11:43:16 INFO src.train :: epoch 36 | val_acc=0.8450 (best) | loss=0.2238
11:43:16 INFO src.train :: epoch 37 | val_acc=0.8456 (best) | loss=0.2181
11:43:17 INFO src.train :: epoch 38 | val_acc=0.8469 (best) | loss=0.2126
11:43:17 INFO src.train :: epoch 39 | val_acc=0.8479 (best) | loss=0.2070
11:43:18 INFO src.train :: epoch 40 | val_acc=0.8487 (best) | loss=0.2015
11:43:18 INFO src.train :: epoch 41 | val_acc=0.8496 (best) | loss=0.1960
11:43:18 INFO src.train :: epoch 42 | val_acc=0.8515 (best) | loss=0.1905
11:43:19 INFO src.train :: epoch 43 | val_acc=0.8516 (best) | loss=0.1850
11:43:19 INFO src.train :: epoch 44 | val_acc=0.8527 (best) | loss=0.1795
11:43:19 INFO src.train :: epoch 45 | val_acc=0.8539 (best) | loss=0.1740
11:43:20 INFO src.train :: epoch 46 | val_acc=0.8543 (best) | loss=0.1685
11:43:22 INFO src.train :: epoch 51 | val_acc=0.8553 (best) | loss=0.1429
11:43:22 INFO src.train :: epoch 52 | val_acc=0.8559 (best) | loss=0.1382
11:43:22 INFO src.train :: epoch 53 | val_acc=0.8562 (best) | loss=0.1336
11:43:23 INFO src.train :: epoch 54 | val_acc=0.8570 (best) | loss=0.1292
11:43:24 INFO src.train :: epoch 56 | val_acc=0.8572 (best) | loss=0.1208
11:43:25 INFO src.train :: epoch 59 | val_acc=0.8574 (best) | loss=0.1095
11:43:25 INFO src.train :: epoch 60 | val_acc=0.8575 (best) | loss=0.1060
11:43:25 INFO src.train :: epoch 61 | val_acc=0.8579 (best) | loss=0.1027
11:43:27 INFO src.train :: epoch 66 | val_acc=0.8579 (best) | loss=0.0883
11:43:29 INFO src.train :: epoch 72 | val_acc=0.8582 (best) | loss=0.0752
11:43:30 INFO src.train :: epoch 73 | val_acc=0.8583 (best) | loss=0.0734
11:43:33 INFO src.train :: epoch 81 | val_acc=0.8585 (best) | loss=0.0615
11:43:33 INFO src.train :: epoch 82 | val_acc=0.8592 (best) | loss=0.0604
11:43:33 INFO src.train :: epoch 83 | val_acc=0.8593 (best) | loss=0.0592
11:43:40 INFO src.train :: Early stop at epoch 103 (no improvement for 20 epochs)
11:43:41 INFO src.train :: Trial 7/20 [random] | params={'lr': 0.01, 'weight_decay': 0.001, 'hidden_channels': 128, 'dropout': 0.0}
11:43:41 INFO src.train :: train_model: encoder=tfidf model=MLP seed=6 device=auto
11:43:41 INFO src.train :: epoch 1 | val_acc=0.0155 (best) | loss=3.9816
11:43:41 INFO src.train :: epoch 2 | val_acc=0.0354 (best) | loss=3.9737
11:43:42 INFO src.train :: epoch 3 | val_acc=0.0641 (best) | loss=3.2499
11:43:42 INFO src.train :: epoch 4 | val_acc=0.1434 (best) | loss=2.4050
11:43:42 INFO src.train :: epoch 5 | val_acc=0.3096 (best) | loss=1.8958
11:43:42 INFO src.train :: epoch 6 | val_acc=0.5152 (best) | loss=1.5556
11:43:43 INFO src.train :: epoch 7 | val_acc=0.6748 (best) | loss=1.2862
11:43:43 INFO src.train :: epoch 8 | val_acc=0.7606 (best) | loss=1.0662
11:43:43 INFO src.train :: epoch 9 | val_acc=0.7914 (best) | loss=0.8914
/home/infres/abertrand-24/miniconda3/envs/env_gnn/lib/python3.11/site-packages/torch/optim/lr_scheduler.py:232: UserWarning: The epoch parameter in `scheduler.step()` was not necessary and is being deprecated where possible. Please use `scheduler.step()` to step the scheduler. During the deprecation, if epoch is different from None, the closed form is used instead of the new chainable form, where available. Please open an issue if you are unable to replicate your use case: https://github.com/pytorch/pytorch/issues/new/choose.
  warnings.warn(EPOCH_DEPRECATION_WARNING, UserWarning)
11:43:43 INFO src.train :: epoch 10 | val_acc=0.8019 (best) | loss=0.7580
11:43:43 INFO src.train :: epoch 11 | val_acc=0.8026 (best) | loss=0.6603
11:43:45 INFO src.train :: epoch 18 | val_acc=0.8051 (best) | loss=0.4300
11:43:45 INFO src.train :: epoch 19 | val_acc=0.8076 (best) | loss=0.4145
11:43:45 INFO src.train :: epoch 20 | val_acc=0.8100 (best) | loss=0.4001
11:43:45 INFO src.train :: epoch 21 | val_acc=0.8141 (best) | loss=0.3867
11:43:45 INFO src.train :: epoch 22 | val_acc=0.8165 (best) | loss=0.3742
11:43:46 INFO src.train :: epoch 23 | val_acc=0.8187 (best) | loss=0.3625
11:43:46 INFO src.train :: epoch 24 | val_acc=0.8210 (best) | loss=0.3517
11:43:46 INFO src.train :: epoch 25 | val_acc=0.8224 (best) | loss=0.3417
11:43:46 INFO src.train :: epoch 26 | val_acc=0.8253 (best) | loss=0.3325
11:43:46 INFO src.train :: epoch 27 | val_acc=0.8279 (best) | loss=0.3238
11:43:47 INFO src.train :: epoch 28 | val_acc=0.8304 (best) | loss=0.3157
11:43:47 INFO src.train :: epoch 29 | val_acc=0.8316 (best) | loss=0.3079
11:43:47 INFO src.train :: epoch 30 | val_acc=0.8344 (best) | loss=0.3004
11:43:47 INFO src.train :: epoch 31 | val_acc=0.8366 (best) | loss=0.2930
11:43:48 INFO src.train :: epoch 32 | val_acc=0.8384 (best) | loss=0.2857
11:43:48 INFO src.train :: epoch 33 | val_acc=0.8404 (best) | loss=0.2784
11:43:48 INFO src.train :: epoch 34 | val_acc=0.8418 (best) | loss=0.2711
11:43:48 INFO src.train :: epoch 35 | val_acc=0.8426 (best) | loss=0.2638
11:43:48 INFO src.train :: epoch 36 | val_acc=0.8443 (best) | loss=0.2565
11:43:49 INFO src.train :: epoch 37 | val_acc=0.8451 (best) | loss=0.2490
11:43:49 INFO src.train :: epoch 38 | val_acc=0.8458 (best) | loss=0.2415
11:43:49 INFO src.train :: epoch 39 | val_acc=0.8466 (best) | loss=0.2340
11:43:49 INFO src.train :: epoch 40 | val_acc=0.8489 (best) | loss=0.2263
11:43:49 INFO src.train :: epoch 41 | val_acc=0.8502 (best) | loss=0.2188
11:43:50 INFO src.train :: epoch 42 | val_acc=0.8514 (best) | loss=0.2112
11:43:50 INFO src.train :: epoch 43 | val_acc=0.8518 (best) | loss=0.2037
11:43:50 INFO src.train :: epoch 44 | val_acc=0.8523 (best) | loss=0.1963
11:43:50 INFO src.train :: epoch 46 | val_acc=0.8533 (best) | loss=0.1820
11:43:51 INFO src.train :: epoch 47 | val_acc=0.8540 (best) | loss=0.1752
11:43:51 INFO src.train :: epoch 48 | val_acc=0.8545 (best) | loss=0.1686
11:43:51 INFO src.train :: epoch 49 | val_acc=0.8548 (best) | loss=0.1623
11:43:52 INFO src.train :: epoch 57 | val_acc=0.8552 (best) | loss=0.1207
11:43:53 INFO src.train :: epoch 60 | val_acc=0.8558 (best) | loss=0.1090
11:43:53 INFO src.train :: epoch 62 | val_acc=0.8561 (best) | loss=0.1021
11:43:57 INFO src.train :: Early stop at epoch 82 (no improvement for 20 epochs)
11:43:57 INFO src.train :: Trial 8/20 [random] | params={'lr': 0.05, 'weight_decay': 0.001, 'hidden_channels': 256, 'dropout': 0.0}
11:43:57 INFO src.train :: train_model: encoder=tfidf model=MLP seed=7 device=auto
11:43:58 INFO src.train :: epoch 1 | val_acc=0.0082 (best) | loss=3.8335
11:43:59 INFO src.train :: epoch 2 | val_acc=0.3190 (best) | loss=3.7753
11:43:59 INFO src.train :: epoch 3 | val_acc=0.7369 (best) | loss=1.4580
11:43:59 INFO src.train :: epoch 4 | val_acc=0.7854 (best) | loss=0.8928
/home/infres/abertrand-24/miniconda3/envs/env_gnn/lib/python3.11/site-packages/torch/optim/lr_scheduler.py:232: UserWarning: The epoch parameter in `scheduler.step()` was not necessary and is being deprecated where possible. Please use `scheduler.step()` to step the scheduler. During the deprecation, if epoch is different from None, the closed form is used instead of the new chainable form, where available. Please open an issue if you are unable to replicate your use case: https://github.com/pytorch/pytorch/issues/new/choose.
  warnings.warn(EPOCH_DEPRECATION_WARNING, UserWarning)
11:44:02 INFO src.train :: epoch 10 | val_acc=0.7993 (best) | loss=0.5608
11:44:02 INFO src.train :: epoch 11 | val_acc=0.8143 (best) | loss=0.5302
11:44:02 INFO src.train :: epoch 12 | val_acc=0.8172 (best) | loss=0.5172
11:44:03 INFO src.train :: epoch 13 | val_acc=0.8177 (best) | loss=0.5113
11:44:06 INFO src.train :: epoch 22 | val_acc=0.8205 (best) | loss=0.4528
11:44:06 INFO src.train :: epoch 23 | val_acc=0.8239 (best) | loss=0.4410
11:44:07 INFO src.train :: epoch 24 | val_acc=0.8249 (best) | loss=0.4266
11:44:14 INFO src.train :: Early stop at epoch 44 (no improvement for 20 epochs)
11:44:14 INFO src.train :: Trial 9/20 [random] | params={'lr': 0.005, 'weight_decay': 0.001, 'hidden_channels': 64, 'dropout': 0.3}
11:44:14 INFO src.train :: train_model: encoder=tfidf model=MLP seed=8 device=auto
11:44:15 INFO src.train :: epoch 1 | val_acc=0.0276 (best) | loss=3.9231
11:44:15 INFO src.train :: epoch 2 | val_acc=0.0402 (best) | loss=3.9227
11:44:15 INFO src.train :: epoch 3 | val_acc=0.0610 (best) | loss=3.6617
11:44:15 INFO src.train :: epoch 4 | val_acc=0.0773 (best) | loss=3.2398
11:44:15 INFO src.train :: epoch 5 | val_acc=0.1213 (best) | loss=2.8410
11:44:15 INFO src.train :: epoch 6 | val_acc=0.2588 (best) | loss=2.5524
11:44:15 INFO src.train :: epoch 7 | val_acc=0.4056 (best) | loss=2.3375
11:44:15 INFO src.train :: epoch 8 | val_acc=0.4802 (best) | loss=2.1582
11:44:15 INFO src.train :: epoch 9 | val_acc=0.5279 (best) | loss=1.9920
/home/infres/abertrand-24/miniconda3/envs/env_gnn/lib/python3.11/site-packages/torch/optim/lr_scheduler.py:232: UserWarning: The epoch parameter in `scheduler.step()` was not necessary and is being deprecated where possible. Please use `scheduler.step()` to step the scheduler. During the deprecation, if epoch is different from None, the closed form is used instead of the new chainable form, where available. Please open an issue if you are unable to replicate your use case: https://github.com/pytorch/pytorch/issues/new/choose.
  warnings.warn(EPOCH_DEPRECATION_WARNING, UserWarning)
11:44:16 INFO src.train :: epoch 10 | val_acc=0.5689 (best) | loss=1.8346
11:44:16 INFO src.train :: epoch 11 | val_acc=0.6129 (best) | loss=1.6847
11:44:16 INFO src.train :: epoch 12 | val_acc=0.6562 (best) | loss=1.5405
11:44:16 INFO src.train :: epoch 13 | val_acc=0.6933 (best) | loss=1.4110
11:44:16 INFO src.train :: epoch 14 | val_acc=0.7266 (best) | loss=1.2983
11:44:16 INFO src.train :: epoch 15 | val_acc=0.7507 (best) | loss=1.1980
11:44:16 INFO src.train :: epoch 16 | val_acc=0.7684 (best) | loss=1.1069
11:44:16 INFO src.train :: epoch 17 | val_acc=0.7818 (best) | loss=1.0256
11:44:16 INFO src.train :: epoch 18 | val_acc=0.7905 (best) | loss=0.9566
11:44:17 INFO src.train :: epoch 19 | val_acc=0.7964 (best) | loss=0.8935
11:44:17 INFO src.train :: epoch 20 | val_acc=0.7998 (best) | loss=0.8376
11:44:17 INFO src.train :: epoch 21 | val_acc=0.8041 (best) | loss=0.7908
11:44:17 INFO src.train :: epoch 22 | val_acc=0.8070 (best) | loss=0.7477
11:44:17 INFO src.train :: epoch 23 | val_acc=0.8095 (best) | loss=0.7102
11:44:17 INFO src.train :: epoch 24 | val_acc=0.8127 (best) | loss=0.6745
11:44:17 INFO src.train :: epoch 25 | val_acc=0.8143 (best) | loss=0.6461
11:44:17 INFO src.train :: epoch 26 | val_acc=0.8160 (best) | loss=0.6190
11:44:17 INFO src.train :: epoch 27 | val_acc=0.8170 (best) | loss=0.5960
11:44:18 INFO src.train :: epoch 28 | val_acc=0.8184 (best) | loss=0.5745
11:44:18 INFO src.train :: epoch 29 | val_acc=0.8208 (best) | loss=0.5546
11:44:18 INFO src.train :: epoch 30 | val_acc=0.8232 (best) | loss=0.5333
11:44:18 INFO src.train :: epoch 31 | val_acc=0.8249 (best) | loss=0.5180
11:44:18 INFO src.train :: epoch 32 | val_acc=0.8265 (best) | loss=0.5012
11:44:18 INFO src.train :: epoch 33 | val_acc=0.8282 (best) | loss=0.4863
11:44:18 INFO src.train :: epoch 34 | val_acc=0.8299 (best) | loss=0.4713
11:44:18 INFO src.train :: epoch 35 | val_acc=0.8313 (best) | loss=0.4593
11:44:18 INFO src.train :: epoch 36 | val_acc=0.8325 (best) | loss=0.4484
11:44:19 INFO src.train :: epoch 37 | val_acc=0.8338 (best) | loss=0.4359
11:44:19 INFO src.train :: epoch 38 | val_acc=0.8344 (best) | loss=0.4237
11:44:19 INFO src.train :: epoch 39 | val_acc=0.8354 (best) | loss=0.4141
11:44:19 INFO src.train :: epoch 40 | val_acc=0.8373 (best) | loss=0.4033
11:44:19 INFO src.train :: epoch 41 | val_acc=0.8388 (best) | loss=0.3929
11:44:19 INFO src.train :: epoch 42 | val_acc=0.8404 (best) | loss=0.3836
11:44:19 INFO src.train :: epoch 43 | val_acc=0.8420 (best) | loss=0.3762
11:44:19 INFO src.train :: epoch 44 | val_acc=0.8431 (best) | loss=0.3673
11:44:19 INFO src.train :: epoch 45 | val_acc=0.8444 (best) | loss=0.3586
11:44:20 INFO src.train :: epoch 46 | val_acc=0.8445 (best) | loss=0.3519
11:44:20 INFO src.train :: epoch 47 | val_acc=0.8453 (best) | loss=0.3433
11:44:20 INFO src.train :: epoch 48 | val_acc=0.8466 (best) | loss=0.3389
11:44:20 INFO src.train :: epoch 49 | val_acc=0.8476 (best) | loss=0.3297
11:44:20 INFO src.train :: epoch 50 | val_acc=0.8482 (best) | loss=0.3224
11:44:20 INFO src.train :: epoch 51 | val_acc=0.8487 (best) | loss=0.3164
11:44:20 INFO src.train :: epoch 52 | val_acc=0.8497 (best) | loss=0.3085
11:44:20 INFO src.train :: epoch 53 | val_acc=0.8508 (best) | loss=0.3028
11:44:20 INFO src.train :: epoch 54 | val_acc=0.8521 (best) | loss=0.2965
11:44:21 INFO src.train :: epoch 55 | val_acc=0.8526 (best) | loss=0.2905
11:44:21 INFO src.train :: epoch 56 | val_acc=0.8529 (best) | loss=0.2855
11:44:21 INFO src.train :: epoch 57 | val_acc=0.8537 (best) | loss=0.2798
11:44:21 INFO src.train :: epoch 60 | val_acc=0.8549 (best) | loss=0.2630
11:44:21 INFO src.train :: epoch 61 | val_acc=0.8556 (best) | loss=0.2588
11:44:21 INFO src.train :: epoch 62 | val_acc=0.8562 (best) | loss=0.2550
11:44:21 INFO src.train :: epoch 63 | val_acc=0.8564 (best) | loss=0.2493
11:44:22 INFO src.train :: epoch 65 | val_acc=0.8566 (best) | loss=0.2388
11:44:24 INFO src.train :: Early stop at epoch 85 (no improvement for 20 epochs)
11:44:24 INFO src.train :: Trial 10/20 [random] | params={'lr': 0.005, 'weight_decay': 0.0, 'hidden_channels': 128, 'dropout': 0.3}
11:44:24 INFO src.train :: train_model: encoder=tfidf model=MLP seed=9 device=auto
11:44:25 INFO src.train :: epoch 1 | val_acc=0.0009 (best) | loss=3.8989
11:44:25 INFO src.train :: epoch 2 | val_acc=0.0020 (best) | loss=3.8952
11:44:25 INFO src.train :: epoch 3 | val_acc=0.0201 (best) | loss=3.5136
11:44:25 INFO src.train :: epoch 4 | val_acc=0.2514 (best) | loss=2.8951
11:44:25 INFO src.train :: epoch 5 | val_acc=0.4781 (best) | loss=2.3467
11:44:26 INFO src.train :: epoch 6 | val_acc=0.5888 (best) | loss=1.9739
11:44:26 INFO src.train :: epoch 7 | val_acc=0.6380 (best) | loss=1.7001
11:44:26 INFO src.train :: epoch 8 | val_acc=0.6792 (best) | loss=1.4836
11:44:26 INFO src.train :: epoch 9 | val_acc=0.7182 (best) | loss=1.2980
/home/infres/abertrand-24/miniconda3/envs/env_gnn/lib/python3.11/site-packages/torch/optim/lr_scheduler.py:232: UserWarning: The epoch parameter in `scheduler.step()` was not necessary and is being deprecated where possible. Please use `scheduler.step()` to step the scheduler. During the deprecation, if epoch is different from None, the closed form is used instead of the new chainable form, where available. Please open an issue if you are unable to replicate your use case: https://github.com/pytorch/pytorch/issues/new/choose.
  warnings.warn(EPOCH_DEPRECATION_WARNING, UserWarning)
11:44:26 INFO src.train :: epoch 10 | val_acc=0.7490 (best) | loss=1.1390
11:44:27 INFO src.train :: epoch 11 | val_acc=0.7670 (best) | loss=1.0045
11:44:27 INFO src.train :: epoch 12 | val_acc=0.7766 (best) | loss=0.8887
11:44:27 INFO src.train :: epoch 13 | val_acc=0.7824 (best) | loss=0.7992
11:44:27 INFO src.train :: epoch 14 | val_acc=0.7856 (best) | loss=0.7285
11:44:27 INFO src.train :: epoch 15 | val_acc=0.7869 (best) | loss=0.6690
11:44:28 INFO src.train :: epoch 16 | val_acc=0.7877 (best) | loss=0.6219
11:44:28 INFO src.train :: epoch 17 | val_acc=0.7890 (best) | loss=0.5832
11:44:28 INFO src.train :: epoch 18 | val_acc=0.7892 (best) | loss=0.5492
11:44:28 INFO src.train :: epoch 19 | val_acc=0.7908 (best) | loss=0.5187
11:44:28 INFO src.train :: epoch 20 | val_acc=0.7926 (best) | loss=0.4949
11:44:29 INFO src.train :: epoch 21 | val_acc=0.7951 (best) | loss=0.4742
11:44:29 INFO src.train :: epoch 22 | val_acc=0.7970 (best) | loss=0.4542
11:44:29 INFO src.train :: epoch 23 | val_acc=0.8001 (best) | loss=0.4376
11:44:29 INFO src.train :: epoch 24 | val_acc=0.8033 (best) | loss=0.4210
11:44:29 INFO src.train :: epoch 25 | val_acc=0.8061 (best) | loss=0.4062
11:44:30 INFO src.train :: epoch 26 | val_acc=0.8099 (best) | loss=0.3910
11:44:30 INFO src.train :: epoch 27 | val_acc=0.8125 (best) | loss=0.3778
11:44:30 INFO src.train :: epoch 28 | val_acc=0.8157 (best) | loss=0.3679
11:44:30 INFO src.train :: epoch 29 | val_acc=0.8199 (best) | loss=0.3534
11:44:30 INFO src.train :: epoch 30 | val_acc=0.8232 (best) | loss=0.3425
11:44:31 INFO src.train :: epoch 31 | val_acc=0.8267 (best) | loss=0.3320
11:44:31 INFO src.train :: epoch 32 | val_acc=0.8305 (best) | loss=0.3221
11:44:31 INFO src.train :: epoch 33 | val_acc=0.8326 (best) | loss=0.3105
11:44:31 INFO src.train :: epoch 34 | val_acc=0.8346 (best) | loss=0.3003
11:44:31 INFO src.train :: epoch 35 | val_acc=0.8362 (best) | loss=0.2916
11:44:32 INFO src.train :: epoch 36 | val_acc=0.8381 (best) | loss=0.2843
11:44:32 INFO src.train :: epoch 37 | val_acc=0.8401 (best) | loss=0.2733
11:44:32 INFO src.train :: epoch 38 | val_acc=0.8423 (best) | loss=0.2670
11:44:32 INFO src.train :: epoch 39 | val_acc=0.8441 (best) | loss=0.2576
11:44:32 INFO src.train :: epoch 40 | val_acc=0.8448 (best) | loss=0.2507
11:44:33 INFO src.train :: epoch 41 | val_acc=0.8465 (best) | loss=0.2438
11:44:33 INFO src.train :: epoch 42 | val_acc=0.8476 (best) | loss=0.2372
11:44:33 INFO src.train :: epoch 44 | val_acc=0.8480 (best) | loss=0.2254
11:44:33 INFO src.train :: epoch 45 | val_acc=0.8483 (best) | loss=0.2175
11:44:34 INFO src.train :: epoch 46 | val_acc=0.8485 (best) | loss=0.2114
11:44:34 INFO src.train :: epoch 47 | val_acc=0.8490 (best) | loss=0.2055
11:44:34 INFO src.train :: epoch 49 | val_acc=0.8492 (best) | loss=0.1951
11:44:35 INFO src.train :: epoch 50 | val_acc=0.8499 (best) | loss=0.1895
11:44:35 INFO src.train :: epoch 51 | val_acc=0.8502 (best) | loss=0.1866
11:44:35 INFO src.train :: epoch 52 | val_acc=0.8506 (best) | loss=0.1815
11:44:35 INFO src.train :: epoch 54 | val_acc=0.8509 (best) | loss=0.1720
11:44:36 INFO src.train :: epoch 55 | val_acc=0.8510 (best) | loss=0.1689
11:44:36 INFO src.train :: epoch 56 | val_acc=0.8515 (best) | loss=0.1651
11:44:37 INFO src.train :: epoch 61 | val_acc=0.8518 (best) | loss=0.1478
11:44:37 INFO src.train :: epoch 64 | val_acc=0.8519 (best) | loss=0.1399
11:44:41 INFO src.train :: Early stop at epoch 84 (no improvement for 20 epochs)
11:44:41 INFO src.train :: Trial 11/20 [random] | params={'lr': 0.01, 'weight_decay': 0.0, 'hidden_channels': 64, 'dropout': 0.0}
11:44:41 INFO src.train :: train_model: encoder=tfidf model=MLP seed=10 device=auto
11:44:42 INFO src.train :: epoch 1 | val_acc=0.0594 (best) | loss=3.7587
11:44:42 INFO src.train :: epoch 2 | val_acc=0.1003 (best) | loss=3.7534
11:44:42 INFO src.train :: epoch 3 | val_acc=0.1296 (best) | loss=3.2765
11:44:42 INFO src.train :: epoch 4 | val_acc=0.2956 (best) | loss=2.7231
11:44:42 INFO src.train :: epoch 5 | val_acc=0.4110 (best) | loss=2.3734
11:44:42 INFO src.train :: epoch 6 | val_acc=0.4793 (best) | loss=2.1233
11:44:43 INFO src.train :: epoch 7 | val_acc=0.5619 (best) | loss=1.9040
11:44:43 INFO src.train :: epoch 8 | val_acc=0.6351 (best) | loss=1.6954
11:44:43 INFO src.train :: epoch 9 | val_acc=0.6800 (best) | loss=1.4938
/home/infres/abertrand-24/miniconda3/envs/env_gnn/lib/python3.11/site-packages/torch/optim/lr_scheduler.py:232: UserWarning: The epoch parameter in `scheduler.step()` was not necessary and is being deprecated where possible. Please use `scheduler.step()` to step the scheduler. During the deprecation, if epoch is different from None, the closed form is used instead of the new chainable form, where available. Please open an issue if you are unable to replicate your use case: https://github.com/pytorch/pytorch/issues/new/choose.
  warnings.warn(EPOCH_DEPRECATION_WARNING, UserWarning)
11:44:43 INFO src.train :: epoch 10 | val_acc=0.7054 (best) | loss=1.3016
11:44:43 INFO src.train :: epoch 11 | val_acc=0.7239 (best) | loss=1.1242
11:44:43 INFO src.train :: epoch 12 | val_acc=0.7358 (best) | loss=0.9671
11:44:43 INFO src.train :: epoch 13 | val_acc=0.7439 (best) | loss=0.8450
11:44:43 INFO src.train :: epoch 14 | val_acc=0.7488 (best) | loss=0.7510
11:44:43 INFO src.train :: epoch 15 | val_acc=0.7517 (best) | loss=0.6792
11:44:44 INFO src.train :: epoch 16 | val_acc=0.7550 (best) | loss=0.6243
11:44:44 INFO src.train :: epoch 17 | val_acc=0.7590 (best) | loss=0.5820
11:44:44 INFO src.train :: epoch 18 | val_acc=0.7642 (best) | loss=0.5486
11:44:44 INFO src.train :: epoch 19 | val_acc=0.7689 (best) | loss=0.5214
11:44:44 INFO src.train :: epoch 20 | val_acc=0.7744 (best) | loss=0.4987
11:44:44 INFO src.train :: epoch 21 | val_acc=0.7796 (best) | loss=0.4788
11:44:44 INFO src.train :: epoch 22 | val_acc=0.7858 (best) | loss=0.4608
11:44:44 INFO src.train :: epoch 23 | val_acc=0.7918 (best) | loss=0.4442
11:44:44 INFO src.train :: epoch 24 | val_acc=0.7975 (best) | loss=0.4284
11:44:45 INFO src.train :: epoch 25 | val_acc=0.8026 (best) | loss=0.4134
11:44:45 INFO src.train :: epoch 26 | val_acc=0.8075 (best) | loss=0.3989
11:44:45 INFO src.train :: epoch 27 | val_acc=0.8113 (best) | loss=0.3850
11:44:45 INFO src.train :: epoch 28 | val_acc=0.8146 (best) | loss=0.3715
11:44:45 INFO src.train :: epoch 29 | val_acc=0.8182 (best) | loss=0.3586
11:44:45 INFO src.train :: epoch 30 | val_acc=0.8230 (best) | loss=0.3462
11:44:45 INFO src.train :: epoch 31 | val_acc=0.8265 (best) | loss=0.3343
11:44:45 INFO src.train :: epoch 32 | val_acc=0.8293 (best) | loss=0.3228
11:44:45 INFO src.train :: epoch 33 | val_acc=0.8307 (best) | loss=0.3117
11:44:46 INFO src.train :: epoch 34 | val_acc=0.8327 (best) | loss=0.3011
11:44:46 INFO src.train :: epoch 35 | val_acc=0.8344 (best) | loss=0.2910
11:44:46 INFO src.train :: epoch 36 | val_acc=0.8359 (best) | loss=0.2813
11:44:46 INFO src.train :: epoch 37 | val_acc=0.8371 (best) | loss=0.2721
11:44:46 INFO src.train :: epoch 38 | val_acc=0.8376 (best) | loss=0.2633
11:44:46 INFO src.train :: epoch 39 | val_acc=0.8385 (best) | loss=0.2549
11:44:46 INFO src.train :: epoch 40 | val_acc=0.8399 (best) | loss=0.2469
11:44:46 INFO src.train :: epoch 41 | val_acc=0.8406 (best) | loss=0.2393
11:44:46 INFO src.train :: epoch 42 | val_acc=0.8408 (best) | loss=0.2319
11:44:47 INFO src.train :: epoch 43 | val_acc=0.8416 (best) | loss=0.2249
11:44:47 INFO src.train :: epoch 44 | val_acc=0.8423 (best) | loss=0.2181
11:44:47 INFO src.train :: epoch 45 | val_acc=0.8425 (best) | loss=0.2116
11:44:47 INFO src.train :: epoch 46 | val_acc=0.8431 (best) | loss=0.2052
11:44:47 INFO src.train :: epoch 47 | val_acc=0.8438 (best) | loss=0.1991
11:44:48 INFO src.train :: epoch 58 | val_acc=0.8440 (best) | loss=0.1468
11:44:48 INFO src.train :: epoch 59 | val_acc=0.8441 (best) | loss=0.1431
11:44:48 INFO src.train :: epoch 60 | val_acc=0.8442 (best) | loss=0.1396
11:44:50 INFO src.train :: Early stop at epoch 80 (no improvement for 20 epochs)
11:44:50 INFO src.train :: Trial 12/20 [random] | params={'lr': 0.005, 'weight_decay': 0.001, 'hidden_channels': 128, 'dropout': 0.3}
11:44:50 INFO src.train :: train_model: encoder=tfidf model=MLP seed=11 device=auto
11:44:51 INFO src.train :: epoch 1 | val_acc=0.0001 (best) | loss=3.8509
11:44:51 INFO src.train :: epoch 2 | val_acc=0.0029 (best) | loss=3.8470
11:44:52 INFO src.train :: epoch 3 | val_acc=0.0247 (best) | loss=3.4624
11:44:52 INFO src.train :: epoch 4 | val_acc=0.0388 (best) | loss=2.8505
11:44:52 INFO src.train :: epoch 5 | val_acc=0.0935 (best) | loss=2.3147
11:44:52 INFO src.train :: epoch 6 | val_acc=0.1673 (best) | loss=1.9522
11:44:52 INFO src.train :: epoch 7 | val_acc=0.3367 (best) | loss=1.6902
11:44:53 INFO src.train :: epoch 8 | val_acc=0.5074 (best) | loss=1.4719
11:44:53 INFO src.train :: epoch 9 | val_acc=0.6392 (best) | loss=1.2874
/home/infres/abertrand-24/miniconda3/envs/env_gnn/lib/python3.11/site-packages/torch/optim/lr_scheduler.py:232: UserWarning: The epoch parameter in `scheduler.step()` was not necessary and is being deprecated where possible. Please use `scheduler.step()` to step the scheduler. During the deprecation, if epoch is different from None, the closed form is used instead of the new chainable form, where available. Please open an issue if you are unable to replicate your use case: https://github.com/pytorch/pytorch/issues/new/choose.
  warnings.warn(EPOCH_DEPRECATION_WARNING, UserWarning)
11:44:53 INFO src.train :: epoch 10 | val_acc=0.7154 (best) | loss=1.1297
11:44:53 INFO src.train :: epoch 11 | val_acc=0.7624 (best) | loss=0.9939
11:44:53 INFO src.train :: epoch 12 | val_acc=0.7853 (best) | loss=0.8786
11:44:54 INFO src.train :: epoch 13 | val_acc=0.7978 (best) | loss=0.7891
11:44:54 INFO src.train :: epoch 14 | val_acc=0.8039 (best) | loss=0.7206
11:44:54 INFO src.train :: epoch 15 | val_acc=0.8089 (best) | loss=0.6650
11:44:54 INFO src.train :: epoch 16 | val_acc=0.8124 (best) | loss=0.6194
11:44:54 INFO src.train :: epoch 17 | val_acc=0.8156 (best) | loss=0.5804
11:44:55 INFO src.train :: epoch 18 | val_acc=0.8163 (best) | loss=0.5499
11:44:55 INFO src.train :: epoch 19 | val_acc=0.8173 (best) | loss=0.5235
11:44:55 INFO src.train :: epoch 20 | val_acc=0.8191 (best) | loss=0.4991
11:44:55 INFO src.train :: epoch 21 | val_acc=0.8197 (best) | loss=0.4794
11:44:55 INFO src.train :: epoch 22 | val_acc=0.8211 (best) | loss=0.4596
11:44:56 INFO src.train :: epoch 23 | val_acc=0.8226 (best) | loss=0.4443
11:44:56 INFO src.train :: epoch 24 | val_acc=0.8242 (best) | loss=0.4297
11:44:56 INFO src.train :: epoch 25 | val_acc=0.8260 (best) | loss=0.4140
11:44:56 INFO src.train :: epoch 26 | val_acc=0.8281 (best) | loss=0.4007
11:44:56 INFO src.train :: epoch 27 | val_acc=0.8305 (best) | loss=0.3879
11:44:57 INFO src.train :: epoch 28 | val_acc=0.8319 (best) | loss=0.3752
11:44:57 INFO src.train :: epoch 29 | val_acc=0.8339 (best) | loss=0.3614
11:44:57 INFO src.train :: epoch 30 | val_acc=0.8353 (best) | loss=0.3515
11:44:57 INFO src.train :: epoch 31 | val_acc=0.8369 (best) | loss=0.3418
11:44:57 INFO src.train :: epoch 32 | val_acc=0.8377 (best) | loss=0.3319
11:44:58 INFO src.train :: epoch 33 | val_acc=0.8386 (best) | loss=0.3219
11:44:58 INFO src.train :: epoch 34 | val_acc=0.8405 (best) | loss=0.3137
11:44:58 INFO src.train :: epoch 35 | val_acc=0.8424 (best) | loss=0.3046
11:44:58 INFO src.train :: epoch 36 | val_acc=0.8438 (best) | loss=0.2965
11:44:58 INFO src.train :: epoch 37 | val_acc=0.8452 (best) | loss=0.2914
11:44:59 INFO src.train :: epoch 38 | val_acc=0.8466 (best) | loss=0.2825
11:44:59 INFO src.train :: epoch 39 | val_acc=0.8469 (best) | loss=0.2753
11:44:59 INFO src.train :: epoch 40 | val_acc=0.8484 (best) | loss=0.2677
11:44:59 INFO src.train :: epoch 41 | val_acc=0.8496 (best) | loss=0.2611
11:44:59 INFO src.train :: epoch 42 | val_acc=0.8502 (best) | loss=0.2556
11:45:00 INFO src.train :: epoch 43 | val_acc=0.8512 (best) | loss=0.2503
11:45:00 INFO src.train :: epoch 44 | val_acc=0.8530 (best) | loss=0.2424
11:45:00 INFO src.train :: epoch 46 | val_acc=0.8539 (best) | loss=0.2326
11:45:00 INFO src.train :: epoch 47 | val_acc=0.8541 (best) | loss=0.2264
11:45:01 INFO src.train :: epoch 49 | val_acc=0.8548 (best) | loss=0.2161
11:45:01 INFO src.train :: epoch 50 | val_acc=0.8550 (best) | loss=0.2123
11:45:01 INFO src.train :: epoch 51 | val_acc=0.8560 (best) | loss=0.2061
11:45:02 INFO src.train :: epoch 53 | val_acc=0.8566 (best) | loss=0.1965
11:45:02 INFO src.train :: epoch 55 | val_acc=0.8568 (best) | loss=0.1879
11:45:02 INFO src.train :: epoch 56 | val_acc=0.8574 (best) | loss=0.1844
11:45:02 INFO src.train :: epoch 57 | val_acc=0.8577 (best) | loss=0.1787
11:45:03 INFO src.train :: epoch 59 | val_acc=0.8581 (best) | loss=0.1702
11:45:03 INFO src.train :: epoch 60 | val_acc=0.8587 (best) | loss=0.1669
11:45:03 INFO src.train :: epoch 61 | val_acc=0.8591 (best) | loss=0.1643
11:45:03 INFO src.train :: epoch 62 | val_acc=0.8594 (best) | loss=0.1597
11:45:04 INFO src.train :: epoch 64 | val_acc=0.8597 (best) | loss=0.1535
11:45:08 INFO src.train :: Early stop at epoch 84 (no improvement for 20 epochs)
11:45:08 INFO src.train :: Trial 13/20 [random] | params={'lr': 0.005, 'weight_decay': 0.0001, 'hidden_channels': 256, 'dropout': 0.3}
11:45:08 INFO src.train :: train_model: encoder=tfidf model=MLP seed=12 device=auto
11:45:09 INFO src.train :: epoch 1 | val_acc=0.0242 (best) | loss=3.9398
11:45:09 INFO src.train :: epoch 2 | val_acc=0.1139 (best) | loss=3.9358
11:45:09 INFO src.train :: epoch 3 | val_acc=0.2002 (best) | loss=3.3803
11:45:10 INFO src.train :: epoch 4 | val_acc=0.2327 (best) | loss=2.5133
11:45:10 INFO src.train :: epoch 5 | val_acc=0.3413 (best) | loss=1.8208
11:45:11 INFO src.train :: epoch 6 | val_acc=0.5281 (best) | loss=1.4014
11:45:11 INFO src.train :: epoch 7 | val_acc=0.6619 (best) | loss=1.1329
11:45:11 INFO src.train :: epoch 8 | val_acc=0.7391 (best) | loss=0.9436
11:45:12 INFO src.train :: epoch 9 | val_acc=0.7792 (best) | loss=0.8058
/home/infres/abertrand-24/miniconda3/envs/env_gnn/lib/python3.11/site-packages/torch/optim/lr_scheduler.py:232: UserWarning: The epoch parameter in `scheduler.step()` was not necessary and is being deprecated where possible. Please use `scheduler.step()` to step the scheduler. During the deprecation, if epoch is different from None, the closed form is used instead of the new chainable form, where available. Please open an issue if you are unable to replicate your use case: https://github.com/pytorch/pytorch/issues/new/choose.
  warnings.warn(EPOCH_DEPRECATION_WARNING, UserWarning)
11:45:12 INFO src.train :: epoch 10 | val_acc=0.7994 (best) | loss=0.7044
11:45:12 INFO src.train :: epoch 11 | val_acc=0.8072 (best) | loss=0.6280
11:45:13 INFO src.train :: epoch 12 | val_acc=0.8108 (best) | loss=0.5699
11:45:13 INFO src.train :: epoch 13 | val_acc=0.8126 (best) | loss=0.5260
11:45:15 INFO src.train :: epoch 19 | val_acc=0.8130 (best) | loss=0.3948
11:45:16 INFO src.train :: epoch 20 | val_acc=0.8153 (best) | loss=0.3783
11:45:16 INFO src.train :: epoch 21 | val_acc=0.8172 (best) | loss=0.3632
11:45:17 INFO src.train :: epoch 22 | val_acc=0.8206 (best) | loss=0.3474
11:45:17 INFO src.train :: epoch 23 | val_acc=0.8231 (best) | loss=0.3320
11:45:17 INFO src.train :: epoch 24 | val_acc=0.8262 (best) | loss=0.3180
11:45:18 INFO src.train :: epoch 25 | val_acc=0.8294 (best) | loss=0.3049
11:45:18 INFO src.train :: epoch 26 | val_acc=0.8332 (best) | loss=0.2918
11:45:18 INFO src.train :: epoch 27 | val_acc=0.8361 (best) | loss=0.2808
11:45:19 INFO src.train :: epoch 28 | val_acc=0.8382 (best) | loss=0.2694
11:45:19 INFO src.train :: epoch 29 | val_acc=0.8403 (best) | loss=0.2589
11:45:20 INFO src.train :: epoch 30 | val_acc=0.8423 (best) | loss=0.2499
11:45:20 INFO src.train :: epoch 31 | val_acc=0.8441 (best) | loss=0.2422
11:45:20 INFO src.train :: epoch 32 | val_acc=0.8452 (best) | loss=0.2334
11:45:21 INFO src.train :: epoch 33 | val_acc=0.8458 (best) | loss=0.2251
11:45:21 INFO src.train :: epoch 34 | val_acc=0.8473 (best) | loss=0.2166
11:45:21 INFO src.train :: epoch 35 | val_acc=0.8483 (best) | loss=0.2098
11:45:22 INFO src.train :: epoch 36 | val_acc=0.8491 (best) | loss=0.2027
11:45:22 INFO src.train :: epoch 37 | val_acc=0.8505 (best) | loss=0.1954
11:45:23 INFO src.train :: epoch 38 | val_acc=0.8511 (best) | loss=0.1889
11:45:23 INFO src.train :: epoch 39 | val_acc=0.8516 (best) | loss=0.1832
11:45:23 INFO src.train :: epoch 40 | val_acc=0.8518 (best) | loss=0.1762
11:45:24 INFO src.train :: epoch 41 | val_acc=0.8522 (best) | loss=0.1714
11:45:24 INFO src.train :: epoch 42 | val_acc=0.8532 (best) | loss=0.1657
11:45:24 INFO src.train :: epoch 43 | val_acc=0.8535 (best) | loss=0.1607
11:45:25 INFO src.train :: epoch 44 | val_acc=0.8537 (best) | loss=0.1562
11:45:25 INFO src.train :: epoch 45 | val_acc=0.8543 (best) | loss=0.1514
11:45:28 INFO src.train :: epoch 52 | val_acc=0.8545 (best) | loss=0.1246
11:45:28 INFO src.train :: epoch 53 | val_acc=0.8548 (best) | loss=0.1221
11:45:29 INFO src.train :: epoch 55 | val_acc=0.8550 (best) | loss=0.1162
11:45:29 INFO src.train :: epoch 56 | val_acc=0.8550 (best) | loss=0.1127
11:45:30 INFO src.train :: epoch 58 | val_acc=0.8551 (best) | loss=0.1076
11:45:30 INFO src.train :: epoch 59 | val_acc=0.8554 (best) | loss=0.1045
11:45:31 INFO src.train :: epoch 60 | val_acc=0.8556 (best) | loss=0.1032
11:45:38 INFO src.train :: Early stop at epoch 80 (no improvement for 20 epochs)
11:45:38 INFO src.train :: Trial 14/20 [random] | params={'lr': 0.01, 'weight_decay': 0.001, 'hidden_channels': 256, 'dropout': 0.5}
11:45:38 INFO src.train :: train_model: encoder=tfidf model=MLP seed=13 device=auto
11:45:39 INFO src.train :: epoch 1 | val_acc=0.0143 (best) | loss=3.9834
11:45:39 INFO src.train :: epoch 2 | val_acc=0.0579 (best) | loss=3.9703
11:45:40 INFO src.train :: epoch 3 | val_acc=0.1239 (best) | loss=2.9598
11:45:40 INFO src.train :: epoch 4 | val_acc=0.3128 (best) | loss=1.8897
11:45:40 INFO src.train :: epoch 5 | val_acc=0.6138 (best) | loss=1.3557
11:45:41 INFO src.train :: epoch 6 | val_acc=0.7422 (best) | loss=1.0597
11:45:41 INFO src.train :: epoch 7 | val_acc=0.7847 (best) | loss=0.8699
11:45:42 INFO src.train :: epoch 8 | val_acc=0.8012 (best) | loss=0.7415
11:45:42 INFO src.train :: epoch 9 | val_acc=0.8051 (best) | loss=0.6560
/home/infres/abertrand-24/miniconda3/envs/env_gnn/lib/python3.11/site-packages/torch/optim/lr_scheduler.py:232: UserWarning: The epoch parameter in `scheduler.step()` was not necessary and is being deprecated where possible. Please use `scheduler.step()` to step the scheduler. During the deprecation, if epoch is different from None, the closed form is used instead of the new chainable form, where available. Please open an issue if you are unable to replicate your use case: https://github.com/pytorch/pytorch/issues/new/choose.
  warnings.warn(EPOCH_DEPRECATION_WARNING, UserWarning)
11:45:46 INFO src.train :: epoch 20 | val_acc=0.8107 (best) | loss=0.3944
11:45:46 INFO src.train :: epoch 21 | val_acc=0.8174 (best) | loss=0.3820
11:45:47 INFO src.train :: epoch 22 | val_acc=0.8238 (best) | loss=0.3745
11:45:47 INFO src.train :: epoch 23 | val_acc=0.8288 (best) | loss=0.3646
11:45:47 INFO src.train :: epoch 24 | val_acc=0.8318 (best) | loss=0.3582
11:45:48 INFO src.train :: epoch 25 | val_acc=0.8354 (best) | loss=0.3486
11:45:48 INFO src.train :: epoch 26 | val_acc=0.8377 (best) | loss=0.3418
11:45:48 INFO src.train :: epoch 27 | val_acc=0.8384 (best) | loss=0.3354
11:45:49 INFO src.train :: epoch 28 | val_acc=0.8392 (best) | loss=0.3295
11:45:49 INFO src.train :: epoch 29 | val_acc=0.8398 (best) | loss=0.3253
11:45:50 INFO src.train :: epoch 30 | val_acc=0.8406 (best) | loss=0.3197
11:45:50 INFO src.train :: epoch 31 | val_acc=0.8421 (best) | loss=0.3147
11:45:51 INFO src.train :: epoch 33 | val_acc=0.8432 (best) | loss=0.3034
11:45:51 INFO src.train :: epoch 34 | val_acc=0.8443 (best) | loss=0.3009
11:45:51 INFO src.train :: epoch 35 | val_acc=0.8468 (best) | loss=0.2957
11:45:52 INFO src.train :: epoch 36 | val_acc=0.8479 (best) | loss=0.2898
11:45:52 INFO src.train :: epoch 37 | val_acc=0.8487 (best) | loss=0.2836
11:45:53 INFO src.train :: epoch 38 | val_acc=0.8492 (best) | loss=0.2769
11:45:53 INFO src.train :: epoch 39 | val_acc=0.8507 (best) | loss=0.2703
11:45:53 INFO src.train :: epoch 40 | val_acc=0.8510 (best) | loss=0.2653
11:45:54 INFO src.train :: epoch 41 | val_acc=0.8511 (best) | loss=0.2570
11:45:54 INFO src.train :: epoch 42 | val_acc=0.8516 (best) | loss=0.2492
11:45:54 INFO src.train :: epoch 43 | val_acc=0.8523 (best) | loss=0.2434
11:45:55 INFO src.train :: epoch 44 | val_acc=0.8528 (best) | loss=0.2343
11:45:55 INFO src.train :: epoch 45 | val_acc=0.8529 (best) | loss=0.2282
11:45:56 INFO src.train :: epoch 46 | val_acc=0.8534 (best) | loss=0.2197
11:45:56 INFO src.train :: epoch 47 | val_acc=0.8541 (best) | loss=0.2155
11:45:56 INFO src.train :: epoch 48 | val_acc=0.8545 (best) | loss=0.2051
11:45:57 INFO src.train :: epoch 49 | val_acc=0.8550 (best) | loss=0.2024
11:45:57 INFO src.train :: epoch 50 | val_acc=0.8551 (best) | loss=0.1940
11:45:57 INFO src.train :: epoch 51 | val_acc=0.8557 (best) | loss=0.1885
11:45:58 INFO src.train :: epoch 52 | val_acc=0.8562 (best) | loss=0.1829
11:46:00 INFO src.train :: epoch 57 | val_acc=0.8566 (best) | loss=0.1583
11:46:00 INFO src.train :: epoch 58 | val_acc=0.8568 (best) | loss=0.1539
11:46:00 INFO src.train :: epoch 59 | val_acc=0.8573 (best) | loss=0.1507
11:46:01 INFO src.train :: epoch 61 | val_acc=0.8574 (best) | loss=0.1423
11:46:05 INFO src.train :: epoch 73 | val_acc=0.8576 (best) | loss=0.1120
11:46:13 INFO src.train :: Early stop at epoch 93 (no improvement for 20 epochs)
11:46:13 INFO src.train :: Trial 15/20 [random] | params={'lr': 0.01, 'weight_decay': 0.001, 'hidden_channels': 256, 'dropout': 0.3}
11:46:13 INFO src.train :: train_model: encoder=tfidf model=MLP seed=14 device=auto
11:46:14 INFO src.train :: epoch 1 | val_acc=0.0076 (best) | loss=3.9385
11:46:14 INFO src.train :: epoch 2 | val_acc=0.1066 (best) | loss=3.9250
11:46:14 INFO src.train :: epoch 3 | val_acc=0.2405 (best) | loss=2.8870
11:46:15 INFO src.train :: epoch 4 | val_acc=0.4449 (best) | loss=1.8030
11:46:15 INFO src.train :: epoch 5 | val_acc=0.6605 (best) | loss=1.2687
11:46:16 INFO src.train :: epoch 6 | val_acc=0.7520 (best) | loss=0.9759
11:46:16 INFO src.train :: epoch 7 | val_acc=0.7858 (best) | loss=0.7958
11:46:16 INFO src.train :: epoch 8 | val_acc=0.7977 (best) | loss=0.6812
11:46:17 INFO src.train :: epoch 9 | val_acc=0.7997 (best) | loss=0.6059
/home/infres/abertrand-24/miniconda3/envs/env_gnn/lib/python3.11/site-packages/torch/optim/lr_scheduler.py:232: UserWarning: The epoch parameter in `scheduler.step()` was not necessary and is being deprecated where possible. Please use `scheduler.step()` to step the scheduler. During the deprecation, if epoch is different from None, the closed form is used instead of the new chainable form, where available. Please open an issue if you are unable to replicate your use case: https://github.com/pytorch/pytorch/issues/new/choose.
  warnings.warn(EPOCH_DEPRECATION_WARNING, UserWarning)
11:46:20 INFO src.train :: epoch 18 | val_acc=0.8033 (best) | loss=0.3924
11:46:20 INFO src.train :: epoch 19 | val_acc=0.8116 (best) | loss=0.3779
11:46:21 INFO src.train :: epoch 20 | val_acc=0.8181 (best) | loss=0.3648
11:46:21 INFO src.train :: epoch 21 | val_acc=0.8222 (best) | loss=0.3543
11:46:21 INFO src.train :: epoch 22 | val_acc=0.8261 (best) | loss=0.3470
11:46:22 INFO src.train :: epoch 23 | val_acc=0.8295 (best) | loss=0.3395
11:46:22 INFO src.train :: epoch 24 | val_acc=0.8327 (best) | loss=0.3316
11:46:23 INFO src.train :: epoch 25 | val_acc=0.8342 (best) | loss=0.3246
11:46:23 INFO src.train :: epoch 26 | val_acc=0.8356 (best) | loss=0.3179
11:46:23 INFO src.train :: epoch 27 | val_acc=0.8377 (best) | loss=0.3120
11:46:24 INFO src.train :: epoch 28 | val_acc=0.8392 (best) | loss=0.3046
11:46:24 INFO src.train :: epoch 29 | val_acc=0.8398 (best) | loss=0.3000
11:46:24 INFO src.train :: epoch 30 | val_acc=0.8402 (best) | loss=0.2933
11:46:25 INFO src.train :: epoch 31 | val_acc=0.8406 (best) | loss=0.2901
11:46:25 INFO src.train :: epoch 32 | val_acc=0.8413 (best) | loss=0.2839
11:46:26 INFO src.train :: epoch 33 | val_acc=0.8414 (best) | loss=0.2782
11:46:26 INFO src.train :: epoch 34 | val_acc=0.8433 (best) | loss=0.2728
11:46:26 INFO src.train :: epoch 35 | val_acc=0.8441 (best) | loss=0.2662
11:46:27 INFO src.train :: epoch 36 | val_acc=0.8462 (best) | loss=0.2591
11:46:27 INFO src.train :: epoch 37 | val_acc=0.8474 (best) | loss=0.2525
11:46:27 INFO src.train :: epoch 38 | val_acc=0.8479 (best) | loss=0.2444
11:46:28 INFO src.train :: epoch 39 | val_acc=0.8490 (best) | loss=0.2385
11:46:28 INFO src.train :: epoch 40 | val_acc=0.8502 (best) | loss=0.2287
11:46:29 INFO src.train :: epoch 41 | val_acc=0.8516 (best) | loss=0.2238
11:46:29 INFO src.train :: epoch 42 | val_acc=0.8523 (best) | loss=0.2156
11:46:29 INFO src.train :: epoch 43 | val_acc=0.8527 (best) | loss=0.2084
11:46:30 INFO src.train :: epoch 44 | val_acc=0.8528 (best) | loss=0.2002
11:46:30 INFO src.train :: epoch 45 | val_acc=0.8535 (best) | loss=0.1926
11:46:30 INFO src.train :: epoch 46 | val_acc=0.8537 (best) | loss=0.1865
11:46:32 INFO src.train :: epoch 49 | val_acc=0.8540 (best) | loss=0.1664
11:46:32 INFO src.train :: epoch 50 | val_acc=0.8547 (best) | loss=0.1608
11:46:32 INFO src.train :: epoch 51 | val_acc=0.8557 (best) | loss=0.1553
11:46:37 INFO src.train :: epoch 64 | val_acc=0.8563 (best) | loss=0.1015
11:46:37 INFO src.train :: epoch 65 | val_acc=0.8566 (best) | loss=0.0998
11:46:44 INFO src.train :: Early stop at epoch 85 (no improvement for 20 epochs)
11:46:45 INFO src.train :: Trial 16/20 [random] | params={'lr': 0.05, 'weight_decay': 0.001, 'hidden_channels': 256, 'dropout': 0.3}
11:46:45 INFO src.train :: train_model: encoder=tfidf model=MLP seed=15 device=auto
11:46:45 INFO src.train :: epoch 1 | val_acc=0.0103 (best) | loss=3.9847
11:46:46 INFO src.train :: epoch 2 | val_acc=0.2680 (best) | loss=3.9279
11:46:46 INFO src.train :: epoch 3 | val_acc=0.6990 (best) | loss=1.5938
11:46:47 INFO src.train :: epoch 4 | val_acc=0.7823 (best) | loss=0.9925
/home/infres/abertrand-24/miniconda3/envs/env_gnn/lib/python3.11/site-packages/torch/optim/lr_scheduler.py:232: UserWarning: The epoch parameter in `scheduler.step()` was not necessary and is being deprecated where possible. Please use `scheduler.step()` to step the scheduler. During the deprecation, if epoch is different from None, the closed form is used instead of the new chainable form, where available. Please open an issue if you are unable to replicate your use case: https://github.com/pytorch/pytorch/issues/new/choose.
  warnings.warn(EPOCH_DEPRECATION_WARNING, UserWarning)
11:46:49 INFO src.train :: epoch 10 | val_acc=0.7964 (best) | loss=0.5881
11:46:49 INFO src.train :: epoch 11 | val_acc=0.8141 (best) | loss=0.5474
11:46:50 INFO src.train :: epoch 12 | val_acc=0.8186 (best) | loss=0.5325
11:46:50 INFO src.train :: epoch 13 | val_acc=0.8190 (best) | loss=0.5258
11:46:50 INFO src.train :: epoch 14 | val_acc=0.8203 (best) | loss=0.5158
11:46:53 INFO src.train :: epoch 23 | val_acc=0.8240 (best) | loss=0.4867
11:46:54 INFO src.train :: epoch 24 | val_acc=0.8241 (best) | loss=0.4746
11:46:54 INFO src.train :: epoch 25 | val_acc=0.8263 (best) | loss=0.4639
11:46:55 INFO src.train :: epoch 26 | val_acc=0.8267 (best) | loss=0.4474
11:46:55 INFO src.train :: epoch 27 | val_acc=0.8283 (best) | loss=0.4312
11:46:55 INFO src.train :: epoch 28 | val_acc=0.8305 (best) | loss=0.4113
11:46:56 INFO src.train :: epoch 29 | val_acc=0.8322 (best) | loss=0.3911
11:47:00 INFO src.train :: epoch 40 | val_acc=0.8325 (best) | loss=0.2224
11:47:01 INFO src.train :: epoch 43 | val_acc=0.8336 (best) | loss=0.1964
11:47:02 INFO src.train :: epoch 46 | val_acc=0.8362 (best) | loss=0.1810
11:47:03 INFO src.train :: epoch 49 | val_acc=0.8381 (best) | loss=0.1810
11:47:03 INFO src.train :: epoch 50 | val_acc=0.8418 (best) | loss=0.1731
11:47:04 INFO src.train :: epoch 51 | val_acc=0.8422 (best) | loss=0.1686
11:47:04 INFO src.train :: epoch 52 | val_acc=0.8429 (best) | loss=0.1655
11:47:04 INFO src.train :: epoch 53 | val_acc=0.8438 (best) | loss=0.1595
11:47:05 INFO src.train :: epoch 54 | val_acc=0.8448 (best) | loss=0.1558
11:47:05 INFO src.train :: epoch 55 | val_acc=0.8462 (best) | loss=0.1599
11:47:07 INFO src.train :: epoch 59 | val_acc=0.8471 (best) | loss=0.1508
11:47:07 INFO src.train :: epoch 61 | val_acc=0.8472 (best) | loss=0.1471
11:47:08 INFO src.train :: epoch 62 | val_acc=0.8503 (best) | loss=0.1471
11:47:08 INFO src.train :: epoch 64 | val_acc=0.8522 (best) | loss=0.1429
11:47:10 INFO src.train :: epoch 68 | val_acc=0.8531 (best) | loss=0.1359
11:47:10 INFO src.train :: epoch 69 | val_acc=0.8541 (best) | loss=0.1359
11:47:17 INFO src.train :: Early stop at epoch 89 (no improvement for 20 epochs)
11:47:18 INFO src.train :: Trial 17/20 [random] | params={'lr': 0.05, 'weight_decay': 0.0, 'hidden_channels': 128, 'dropout': 0.5}
11:47:18 INFO src.train :: train_model: encoder=tfidf model=MLP seed=16 device=auto
11:47:18 INFO src.train :: epoch 1 | val_acc=0.0022 (best) | loss=3.9016
11:47:19 INFO src.train :: epoch 2 | val_acc=0.1421 (best) | loss=3.8642
11:47:19 INFO src.train :: epoch 3 | val_acc=0.5424 (best) | loss=2.1232
11:47:19 INFO src.train :: epoch 4 | val_acc=0.6994 (best) | loss=1.4735
11:47:19 INFO src.train :: epoch 5 | val_acc=0.7408 (best) | loss=1.0916
/home/infres/abertrand-24/miniconda3/envs/env_gnn/lib/python3.11/site-packages/torch/optim/lr_scheduler.py:232: UserWarning: The epoch parameter in `scheduler.step()` was not necessary and is being deprecated where possible. Please use `scheduler.step()` to step the scheduler. During the deprecation, if epoch is different from None, the closed form is used instead of the new chainable form, where available. Please open an issue if you are unable to replicate your use case: https://github.com/pytorch/pytorch/issues/new/choose.
  warnings.warn(EPOCH_DEPRECATION_WARNING, UserWarning)
11:47:20 INFO src.train :: epoch 10 | val_acc=0.7492 (best) | loss=0.6945
11:47:20 INFO src.train :: epoch 11 | val_acc=0.7725 (best) | loss=0.6734
11:47:20 INFO src.train :: epoch 12 | val_acc=0.7923 (best) | loss=0.6402
11:47:21 INFO src.train :: epoch 13 | val_acc=0.8050 (best) | loss=0.6140
11:47:21 INFO src.train :: epoch 14 | val_acc=0.8144 (best) | loss=0.5760
11:47:21 INFO src.train :: epoch 15 | val_acc=0.8206 (best) | loss=0.5511
11:47:21 INFO src.train :: epoch 16 | val_acc=0.8259 (best) | loss=0.5284
11:47:21 INFO src.train :: epoch 17 | val_acc=0.8305 (best) | loss=0.4982
11:47:22 INFO src.train :: epoch 18 | val_acc=0.8325 (best) | loss=0.4759
11:47:22 INFO src.train :: epoch 19 | val_acc=0.8361 (best) | loss=0.4507
11:47:22 INFO src.train :: epoch 20 | val_acc=0.8380 (best) | loss=0.4312
11:47:22 INFO src.train :: epoch 21 | val_acc=0.8396 (best) | loss=0.4167
11:47:23 INFO src.train :: epoch 22 | val_acc=0.8412 (best) | loss=0.4022
11:47:23 INFO src.train :: epoch 23 | val_acc=0.8423 (best) | loss=0.3909
11:47:23 INFO src.train :: epoch 24 | val_acc=0.8431 (best) | loss=0.3763
11:47:23 INFO src.train :: epoch 25 | val_acc=0.8432 (best) | loss=0.3632
11:47:23 INFO src.train :: epoch 26 | val_acc=0.8435 (best) | loss=0.3538
11:47:24 INFO src.train :: epoch 27 | val_acc=0.8446 (best) | loss=0.3459
11:47:24 INFO src.train :: epoch 28 | val_acc=0.8457 (best) | loss=0.3361
11:47:24 INFO src.train :: epoch 29 | val_acc=0.8464 (best) | loss=0.3276
11:47:24 INFO src.train :: epoch 30 | val_acc=0.8469 (best) | loss=0.3202
11:47:25 INFO src.train :: epoch 32 | val_acc=0.8473 (best) | loss=0.3035
11:47:25 INFO src.train :: epoch 33 | val_acc=0.8488 (best) | loss=0.2966
11:47:25 INFO src.train :: epoch 34 | val_acc=0.8491 (best) | loss=0.2894
11:47:25 INFO src.train :: epoch 35 | val_acc=0.8498 (best) | loss=0.2813
11:47:25 INFO src.train :: epoch 36 | val_acc=0.8502 (best) | loss=0.2726
11:47:26 INFO src.train :: epoch 37 | val_acc=0.8510 (best) | loss=0.2666
11:47:26 INFO src.train :: epoch 38 | val_acc=0.8512 (best) | loss=0.2594
11:47:26 INFO src.train :: epoch 39 | val_acc=0.8517 (best) | loss=0.2554
11:47:26 INFO src.train :: epoch 40 | val_acc=0.8521 (best) | loss=0.2487
11:47:26 INFO src.train :: epoch 41 | val_acc=0.8524 (best) | loss=0.2454
11:47:27 INFO src.train :: epoch 42 | val_acc=0.8525 (best) | loss=0.2397
11:47:28 INFO src.train :: epoch 52 | val_acc=0.8527 (best) | loss=0.1952
11:47:29 INFO src.train :: epoch 53 | val_acc=0.8531 (best) | loss=0.1917
11:47:32 INFO src.train :: Early stop at epoch 73 (no improvement for 20 epochs)
11:47:33 INFO src.train :: Trial 18/20 [random] | params={'lr': 0.05, 'weight_decay': 0.0001, 'hidden_channels': 128, 'dropout': 0.0}
11:47:33 INFO src.train :: train_model: encoder=tfidf model=MLP seed=17 device=auto
11:47:33 INFO src.train :: epoch 1 | val_acc=0.0226 (best) | loss=3.7287
11:47:33 INFO src.train :: epoch 2 | val_acc=0.2473 (best) | loss=3.6884
11:47:34 INFO src.train :: epoch 3 | val_acc=0.5697 (best) | loss=1.9192
11:47:34 INFO src.train :: epoch 4 | val_acc=0.7244 (best) | loss=1.2759
11:47:34 INFO src.train :: epoch 5 | val_acc=0.7580 (best) | loss=0.9217
11:47:34 INFO src.train :: epoch 6 | val_acc=0.7611 (best) | loss=0.7355
11:47:35 INFO src.train :: epoch 8 | val_acc=0.7650 (best) | loss=0.6215
11:47:35 INFO src.train :: epoch 9 | val_acc=0.7738 (best) | loss=0.6042
/home/infres/abertrand-24/miniconda3/envs/env_gnn/lib/python3.11/site-packages/torch/optim/lr_scheduler.py:232: UserWarning: The epoch parameter in `scheduler.step()` was not necessary and is being deprecated where possible. Please use `scheduler.step()` to step the scheduler. During the deprecation, if epoch is different from None, the closed form is used instead of the new chainable form, where available. Please open an issue if you are unable to replicate your use case: https://github.com/pytorch/pytorch/issues/new/choose.
  warnings.warn(EPOCH_DEPRECATION_WARNING, UserWarning)
11:47:35 INFO src.train :: epoch 10 | val_acc=0.7883 (best) | loss=0.5812
11:47:35 INFO src.train :: epoch 11 | val_acc=0.8047 (best) | loss=0.5510
11:47:35 INFO src.train :: epoch 12 | val_acc=0.8184 (best) | loss=0.5201
11:47:36 INFO src.train :: epoch 13 | val_acc=0.8257 (best) | loss=0.4895
11:47:36 INFO src.train :: epoch 14 | val_acc=0.8316 (best) | loss=0.4603
11:47:36 INFO src.train :: epoch 15 | val_acc=0.8348 (best) | loss=0.4352
11:47:36 INFO src.train :: epoch 16 | val_acc=0.8364 (best) | loss=0.4129
11:47:36 INFO src.train :: epoch 17 | val_acc=0.8373 (best) | loss=0.3921
11:47:37 INFO src.train :: epoch 18 | val_acc=0.8393 (best) | loss=0.3727
11:47:37 INFO src.train :: epoch 19 | val_acc=0.8406 (best) | loss=0.3546
11:47:37 INFO src.train :: epoch 21 | val_acc=0.8411 (best) | loss=0.3238
11:47:37 INFO src.train :: epoch 22 | val_acc=0.8434 (best) | loss=0.3109
11:47:38 INFO src.train :: epoch 23 | val_acc=0.8452 (best) | loss=0.2988
11:47:38 INFO src.train :: epoch 24 | val_acc=0.8462 (best) | loss=0.2875
11:47:38 INFO src.train :: epoch 25 | val_acc=0.8477 (best) | loss=0.2771
11:47:38 INFO src.train :: epoch 26 | val_acc=0.8481 (best) | loss=0.2677
11:47:38 INFO src.train :: epoch 27 | val_acc=0.8496 (best) | loss=0.2594
11:47:39 INFO src.train :: epoch 28 | val_acc=0.8497 (best) | loss=0.2520
11:47:39 INFO src.train :: epoch 29 | val_acc=0.8498 (best) | loss=0.2449
11:47:39 INFO src.train :: epoch 30 | val_acc=0.8511 (best) | loss=0.2380
11:47:39 INFO src.train :: epoch 31 | val_acc=0.8518 (best) | loss=0.2312
11:47:40 INFO src.train :: epoch 32 | val_acc=0.8520 (best) | loss=0.2246
11:47:40 INFO src.train :: epoch 33 | val_acc=0.8527 (best) | loss=0.2181
11:47:40 INFO src.train :: epoch 34 | val_acc=0.8529 (best) | loss=0.2118
11:47:40 INFO src.train :: epoch 36 | val_acc=0.8539 (best) | loss=0.1987
11:47:41 INFO src.train :: epoch 37 | val_acc=0.8540 (best) | loss=0.1920
11:47:44 INFO src.train :: Early stop at epoch 57 (no improvement for 20 epochs)
11:47:44 INFO src.train :: Trial 19/20 [random] | params={'lr': 0.01, 'weight_decay': 0.0001, 'hidden_channels': 256, 'dropout': 0.5}
11:47:44 INFO src.train :: train_model: encoder=tfidf model=MLP seed=18 device=auto
11:47:45 INFO src.train :: epoch 1 | val_acc=0.0020 (best) | loss=3.8379
11:47:46 INFO src.train :: epoch 2 | val_acc=0.0274 (best) | loss=3.8279
11:47:46 INFO src.train :: epoch 3 | val_acc=0.4854 (best) | loss=2.8226
11:47:46 INFO src.train :: epoch 4 | val_acc=0.6207 (best) | loss=1.7969
11:47:47 INFO src.train :: epoch 5 | val_acc=0.6898 (best) | loss=1.2860
11:47:47 INFO src.train :: epoch 6 | val_acc=0.7474 (best) | loss=1.0001
11:47:48 INFO src.train :: epoch 7 | val_acc=0.7690 (best) | loss=0.8200
11:47:48 INFO src.train :: epoch 8 | val_acc=0.7759 (best) | loss=0.7043
11:47:48 INFO src.train :: epoch 9 | val_acc=0.7763 (best) | loss=0.6286
/home/infres/abertrand-24/miniconda3/envs/env_gnn/lib/python3.11/site-packages/torch/optim/lr_scheduler.py:232: UserWarning: The epoch parameter in `scheduler.step()` was not necessary and is being deprecated where possible. Please use `scheduler.step()` to step the scheduler. During the deprecation, if epoch is different from None, the closed form is used instead of the new chainable form, where available. Please open an issue if you are unable to replicate your use case: https://github.com/pytorch/pytorch/issues/new/choose.
  warnings.warn(EPOCH_DEPRECATION_WARNING, UserWarning)
11:47:50 INFO src.train :: epoch 15 | val_acc=0.7781 (best) | loss=0.4692
11:47:51 INFO src.train :: epoch 16 | val_acc=0.7888 (best) | loss=0.4481
11:47:51 INFO src.train :: epoch 17 | val_acc=0.7997 (best) | loss=0.4261
11:47:52 INFO src.train :: epoch 18 | val_acc=0.8107 (best) | loss=0.4058
11:47:52 INFO src.train :: epoch 19 | val_acc=0.8200 (best) | loss=0.3848
11:47:52 INFO src.train :: epoch 20 | val_acc=0.8259 (best) | loss=0.3697
11:47:53 INFO src.train :: epoch 21 | val_acc=0.8320 (best) | loss=0.3567
11:47:53 INFO src.train :: epoch 22 | val_acc=0.8372 (best) | loss=0.3436
11:47:53 INFO src.train :: epoch 23 | val_acc=0.8391 (best) | loss=0.3328
11:47:54 INFO src.train :: epoch 24 | val_acc=0.8410 (best) | loss=0.3195
11:47:54 INFO src.train :: epoch 25 | val_acc=0.8427 (best) | loss=0.3085
11:47:55 INFO src.train :: epoch 26 | val_acc=0.8450 (best) | loss=0.2977
11:47:55 INFO src.train :: epoch 27 | val_acc=0.8460 (best) | loss=0.2866
11:47:55 INFO src.train :: epoch 28 | val_acc=0.8475 (best) | loss=0.2776
11:47:56 INFO src.train :: epoch 29 | val_acc=0.8489 (best) | loss=0.2682
11:47:56 INFO src.train :: epoch 30 | val_acc=0.8490 (best) | loss=0.2582
11:47:56 INFO src.train :: epoch 31 | val_acc=0.8511 (best) | loss=0.2473
11:47:57 INFO src.train :: epoch 32 | val_acc=0.8520 (best) | loss=0.2424
11:47:57 INFO src.train :: epoch 33 | val_acc=0.8531 (best) | loss=0.2370
11:47:58 INFO src.train :: epoch 34 | val_acc=0.8536 (best) | loss=0.2285
11:47:58 INFO src.train :: epoch 35 | val_acc=0.8540 (best) | loss=0.2205
11:47:59 INFO src.train :: epoch 37 | val_acc=0.8547 (best) | loss=0.2077
11:48:00 INFO src.train :: epoch 40 | val_acc=0.8548 (best) | loss=0.1903
11:48:01 INFO src.train :: epoch 42 | val_acc=0.8550 (best) | loss=0.1803
11:48:01 INFO src.train :: epoch 43 | val_acc=0.8552 (best) | loss=0.1770
11:48:01 INFO src.train :: epoch 44 | val_acc=0.8559 (best) | loss=0.1720
11:48:02 INFO src.train :: epoch 45 | val_acc=0.8562 (best) | loss=0.1675
11:48:02 INFO src.train :: epoch 46 | val_acc=0.8568 (best) | loss=0.1632
11:48:02 INFO src.train :: epoch 47 | val_acc=0.8572 (best) | loss=0.1597
11:48:03 INFO src.train :: epoch 48 | val_acc=0.8581 (best) | loss=0.1554
11:48:04 INFO src.train :: epoch 50 | val_acc=0.8589 (best) | loss=0.1483
11:48:04 INFO src.train :: epoch 51 | val_acc=0.8589 (best) | loss=0.1465
11:48:05 INFO src.train :: epoch 53 | val_acc=0.8592 (best) | loss=0.1395
11:48:12 INFO src.train :: Early stop at epoch 73 (no improvement for 20 epochs)
11:48:12 INFO src.train :: Trial 20/20 [random] | params={'lr': 0.005, 'weight_decay': 0.001, 'hidden_channels': 128, 'dropout': 0.3}
11:48:12 INFO src.train :: train_model: encoder=tfidf model=MLP seed=19 device=auto
11:48:13 INFO src.train :: epoch 1 | val_acc=0.0021 (best) | loss=3.9547
11:48:13 INFO src.train :: epoch 2 | val_acc=0.0036 (best) | loss=3.9484
11:48:13 INFO src.train :: epoch 3 | val_acc=0.0920 (best) | loss=3.5626
11:48:13 INFO src.train :: epoch 4 | val_acc=0.1378 (best) | loss=2.9433
11:48:13 INFO src.train :: epoch 5 | val_acc=0.1502 (best) | loss=2.3891
11:48:14 INFO src.train :: epoch 6 | val_acc=0.2016 (best) | loss=2.0150
11:48:14 INFO src.train :: epoch 7 | val_acc=0.2786 (best) | loss=1.7434
11:48:14 INFO src.train :: epoch 8 | val_acc=0.4073 (best) | loss=1.5232
11:48:14 INFO src.train :: epoch 9 | val_acc=0.5520 (best) | loss=1.3359
/home/infres/abertrand-24/miniconda3/envs/env_gnn/lib/python3.11/site-packages/torch/optim/lr_scheduler.py:232: UserWarning: The epoch parameter in `scheduler.step()` was not necessary and is being deprecated where possible. Please use `scheduler.step()` to step the scheduler. During the deprecation, if epoch is different from None, the closed form is used instead of the new chainable form, where available. Please open an issue if you are unable to replicate your use case: https://github.com/pytorch/pytorch/issues/new/choose.
  warnings.warn(EPOCH_DEPRECATION_WARNING, UserWarning)
11:48:14 INFO src.train :: epoch 10 | val_acc=0.6619 (best) | loss=1.1727
11:48:15 INFO src.train :: epoch 11 | val_acc=0.7240 (best) | loss=1.0317
11:48:15 INFO src.train :: epoch 12 | val_acc=0.7586 (best) | loss=0.9120
11:48:15 INFO src.train :: epoch 13 | val_acc=0.7793 (best) | loss=0.8196
11:48:15 INFO src.train :: epoch 14 | val_acc=0.7932 (best) | loss=0.7446
11:48:15 INFO src.train :: epoch 15 | val_acc=0.8018 (best) | loss=0.6856
11:48:16 INFO src.train :: epoch 16 | val_acc=0.8085 (best) | loss=0.6368
11:48:16 INFO src.train :: epoch 17 | val_acc=0.8119 (best) | loss=0.5951
11:48:16 INFO src.train :: epoch 18 | val_acc=0.8151 (best) | loss=0.5626
11:48:16 INFO src.train :: epoch 19 | val_acc=0.8185 (best) | loss=0.5337
11:48:16 INFO src.train :: epoch 20 | val_acc=0.8214 (best) | loss=0.5083
11:48:17 INFO src.train :: epoch 21 | val_acc=0.8234 (best) | loss=0.4874
11:48:17 INFO src.train :: epoch 23 | val_acc=0.8238 (best) | loss=0.4509
11:48:17 INFO src.train :: epoch 24 | val_acc=0.8253 (best) | loss=0.4342
11:48:17 INFO src.train :: epoch 25 | val_acc=0.8259 (best) | loss=0.4213
11:48:18 INFO src.train :: epoch 26 | val_acc=0.8272 (best) | loss=0.4067
11:48:18 INFO src.train :: epoch 27 | val_acc=0.8286 (best) | loss=0.3945
11:48:18 INFO src.train :: epoch 28 | val_acc=0.8295 (best) | loss=0.3811
11:48:18 INFO src.train :: epoch 29 | val_acc=0.8311 (best) | loss=0.3680
11:48:18 INFO src.train :: epoch 30 | val_acc=0.8331 (best) | loss=0.3582
11:48:19 INFO src.train :: epoch 31 | val_acc=0.8352 (best) | loss=0.3481
11:48:19 INFO src.train :: epoch 32 | val_acc=0.8381 (best) | loss=0.3372
11:48:19 INFO src.train :: epoch 33 | val_acc=0.8395 (best) | loss=0.3280
11:48:19 INFO src.train :: epoch 34 | val_acc=0.8415 (best) | loss=0.3188
11:48:19 INFO src.train :: epoch 35 | val_acc=0.8430 (best) | loss=0.3106
11:48:20 INFO src.train :: epoch 36 | val_acc=0.8445 (best) | loss=0.3024
11:48:20 INFO src.train :: epoch 37 | val_acc=0.8458 (best) | loss=0.2962
11:48:20 INFO src.train :: epoch 38 | val_acc=0.8477 (best) | loss=0.2894
11:48:20 INFO src.train :: epoch 39 | val_acc=0.8487 (best) | loss=0.2823
11:48:21 INFO src.train :: epoch 40 | val_acc=0.8496 (best) | loss=0.2763
11:48:21 INFO src.train :: epoch 41 | val_acc=0.8503 (best) | loss=0.2697
11:48:21 INFO src.train :: epoch 42 | val_acc=0.8512 (best) | loss=0.2616
11:48:21 INFO src.train :: epoch 43 | val_acc=0.8518 (best) | loss=0.2563
11:48:21 INFO src.train :: epoch 44 | val_acc=0.8523 (best) | loss=0.2515
11:48:22 INFO src.train :: epoch 45 | val_acc=0.8527 (best) | loss=0.2442
11:48:22 INFO src.train :: epoch 46 | val_acc=0.8529 (best) | loss=0.2395
11:48:22 INFO src.train :: epoch 47 | val_acc=0.8529 (best) | loss=0.2333
11:48:22 INFO src.train :: epoch 48 | val_acc=0.8542 (best) | loss=0.2288
11:48:22 INFO src.train :: epoch 49 | val_acc=0.8554 (best) | loss=0.2240
11:48:23 INFO src.train :: epoch 50 | val_acc=0.8562 (best) | loss=0.2175
11:48:23 INFO src.train :: epoch 51 | val_acc=0.8568 (best) | loss=0.2131
11:48:23 INFO src.train :: epoch 52 | val_acc=0.8576 (best) | loss=0.2078
11:48:23 INFO src.train :: epoch 53 | val_acc=0.8580 (best) | loss=0.2033
11:48:24 INFO src.train :: epoch 55 | val_acc=0.8581 (best) | loss=0.1936
11:48:24 INFO src.train :: epoch 56 | val_acc=0.8582 (best) | loss=0.1894
11:48:24 INFO src.train :: epoch 58 | val_acc=0.8587 (best) | loss=0.1807
11:48:24 INFO src.train :: epoch 59 | val_acc=0.8592 (best) | loss=0.1771
11:48:25 INFO src.train :: epoch 61 | val_acc=0.8597 (best) | loss=0.1693
11:48:25 INFO src.train :: epoch 62 | val_acc=0.8599 (best) | loss=0.1644
11:48:25 INFO src.train :: epoch 63 | val_acc=0.8602 (best) | loss=0.1610
11:48:25 INFO src.train :: epoch 64 | val_acc=0.8605 (best) | loss=0.1574
11:48:29 INFO src.train :: Early stop at epoch 84 (no improvement for 20 epochs)
11:48:29 INFO src.train ::   → new best val_acc=0.8605 with params={'lr': 0.005, 'weight_decay': 0.001, 'hidden_channels': 128, 'dropout': 0.3}
11:48:29 INFO src.train :: Hparam search done. best_val=0.8605 best_params={'lr': 0.005, 'weight_decay': 0.001, 'hidden_channels': 128, 'dropout': 0.3}
11:48:29 INFO __main__ :: Best hparams (val_acc=0.8605): {'lr': 0.005, 'weight_decay': 0.001, 'hidden_channels': 128, 'dropout': 0.3}
11:48:29 INFO __main__ :: Step 2: Seed sweep (5 runs) …
11:48:29 INFO src.train :: train_model: encoder=tfidf model=MLP seed=0 device=auto
11:48:30 INFO src.train :: epoch 1 | val_acc=0.0482 (best) | loss=3.8138
11:48:31 INFO src.train :: epoch 4 | val_acc=0.0823 (best) | loss=2.7910
11:48:31 INFO src.train :: epoch 5 | val_acc=0.2856 (best) | loss=2.2464
11:48:31 INFO src.train :: epoch 6 | val_acc=0.4485 (best) | loss=1.8866
11:48:31 INFO src.train :: epoch 7 | val_acc=0.5531 (best) | loss=1.6244
11:48:31 INFO src.train :: epoch 8 | val_acc=0.6404 (best) | loss=1.4155
11:48:32 INFO src.train :: epoch 9 | val_acc=0.7044 (best) | loss=1.2383
/home/infres/abertrand-24/miniconda3/envs/env_gnn/lib/python3.11/site-packages/torch/optim/lr_scheduler.py:232: UserWarning: The epoch parameter in `scheduler.step()` was not necessary and is being deprecated where possible. Please use `scheduler.step()` to step the scheduler. During the deprecation, if epoch is different from None, the closed form is used instead of the new chainable form, where available. Please open an issue if you are unable to replicate your use case: https://github.com/pytorch/pytorch/issues/new/choose.
  warnings.warn(EPOCH_DEPRECATION_WARNING, UserWarning)
11:48:32 INFO src.train :: epoch 10 | val_acc=0.7428 (best) | loss=1.0872
11:48:32 INFO src.train :: epoch 11 | val_acc=0.7665 (best) | loss=0.9602
11:48:32 INFO src.train :: epoch 12 | val_acc=0.7781 (best) | loss=0.8526
11:48:32 INFO src.train :: epoch 13 | val_acc=0.7871 (best) | loss=0.7703
11:48:33 INFO src.train :: epoch 14 | val_acc=0.7923 (best) | loss=0.7073
11:48:33 INFO src.train :: epoch 15 | val_acc=0.7973 (best) | loss=0.6545
11:48:33 INFO src.train :: epoch 16 | val_acc=0.8012 (best) | loss=0.6123
11:48:33 INFO src.train :: epoch 17 | val_acc=0.8036 (best) | loss=0.5760
11:48:33 INFO src.train :: epoch 18 | val_acc=0.8052 (best) | loss=0.5481
11:48:34 INFO src.train :: epoch 19 | val_acc=0.8070 (best) | loss=0.5201
11:48:34 INFO src.train :: epoch 20 | val_acc=0.8083 (best) | loss=0.4984
11:48:34 INFO src.train :: epoch 21 | val_acc=0.8100 (best) | loss=0.4792
11:48:34 INFO src.train :: epoch 22 | val_acc=0.8125 (best) | loss=0.4607
11:48:34 INFO src.train :: epoch 23 | val_acc=0.8149 (best) | loss=0.4436
11:48:35 INFO src.train :: epoch 24 | val_acc=0.8159 (best) | loss=0.4284
11:48:35 INFO src.train :: epoch 25 | val_acc=0.8183 (best) | loss=0.4157
11:48:35 INFO src.train :: epoch 26 | val_acc=0.8205 (best) | loss=0.4024
11:48:35 INFO src.train :: epoch 27 | val_acc=0.8226 (best) | loss=0.3906
11:48:35 INFO src.train :: epoch 28 | val_acc=0.8251 (best) | loss=0.3774
11:48:36 INFO src.train :: epoch 29 | val_acc=0.8280 (best) | loss=0.3679
11:48:36 INFO src.train :: epoch 30 | val_acc=0.8305 (best) | loss=0.3557
11:48:36 INFO src.train :: epoch 31 | val_acc=0.8331 (best) | loss=0.3479
11:48:36 INFO src.train :: epoch 32 | val_acc=0.8352 (best) | loss=0.3382
11:48:36 INFO src.train :: epoch 33 | val_acc=0.8362 (best) | loss=0.3289
11:48:37 INFO src.train :: epoch 34 | val_acc=0.8382 (best) | loss=0.3205
11:48:37 INFO src.train :: epoch 35 | val_acc=0.8392 (best) | loss=0.3127
11:48:37 INFO src.train :: epoch 36 | val_acc=0.8406 (best) | loss=0.3053
11:48:37 INFO src.train :: epoch 37 | val_acc=0.8421 (best) | loss=0.2970
11:48:37 INFO src.train :: epoch 38 | val_acc=0.8437 (best) | loss=0.2911
11:48:38 INFO src.train :: epoch 39 | val_acc=0.8456 (best) | loss=0.2837
11:48:38 INFO src.train :: epoch 40 | val_acc=0.8475 (best) | loss=0.2770
11:48:38 INFO src.train :: epoch 41 | val_acc=0.8481 (best) | loss=0.2702
11:48:38 INFO src.train :: epoch 42 | val_acc=0.8488 (best) | loss=0.2635
11:48:38 INFO src.train :: epoch 43 | val_acc=0.8500 (best) | loss=0.2581
11:48:39 INFO src.train :: epoch 44 | val_acc=0.8507 (best) | loss=0.2518
11:48:39 INFO src.train :: epoch 45 | val_acc=0.8510 (best) | loss=0.2465
11:48:39 INFO src.train :: epoch 46 | val_acc=0.8514 (best) | loss=0.2397
11:48:39 INFO src.train :: epoch 47 | val_acc=0.8521 (best) | loss=0.2342
11:48:39 INFO src.train :: epoch 48 | val_acc=0.8524 (best) | loss=0.2300
11:48:40 INFO src.train :: epoch 49 | val_acc=0.8537 (best) | loss=0.2247
11:48:40 INFO src.train :: epoch 50 | val_acc=0.8538 (best) | loss=0.2203
11:48:40 INFO src.train :: epoch 51 | val_acc=0.8541 (best) | loss=0.2136
11:48:40 INFO src.train :: epoch 52 | val_acc=0.8548 (best) | loss=0.2091
11:48:40 INFO src.train :: epoch 53 | val_acc=0.8556 (best) | loss=0.2044
11:48:41 INFO src.train :: epoch 54 | val_acc=0.8559 (best) | loss=0.1998
11:48:41 INFO src.train :: epoch 55 | val_acc=0.8562 (best) | loss=0.1946
11:48:41 INFO src.train :: epoch 58 | val_acc=0.8567 (best) | loss=0.1816
11:48:42 INFO src.train :: epoch 59 | val_acc=0.8573 (best) | loss=0.1771
11:48:42 INFO src.train :: epoch 60 | val_acc=0.8574 (best) | loss=0.1732
11:48:42 INFO src.train :: epoch 61 | val_acc=0.8577 (best) | loss=0.1694
11:48:42 INFO src.train :: epoch 62 | val_acc=0.8581 (best) | loss=0.1647
11:48:43 INFO src.train :: epoch 63 | val_acc=0.8584 (best) | loss=0.1621
11:48:43 INFO src.train :: epoch 64 | val_acc=0.8590 (best) | loss=0.1573
11:48:46 INFO src.train :: epoch 79 | val_acc=0.8594 (best) | loss=0.1179
11:48:46 INFO src.train :: epoch 80 | val_acc=0.8597 (best) | loss=0.1150
11:48:50 INFO src.train :: Early stop at epoch 100 (no improvement for 20 epochs)
11:48:50 INFO __main__ :: Seed 0 done: test_acc=0.8606 | wrote h1_tfidf_MLP_seed0.json
11:48:50 INFO src.eval.harness :: seed=0 -> {'val_metric': 0.8597, 'test_accuracy': 0.8606, 'test_f1_macro': 0.3472, 'test_f1_weighted': 0.852, 'runtime_seconds': 19.82}
11:48:50 INFO src.train :: train_model: encoder=tfidf model=MLP seed=1 device=auto
11:48:50 INFO src.train :: epoch 1 | val_acc=0.0416 (best) | loss=3.8502
11:48:51 INFO src.train :: epoch 2 | val_acc=0.0430 (best) | loss=3.8447
11:48:51 INFO src.train :: epoch 3 | val_acc=0.0506 (best) | loss=3.4654
11:48:51 INFO src.train :: epoch 4 | val_acc=0.1018 (best) | loss=2.8625
11:48:51 INFO src.train :: epoch 5 | val_acc=0.1515 (best) | loss=2.3260
11:48:51 INFO src.train :: epoch 6 | val_acc=0.2285 (best) | loss=1.9526
11:48:52 INFO src.train :: epoch 7 | val_acc=0.3412 (best) | loss=1.6771
11:48:52 INFO src.train :: epoch 8 | val_acc=0.5153 (best) | loss=1.4519
11:48:52 INFO src.train :: epoch 9 | val_acc=0.6369 (best) | loss=1.2630
/home/infres/abertrand-24/miniconda3/envs/env_gnn/lib/python3.11/site-packages/torch/optim/lr_scheduler.py:232: UserWarning: The epoch parameter in `scheduler.step()` was not necessary and is being deprecated where possible. Please use `scheduler.step()` to step the scheduler. During the deprecation, if epoch is different from None, the closed form is used instead of the new chainable form, where available. Please open an issue if you are unable to replicate your use case: https://github.com/pytorch/pytorch/issues/new/choose.
  warnings.warn(EPOCH_DEPRECATION_WARNING, UserWarning)
11:48:52 INFO src.train :: epoch 10 | val_acc=0.7173 (best) | loss=1.1038
11:48:52 INFO src.train :: epoch 11 | val_acc=0.7644 (best) | loss=0.9653
11:48:53 INFO src.train :: epoch 12 | val_acc=0.7852 (best) | loss=0.8552
11:48:53 INFO src.train :: epoch 13 | val_acc=0.7981 (best) | loss=0.7680
11:48:53 INFO src.train :: epoch 14 | val_acc=0.8045 (best) | loss=0.7007
11:48:53 INFO src.train :: epoch 15 | val_acc=0.8099 (best) | loss=0.6472
11:48:53 INFO src.train :: epoch 16 | val_acc=0.8129 (best) | loss=0.6059
11:48:54 INFO src.train :: epoch 17 | val_acc=0.8145 (best) | loss=0.5703
11:48:54 INFO src.train :: epoch 18 | val_acc=0.8149 (best) | loss=0.5392
11:48:54 INFO src.train :: epoch 19 | val_acc=0.8159 (best) | loss=0.5141
11:48:54 INFO src.train :: epoch 20 | val_acc=0.8178 (best) | loss=0.4913
11:48:54 INFO src.train :: epoch 21 | val_acc=0.8195 (best) | loss=0.4705
11:48:55 INFO src.train :: epoch 22 | val_acc=0.8214 (best) | loss=0.4546
11:48:55 INFO src.train :: epoch 23 | val_acc=0.8223 (best) | loss=0.4380
11:48:55 INFO src.train :: epoch 24 | val_acc=0.8238 (best) | loss=0.4222
11:48:55 INFO src.train :: epoch 25 | val_acc=0.8254 (best) | loss=0.4094
11:48:55 INFO src.train :: epoch 26 | val_acc=0.8274 (best) | loss=0.3966
11:48:56 INFO src.train :: epoch 27 | val_acc=0.8292 (best) | loss=0.3846
11:48:56 INFO src.train :: epoch 28 | val_acc=0.8309 (best) | loss=0.3725
11:48:56 INFO src.train :: epoch 29 | val_acc=0.8334 (best) | loss=0.3623
11:48:56 INFO src.train :: epoch 30 | val_acc=0.8350 (best) | loss=0.3505
11:48:56 INFO src.train :: epoch 31 | val_acc=0.8366 (best) | loss=0.3415
11:48:57 INFO src.train :: epoch 32 | val_acc=0.8387 (best) | loss=0.3318
11:48:57 INFO src.train :: epoch 33 | val_acc=0.8399 (best) | loss=0.3219
11:48:57 INFO src.train :: epoch 34 | val_acc=0.8417 (best) | loss=0.3146
11:48:57 INFO src.train :: epoch 35 | val_acc=0.8427 (best) | loss=0.3062
11:48:57 INFO src.train :: epoch 36 | val_acc=0.8435 (best) | loss=0.2985
11:48:58 INFO src.train :: epoch 37 | val_acc=0.8451 (best) | loss=0.2912
11:48:58 INFO src.train :: epoch 38 | val_acc=0.8464 (best) | loss=0.2841
11:48:58 INFO src.train :: epoch 39 | val_acc=0.8469 (best) | loss=0.2774
11:48:58 INFO src.train :: epoch 40 | val_acc=0.8491 (best) | loss=0.2707
11:48:59 INFO src.train :: epoch 41 | val_acc=0.8494 (best) | loss=0.2648
11:48:59 INFO src.train :: epoch 42 | val_acc=0.8499 (best) | loss=0.2589
11:48:59 INFO src.train :: epoch 43 | val_acc=0.8506 (best) | loss=0.2531
11:48:59 INFO src.train :: epoch 44 | val_acc=0.8524 (best) | loss=0.2460
11:48:59 INFO src.train :: epoch 45 | val_acc=0.8533 (best) | loss=0.2403
11:49:00 INFO src.train :: epoch 46 | val_acc=0.8536 (best) | loss=0.2360
11:49:00 INFO src.train :: epoch 47 | val_acc=0.8543 (best) | loss=0.2302
11:49:00 INFO src.train :: epoch 48 | val_acc=0.8545 (best) | loss=0.2242
11:49:00 INFO src.train :: epoch 49 | val_acc=0.8552 (best) | loss=0.2209
11:49:01 INFO src.train :: epoch 51 | val_acc=0.8556 (best) | loss=0.2113
11:49:01 INFO src.train :: epoch 52 | val_acc=0.8557 (best) | loss=0.2059
11:49:01 INFO src.train :: epoch 53 | val_acc=0.8561 (best) | loss=0.1992
11:49:01 INFO src.train :: epoch 54 | val_acc=0.8568 (best) | loss=0.1960
11:49:02 INFO src.train :: epoch 58 | val_acc=0.8570 (best) | loss=0.1795
11:49:02 INFO src.train :: epoch 60 | val_acc=0.8571 (best) | loss=0.1711
11:49:03 INFO src.train :: epoch 61 | val_acc=0.8575 (best) | loss=0.1678
11:49:03 INFO src.train :: epoch 62 | val_acc=0.8576 (best) | loss=0.1646
11:49:03 INFO src.train :: epoch 63 | val_acc=0.8577 (best) | loss=0.1600
11:49:03 INFO src.train :: epoch 64 | val_acc=0.8582 (best) | loss=0.1560
11:49:03 INFO src.train :: epoch 65 | val_acc=0.8583 (best) | loss=0.1532
11:49:04 INFO src.train :: epoch 67 | val_acc=0.8588 (best) | loss=0.1482
11:49:04 INFO src.train :: epoch 68 | val_acc=0.8589 (best) | loss=0.1430
11:49:04 INFO src.train :: epoch 69 | val_acc=0.8590 (best) | loss=0.1416
11:49:05 INFO src.train :: epoch 72 | val_acc=0.8593 (best) | loss=0.1333
11:49:09 INFO src.train :: Early stop at epoch 92 (no improvement for 20 epochs)
11:49:09 INFO __main__ :: Seed 1 done: test_acc=0.8588 | wrote h1_tfidf_MLP_seed1.json
11:49:09 INFO src.eval.harness :: seed=1 -> {'val_metric': 0.8593, 'test_accuracy': 0.8588, 'test_f1_macro': 0.3511, 'test_f1_weighted': 0.8507, 'runtime_seconds': 18.39}
11:49:09 INFO src.train :: train_model: encoder=tfidf model=MLP seed=2 device=auto
11:49:09 INFO src.train :: epoch 1 | val_acc=0.0487 (best) | loss=3.8593
11:49:10 INFO src.train :: epoch 2 | val_acc=0.0529 (best) | loss=3.8559
11:49:10 INFO src.train :: epoch 3 | val_acc=0.0662 (best) | loss=3.4800
11:49:10 INFO src.train :: epoch 4 | val_acc=0.2237 (best) | loss=2.8827
11:49:10 INFO src.train :: epoch 5 | val_acc=0.3598 (best) | loss=2.3492
11:49:10 INFO src.train :: epoch 6 | val_acc=0.4383 (best) | loss=1.9760
11:49:11 INFO src.train :: epoch 7 | val_acc=0.4894 (best) | loss=1.6974
11:49:11 INFO src.train :: epoch 8 | val_acc=0.5407 (best) | loss=1.4725
11:49:11 INFO src.train :: epoch 9 | val_acc=0.6010 (best) | loss=1.2794
/home/infres/abertrand-24/miniconda3/envs/env_gnn/lib/python3.11/site-packages/torch/optim/lr_scheduler.py:232: UserWarning: The epoch parameter in `scheduler.step()` was not necessary and is being deprecated where possible. Please use `scheduler.step()` to step the scheduler. During the deprecation, if epoch is different from None, the closed form is used instead of the new chainable form, where available. Please open an issue if you are unable to replicate your use case: https://github.com/pytorch/pytorch/issues/new/choose.
  warnings.warn(EPOCH_DEPRECATION_WARNING, UserWarning)
11:49:11 INFO src.train :: epoch 10 | val_acc=0.6668 (best) | loss=1.1167
11:49:11 INFO src.train :: epoch 11 | val_acc=0.7152 (best) | loss=0.9772
11:49:12 INFO src.train :: epoch 12 | val_acc=0.7429 (best) | loss=0.8629
11:49:12 INFO src.train :: epoch 13 | val_acc=0.7606 (best) | loss=0.7766
11:49:12 INFO src.train :: epoch 14 | val_acc=0.7720 (best) | loss=0.7082
11:49:12 INFO src.train :: epoch 15 | val_acc=0.7815 (best) | loss=0.6554
11:49:12 INFO src.train :: epoch 16 | val_acc=0.7870 (best) | loss=0.6120
11:49:13 INFO src.train :: epoch 17 | val_acc=0.7917 (best) | loss=0.5764
11:49:13 INFO src.train :: epoch 18 | val_acc=0.7959 (best) | loss=0.5458
11:49:13 INFO src.train :: epoch 19 | val_acc=0.7975 (best) | loss=0.5202
11:49:13 INFO src.train :: epoch 20 | val_acc=0.7993 (best) | loss=0.4987
11:49:13 INFO src.train :: epoch 21 | val_acc=0.8012 (best) | loss=0.4781
11:49:14 INFO src.train :: epoch 22 | val_acc=0.8029 (best) | loss=0.4619
11:49:14 INFO src.train :: epoch 23 | val_acc=0.8054 (best) | loss=0.4440
11:49:14 INFO src.train :: epoch 24 | val_acc=0.8079 (best) | loss=0.4296
11:49:14 INFO src.train :: epoch 25 | val_acc=0.8103 (best) | loss=0.4184
11:49:14 INFO src.train :: epoch 26 | val_acc=0.8134 (best) | loss=0.4041
11:49:15 INFO src.train :: epoch 27 | val_acc=0.8159 (best) | loss=0.3919
11:49:15 INFO src.train :: epoch 28 | val_acc=0.8190 (best) | loss=0.3818
11:49:15 INFO src.train :: epoch 29 | val_acc=0.8228 (best) | loss=0.3706
11:49:15 INFO src.train :: epoch 30 | val_acc=0.8256 (best) | loss=0.3608
11:49:15 INFO src.train :: epoch 31 | val_acc=0.8289 (best) | loss=0.3513
11:49:16 INFO src.train :: epoch 32 | val_acc=0.8313 (best) | loss=0.3423
11:49:16 INFO src.train :: epoch 33 | val_acc=0.8350 (best) | loss=0.3320
11:49:16 INFO src.train :: epoch 34 | val_acc=0.8363 (best) | loss=0.3248
11:49:16 INFO src.train :: epoch 35 | val_acc=0.8384 (best) | loss=0.3150
11:49:16 INFO src.train :: epoch 36 | val_acc=0.8398 (best) | loss=0.3091
11:49:17 INFO src.train :: epoch 37 | val_acc=0.8416 (best) | loss=0.3020
11:49:17 INFO src.train :: epoch 38 | val_acc=0.8434 (best) | loss=0.2939
11:49:17 INFO src.train :: epoch 39 | val_acc=0.8457 (best) | loss=0.2874
11:49:17 INFO src.train :: epoch 40 | val_acc=0.8465 (best) | loss=0.2812
11:49:17 INFO src.train :: epoch 41 | val_acc=0.8479 (best) | loss=0.2744
11:49:18 INFO src.train :: epoch 42 | val_acc=0.8491 (best) | loss=0.2688
11:49:18 INFO src.train :: epoch 43 | val_acc=0.8504 (best) | loss=0.2613
11:49:18 INFO src.train :: epoch 44 | val_acc=0.8516 (best) | loss=0.2555
11:49:18 INFO src.train :: epoch 45 | val_acc=0.8532 (best) | loss=0.2502
11:49:19 INFO src.train :: epoch 46 | val_acc=0.8543 (best) | loss=0.2441
11:49:19 INFO src.train :: epoch 47 | val_acc=0.8551 (best) | loss=0.2388
11:49:19 INFO src.train :: epoch 48 | val_acc=0.8553 (best) | loss=0.2323
11:49:19 INFO src.train :: epoch 49 | val_acc=0.8555 (best) | loss=0.2267
11:49:19 INFO src.train :: epoch 50 | val_acc=0.8562 (best) | loss=0.2224
11:49:20 INFO src.train :: epoch 51 | val_acc=0.8567 (best) | loss=0.2163
11:49:20 INFO src.train :: epoch 52 | val_acc=0.8574 (best) | loss=0.2122
11:49:20 INFO src.train :: epoch 53 | val_acc=0.8580 (best) | loss=0.2078
11:49:20 INFO src.train :: epoch 54 | val_acc=0.8583 (best) | loss=0.2023
11:49:20 INFO src.train :: epoch 55 | val_acc=0.8593 (best) | loss=0.1969
11:49:21 INFO src.train :: epoch 56 | val_acc=0.8596 (best) | loss=0.1941
11:49:21 INFO src.train :: epoch 57 | val_acc=0.8602 (best) | loss=0.1874
11:49:21 INFO src.train :: epoch 58 | val_acc=0.8605 (best) | loss=0.1841
11:49:21 INFO src.train :: epoch 60 | val_acc=0.8606 (best) | loss=0.1751
11:49:25 INFO src.train :: Early stop at epoch 80 (no improvement for 20 epochs)
11:49:25 INFO __main__ :: Seed 2 done: test_acc=0.8584 | wrote h1_tfidf_MLP_seed2.json
11:49:25 INFO src.eval.harness :: seed=2 -> {'val_metric': 0.8606, 'test_accuracy': 0.8584, 'test_f1_macro': 0.3469, 'test_f1_weighted': 0.8488, 'runtime_seconds': 15.98}
11:49:25 INFO src.train :: train_model: encoder=tfidf model=MLP seed=3 device=auto
11:49:26 INFO src.train :: epoch 1 | val_acc=0.0207 (best) | loss=3.8400
11:49:26 INFO src.train :: epoch 2 | val_acc=0.0243 (best) | loss=3.8391
11:49:26 INFO src.train :: epoch 3 | val_acc=0.0286 (best) | loss=3.4406
11:49:27 INFO src.train :: epoch 4 | val_acc=0.0639 (best) | loss=2.8094
11:49:27 INFO src.train :: epoch 5 | val_acc=0.1974 (best) | loss=2.2688
11:49:27 INFO src.train :: epoch 6 | val_acc=0.3691 (best) | loss=1.9103
11:49:27 INFO src.train :: epoch 7 | val_acc=0.5047 (best) | loss=1.6511
11:49:27 INFO src.train :: epoch 8 | val_acc=0.6307 (best) | loss=1.4373
11:49:28 INFO src.train :: epoch 9 | val_acc=0.7117 (best) | loss=1.2585
/home/infres/abertrand-24/miniconda3/envs/env_gnn/lib/python3.11/site-packages/torch/optim/lr_scheduler.py:232: UserWarning: The epoch parameter in `scheduler.step()` was not necessary and is being deprecated where possible. Please use `scheduler.step()` to step the scheduler. During the deprecation, if epoch is different from None, the closed form is used instead of the new chainable form, where available. Please open an issue if you are unable to replicate your use case: https://github.com/pytorch/pytorch/issues/new/choose.
  warnings.warn(EPOCH_DEPRECATION_WARNING, UserWarning)
11:49:28 INFO src.train :: epoch 10 | val_acc=0.7550 (best) | loss=1.1016
11:49:28 INFO src.train :: epoch 11 | val_acc=0.7785 (best) | loss=0.9721
11:49:28 INFO src.train :: epoch 12 | val_acc=0.7906 (best) | loss=0.8604
11:49:28 INFO src.train :: epoch 13 | val_acc=0.7982 (best) | loss=0.7762
11:49:29 INFO src.train :: epoch 14 | val_acc=0.8022 (best) | loss=0.7102
11:49:29 INFO src.train :: epoch 15 | val_acc=0.8049 (best) | loss=0.6546
11:49:29 INFO src.train :: epoch 16 | val_acc=0.8069 (best) | loss=0.6112
11:49:29 INFO src.train :: epoch 17 | val_acc=0.8090 (best) | loss=0.5737
11:49:29 INFO src.train :: epoch 18 | val_acc=0.8093 (best) | loss=0.5443
11:49:30 INFO src.train :: epoch 19 | val_acc=0.8103 (best) | loss=0.5164
11:49:30 INFO src.train :: epoch 20 | val_acc=0.8107 (best) | loss=0.4944
11:49:30 INFO src.train :: epoch 21 | val_acc=0.8126 (best) | loss=0.4745
11:49:30 INFO src.train :: epoch 22 | val_acc=0.8142 (best) | loss=0.4583
11:49:30 INFO src.train :: epoch 23 | val_acc=0.8168 (best) | loss=0.4405
11:49:31 INFO src.train :: epoch 24 | val_acc=0.8187 (best) | loss=0.4257
11:49:31 INFO src.train :: epoch 25 | val_acc=0.8202 (best) | loss=0.4138
11:49:31 INFO src.train :: epoch 26 | val_acc=0.8218 (best) | loss=0.3994
11:49:31 INFO src.train :: epoch 27 | val_acc=0.8236 (best) | loss=0.3879
11:49:31 INFO src.train :: epoch 28 | val_acc=0.8267 (best) | loss=0.3774
11:49:32 INFO src.train :: epoch 29 | val_acc=0.8284 (best) | loss=0.3666
11:49:32 INFO src.train :: epoch 30 | val_acc=0.8302 (best) | loss=0.3558
11:49:32 INFO src.train :: epoch 31 | val_acc=0.8330 (best) | loss=0.3456
11:49:32 INFO src.train :: epoch 32 | val_acc=0.8351 (best) | loss=0.3369
11:49:32 INFO src.train :: epoch 33 | val_acc=0.8363 (best) | loss=0.3267
11:49:33 INFO src.train :: epoch 34 | val_acc=0.8394 (best) | loss=0.3199
11:49:33 INFO src.train :: epoch 35 | val_acc=0.8412 (best) | loss=0.3098
11:49:33 INFO src.train :: epoch 36 | val_acc=0.8425 (best) | loss=0.3029
11:49:33 INFO src.train :: epoch 37 | val_acc=0.8442 (best) | loss=0.2971
11:49:33 INFO src.train :: epoch 38 | val_acc=0.8454 (best) | loss=0.2893
11:49:34 INFO src.train :: epoch 39 | val_acc=0.8462 (best) | loss=0.2808
11:49:34 INFO src.train :: epoch 40 | val_acc=0.8471 (best) | loss=0.2758
11:49:34 INFO src.train :: epoch 41 | val_acc=0.8479 (best) | loss=0.2688
11:49:34 INFO src.train :: epoch 42 | val_acc=0.8484 (best) | loss=0.2633
11:49:34 INFO src.train :: epoch 43 | val_acc=0.8500 (best) | loss=0.2582
11:49:35 INFO src.train :: epoch 44 | val_acc=0.8507 (best) | loss=0.2516
11:49:35 INFO src.train :: epoch 45 | val_acc=0.8518 (best) | loss=0.2455
11:49:35 INFO src.train :: epoch 46 | val_acc=0.8533 (best) | loss=0.2399
11:49:35 INFO src.train :: epoch 48 | val_acc=0.8540 (best) | loss=0.2286
11:49:36 INFO src.train :: epoch 49 | val_acc=0.8542 (best) | loss=0.2249
11:49:36 INFO src.train :: epoch 50 | val_acc=0.8543 (best) | loss=0.2185
11:49:36 INFO src.train :: epoch 51 | val_acc=0.8543 (best) | loss=0.2141
11:49:36 INFO src.train :: epoch 53 | val_acc=0.8550 (best) | loss=0.2046
11:49:37 INFO src.train :: epoch 54 | val_acc=0.8558 (best) | loss=0.2007
11:49:37 INFO src.train :: epoch 55 | val_acc=0.8566 (best) | loss=0.1955
11:49:37 INFO src.train :: epoch 56 | val_acc=0.8575 (best) | loss=0.1919
11:49:37 INFO src.train :: epoch 57 | val_acc=0.8583 (best) | loss=0.1860
11:49:37 INFO src.train :: epoch 58 | val_acc=0.8588 (best) | loss=0.1823
11:49:38 INFO src.train :: epoch 59 | val_acc=0.8591 (best) | loss=0.1777
11:49:38 INFO src.train :: epoch 60 | val_acc=0.8592 (best) | loss=0.1743
11:49:38 INFO src.train :: epoch 62 | val_acc=0.8593 (best) | loss=0.1665
11:49:39 INFO src.train :: epoch 64 | val_acc=0.8594 (best) | loss=0.1592
11:49:39 INFO src.train :: epoch 65 | val_acc=0.8596 (best) | loss=0.1553
11:49:40 INFO src.train :: epoch 72 | val_acc=0.8597 (best) | loss=0.1358
11:49:42 INFO src.train :: epoch 83 | val_acc=0.8599 (best) | loss=0.1109
11:49:46 INFO src.train :: Early stop at epoch 103 (no improvement for 20 epochs)
11:49:46 INFO __main__ :: Seed 3 done: test_acc=0.8588 | wrote h1_tfidf_MLP_seed3.json
11:49:46 INFO src.eval.harness :: seed=3 -> {'val_metric': 0.8599, 'test_accuracy': 0.8588, 'test_f1_macro': 0.3512, 'test_f1_weighted': 0.8503, 'runtime_seconds': 20.45}
11:49:46 INFO src.train :: train_model: encoder=tfidf model=MLP seed=4 device=auto
11:49:47 INFO src.train :: epoch 1 | val_acc=0.0052 (best) | loss=3.8215
11:49:47 INFO src.train :: epoch 2 | val_acc=0.1204 (best) | loss=3.8166
11:49:47 INFO src.train :: epoch 3 | val_acc=0.4260 (best) | loss=3.4353
11:49:48 INFO src.train :: epoch 4 | val_acc=0.5201 (best) | loss=2.8190
11:49:48 INFO src.train :: epoch 5 | val_acc=0.5724 (best) | loss=2.2759
11:49:48 INFO src.train :: epoch 6 | val_acc=0.6018 (best) | loss=1.9083
11:49:48 INFO src.train :: epoch 7 | val_acc=0.6231 (best) | loss=1.6443
11:49:48 INFO src.train :: epoch 8 | val_acc=0.6475 (best) | loss=1.4288
11:49:49 INFO src.train :: epoch 9 | val_acc=0.6836 (best) | loss=1.2513
/home/infres/abertrand-24/miniconda3/envs/env_gnn/lib/python3.11/site-packages/torch/optim/lr_scheduler.py:232: UserWarning: The epoch parameter in `scheduler.step()` was not necessary and is being deprecated where possible. Please use `scheduler.step()` to step the scheduler. During the deprecation, if epoch is different from None, the closed form is used instead of the new chainable form, where available. Please open an issue if you are unable to replicate your use case: https://github.com/pytorch/pytorch/issues/new/choose.
  warnings.warn(EPOCH_DEPRECATION_WARNING, UserWarning)
11:49:49 INFO src.train :: epoch 10 | val_acc=0.7208 (best) | loss=1.0994
11:49:49 INFO src.train :: epoch 11 | val_acc=0.7505 (best) | loss=0.9713
11:49:49 INFO src.train :: epoch 12 | val_acc=0.7671 (best) | loss=0.8608
11:49:49 INFO src.train :: epoch 13 | val_acc=0.7798 (best) | loss=0.7754
11:49:50 INFO src.train :: epoch 14 | val_acc=0.7874 (best) | loss=0.7083
11:49:50 INFO src.train :: epoch 15 | val_acc=0.7918 (best) | loss=0.6554
11:49:50 INFO src.train :: epoch 16 | val_acc=0.7945 (best) | loss=0.6120
11:49:50 INFO src.train :: epoch 17 | val_acc=0.7955 (best) | loss=0.5755
11:49:50 INFO src.train :: epoch 18 | val_acc=0.7964 (best) | loss=0.5453
11:49:51 INFO src.train :: epoch 19 | val_acc=0.7970 (best) | loss=0.5193
11:49:51 INFO src.train :: epoch 20 | val_acc=0.7985 (best) | loss=0.4970
11:49:51 INFO src.train :: epoch 21 | val_acc=0.7999 (best) | loss=0.4785
11:49:51 INFO src.train :: epoch 22 | val_acc=0.8024 (best) | loss=0.4599
11:49:51 INFO src.train :: epoch 23 | val_acc=0.8052 (best) | loss=0.4440
11:49:52 INFO src.train :: epoch 24 | val_acc=0.8082 (best) | loss=0.4290
11:49:52 INFO src.train :: epoch 25 | val_acc=0.8117 (best) | loss=0.4141
11:49:52 INFO src.train :: epoch 26 | val_acc=0.8158 (best) | loss=0.4018
11:49:52 INFO src.train :: epoch 27 | val_acc=0.8193 (best) | loss=0.3909
11:49:52 INFO src.train :: epoch 28 | val_acc=0.8220 (best) | loss=0.3788
11:49:53 INFO src.train :: epoch 29 | val_acc=0.8244 (best) | loss=0.3679
11:49:53 INFO src.train :: epoch 30 | val_acc=0.8277 (best) | loss=0.3567
11:49:53 INFO src.train :: epoch 31 | val_acc=0.8306 (best) | loss=0.3473
11:49:53 INFO src.train :: epoch 32 | val_acc=0.8332 (best) | loss=0.3385
11:49:53 INFO src.train :: epoch 33 | val_acc=0.8347 (best) | loss=0.3286
11:49:54 INFO src.train :: epoch 34 | val_acc=0.8373 (best) | loss=0.3214
11:49:54 INFO src.train :: epoch 35 | val_acc=0.8386 (best) | loss=0.3128
11:49:54 INFO src.train :: epoch 36 | val_acc=0.8400 (best) | loss=0.3059
11:49:54 INFO src.train :: epoch 37 | val_acc=0.8421 (best) | loss=0.2990
11:49:54 INFO src.train :: epoch 38 | val_acc=0.8440 (best) | loss=0.2906
11:49:55 INFO src.train :: epoch 39 | val_acc=0.8460 (best) | loss=0.2853
11:49:55 INFO src.train :: epoch 40 | val_acc=0.8479 (best) | loss=0.2754
11:49:55 INFO src.train :: epoch 41 | val_acc=0.8487 (best) | loss=0.2696
11:49:55 INFO src.train :: epoch 42 | val_acc=0.8508 (best) | loss=0.2634
11:49:56 INFO src.train :: epoch 43 | val_acc=0.8518 (best) | loss=0.2588
11:49:56 INFO src.train :: epoch 44 | val_acc=0.8526 (best) | loss=0.2515
11:49:56 INFO src.train :: epoch 45 | val_acc=0.8537 (best) | loss=0.2466
11:49:56 INFO src.train :: epoch 47 | val_acc=0.8538 (best) | loss=0.2353
11:49:57 INFO src.train :: epoch 48 | val_acc=0.8553 (best) | loss=0.2297
11:49:57 INFO src.train :: epoch 49 | val_acc=0.8557 (best) | loss=0.2247
11:49:57 INFO src.train :: epoch 53 | val_acc=0.8562 (best) | loss=0.2059
11:49:58 INFO src.train :: epoch 54 | val_acc=0.8564 (best) | loss=0.2021
11:49:58 INFO src.train :: epoch 55 | val_acc=0.8565 (best) | loss=0.1954
11:49:58 INFO src.train :: epoch 56 | val_acc=0.8571 (best) | loss=0.1917
11:49:58 INFO src.train :: epoch 57 | val_acc=0.8574 (best) | loss=0.1878
11:49:59 INFO src.train :: epoch 58 | val_acc=0.8576 (best) | loss=0.1824
11:49:59 INFO src.train :: epoch 59 | val_acc=0.8580 (best) | loss=0.1781
11:49:59 INFO src.train :: epoch 60 | val_acc=0.8582 (best) | loss=0.1748
11:49:59 INFO src.train :: epoch 61 | val_acc=0.8586 (best) | loss=0.1705
11:50:03 INFO src.train :: Early stop at epoch 81 (no improvement for 20 epochs)
11:50:03 INFO __main__ :: Seed 4 done: test_acc=0.8583 | wrote h1_tfidf_MLP_seed4.json
11:50:03 INFO src.eval.harness :: seed=4 -> {'val_metric': 0.8586, 'test_accuracy': 0.8583, 'test_f1_macro': 0.3402, 'test_f1_weighted': 0.8485, 'runtime_seconds': 16.18}
11:50:03 INFO __main__ :: MLP sweep complete: mean_acc=0.8590 ± 0.0009  CI95=[0.8582, 0.8598]
11:50:04 INFO __main__ :: ============================================================
11:50:04 INFO __main__ :: Model: LogReg | hparam trials: 20 | seed runs: 5
11:50:04 INFO __main__ :: ============================================================
11:50:04 INFO __main__ :: Step 1: Hyperparameter search …
11:50:04 INFO src.train :: Hyperparameter search: model=LogReg encoder=tfidf n_trials=20
11:50:04 INFO src.train :: Trial 1/20 [random] | params={'C': 100.0}
11:50:04 INFO src.train :: train_model: encoder=tfidf model=LogReg seed=0 device=auto
11:50:04 INFO src.train :: Fitting LogReg (C=100) on 44438 training nodes …
/home/infres/abertrand-24/miniconda3/envs/env_gnn/lib/python3.11/site-packages/sklearn/linear_model/_logistic.py:1184: FutureWarning: 'n_jobs' has no effect since 1.8 and will be removed in 1.10. You provided 'n_jobs=-1', please leave it unspecified.
  warnings.warn(msg, category=FutureWarning)
11:59:22 INFO src.train ::   → new best val_acc=0.8420 with params={'C': 100.0}
11:59:23 INFO src.train :: Trial 2/20 [random] | params={'C': 10.0}
11:59:23 INFO src.train :: train_model: encoder=tfidf model=LogReg seed=1 device=auto
11:59:23 INFO src.train :: Fitting LogReg (C=10) on 44438 training nodes …
/home/infres/abertrand-24/miniconda3/envs/env_gnn/lib/python3.11/site-packages/sklearn/linear_model/_logistic.py:1184: FutureWarning: 'n_jobs' has no effect since 1.8 and will be removed in 1.10. You provided 'n_jobs=-1', please leave it unspecified.
  warnings.warn(msg, category=FutureWarning)
12:07:30 INFO src.train ::   → new best val_acc=0.8543 with params={'C': 10.0}
12:07:30 INFO src.train :: Trial 3/20 [random] | params={'C': 1.0}
12:07:30 INFO src.train :: train_model: encoder=tfidf model=LogReg seed=2 device=auto
12:07:30 INFO src.train :: Fitting LogReg (C=1) on 44438 training nodes …
/home/infres/abertrand-24/miniconda3/envs/env_gnn/lib/python3.11/site-packages/sklearn/linear_model/_logistic.py:1184: FutureWarning: 'n_jobs' has no effect since 1.8 and will be removed in 1.10. You provided 'n_jobs=-1', please leave it unspecified.
  warnings.warn(msg, category=FutureWarning)
12:13:38 INFO src.train :: Trial 4/20 [random] | params={'C': 0.1}
12:13:38 INFO src.train :: train_model: encoder=tfidf model=LogReg seed=3 device=auto
12:13:38 INFO src.train :: Fitting LogReg (C=0.1) on 44438 training nodes …
/home/infres/abertrand-24/miniconda3/envs/env_gnn/lib/python3.11/site-packages/sklearn/linear_model/_logistic.py:1184: FutureWarning: 'n_jobs' has no effect since 1.8 and will be removed in 1.10. You provided 'n_jobs=-1', please leave it unspecified.
  warnings.warn(msg, category=FutureWarning)
12:17:39 INFO src.train :: Trial 5/20 [random] | params={'C': 0.1}
12:17:39 INFO src.train :: train_model: encoder=tfidf model=LogReg seed=4 device=auto
12:17:39 INFO src.train :: Fitting LogReg (C=0.1) on 44438 training nodes …
/home/infres/abertrand-24/miniconda3/envs/env_gnn/lib/python3.11/site-packages/sklearn/linear_model/_logistic.py:1184: FutureWarning: 'n_jobs' has no effect since 1.8 and will be removed in 1.10. You provided 'n_jobs=-1', please leave it unspecified.
  warnings.warn(msg, category=FutureWarning)
12:21:40 INFO src.train :: Trial 6/20 [random] | params={'C': 0.01}
12:21:40 INFO src.train :: train_model: encoder=tfidf model=LogReg seed=5 device=auto
12:21:40 INFO src.train :: Fitting LogReg (C=0.01) on 44438 training nodes …
/home/infres/abertrand-24/miniconda3/envs/env_gnn/lib/python3.11/site-packages/sklearn/linear_model/_logistic.py:1184: FutureWarning: 'n_jobs' has no effect since 1.8 and will be removed in 1.10. You provided 'n_jobs=-1', please leave it unspecified.
  warnings.warn(msg, category=FutureWarning)
12:24:22 INFO src.train :: Trial 7/20 [random] | params={'C': 0.01}
12:24:22 INFO src.train :: train_model: encoder=tfidf model=LogReg seed=6 device=auto
12:24:22 INFO src.train :: Fitting LogReg (C=0.01) on 44438 training nodes …
/home/infres/abertrand-24/miniconda3/envs/env_gnn/lib/python3.11/site-packages/sklearn/linear_model/_logistic.py:1184: FutureWarning: 'n_jobs' has no effect since 1.8 and will be removed in 1.10. You provided 'n_jobs=-1', please leave it unspecified.
  warnings.warn(msg, category=FutureWarning)
12:27:02 INFO src.train :: Trial 8/20 [random] | params={'C': 0.01}
12:27:02 INFO src.train :: train_model: encoder=tfidf model=LogReg seed=7 device=auto
12:27:02 INFO src.train :: Fitting LogReg (C=0.01) on 44438 training nodes …
/home/infres/abertrand-24/miniconda3/envs/env_gnn/lib/python3.11/site-packages/sklearn/linear_model/_logistic.py:1184: FutureWarning: 'n_jobs' has no effect since 1.8 and will be removed in 1.10. You provided 'n_jobs=-1', please leave it unspecified.
  warnings.warn(msg, category=FutureWarning)
12:29:43 INFO src.train :: Trial 9/20 [random] | params={'C': 0.01}
12:29:43 INFO src.train :: train_model: encoder=tfidf model=LogReg seed=8 device=auto
12:29:43 INFO src.train :: Fitting LogReg (C=0.01) on 44438 training nodes …
/home/infres/abertrand-24/miniconda3/envs/env_gnn/lib/python3.11/site-packages/sklearn/linear_model/_logistic.py:1184: FutureWarning: 'n_jobs' has no effect since 1.8 and will be removed in 1.10. You provided 'n_jobs=-1', please leave it unspecified.
  warnings.warn(msg, category=FutureWarning)
12:32:24 INFO src.train :: Trial 10/20 [random] | params={'C': 100.0}
12:32:24 INFO src.train :: train_model: encoder=tfidf model=LogReg seed=9 device=auto
12:32:24 INFO src.train :: Fitting LogReg (C=100) on 44438 training nodes …
/home/infres/abertrand-24/miniconda3/envs/env_gnn/lib/python3.11/site-packages/sklearn/linear_model/_logistic.py:1184: FutureWarning: 'n_jobs' has no effect since 1.8 and will be removed in 1.10. You provided 'n_jobs=-1', please leave it unspecified.
  warnings.warn(msg, category=FutureWarning)
12:41:48 INFO src.train :: Trial 11/20 [random] | params={'C': 10.0}
12:41:48 INFO src.train :: train_model: encoder=tfidf model=LogReg seed=10 device=auto
12:41:48 INFO src.train :: Fitting LogReg (C=10) on 44438 training nodes …
/home/infres/abertrand-24/miniconda3/envs/env_gnn/lib/python3.11/site-packages/sklearn/linear_model/_logistic.py:1184: FutureWarning: 'n_jobs' has no effect since 1.8 and will be removed in 1.10. You provided 'n_jobs=-1', please leave it unspecified.
  warnings.warn(msg, category=FutureWarning)
12:50:01 INFO src.train :: Trial 12/20 [random] | params={'C': 100.0}
12:50:01 INFO src.train :: train_model: encoder=tfidf model=LogReg seed=11 device=auto
12:50:02 INFO src.train :: Fitting LogReg (C=100) on 44438 training nodes …
/home/infres/abertrand-24/miniconda3/envs/env_gnn/lib/python3.11/site-packages/sklearn/linear_model/_logistic.py:1184: FutureWarning: 'n_jobs' has no effect since 1.8 and will be removed in 1.10. You provided 'n_jobs=-1', please leave it unspecified.
  warnings.warn(msg, category=FutureWarning)
12:59:26 INFO src.train :: Trial 13/20 [random] | params={'C': 1.0}
12:59:26 INFO src.train :: train_model: encoder=tfidf model=LogReg seed=12 device=auto
12:59:26 INFO src.train :: Fitting LogReg (C=1) on 44438 training nodes …
/home/infres/abertrand-24/miniconda3/envs/env_gnn/lib/python3.11/site-packages/sklearn/linear_model/_logistic.py:1184: FutureWarning: 'n_jobs' has no effect since 1.8 and will be removed in 1.10. You provided 'n_jobs=-1', please leave it unspecified.
  warnings.warn(msg, category=FutureWarning)
13:05:41 INFO src.train :: Trial 14/20 [random] | params={'C': 10.0}
13:05:41 INFO src.train :: train_model: encoder=tfidf model=LogReg seed=13 device=auto
13:05:41 INFO src.train :: Fitting LogReg (C=10) on 44438 training nodes …
/home/infres/abertrand-24/miniconda3/envs/env_gnn/lib/python3.11/site-packages/sklearn/linear_model/_logistic.py:1184: FutureWarning: 'n_jobs' has no effect since 1.8 and will be removed in 1.10. You provided 'n_jobs=-1', please leave it unspecified.
  warnings.warn(msg, category=FutureWarning)
13:13:50 INFO src.train :: Trial 15/20 [random] | params={'C': 100.0}
13:13:50 INFO src.train :: train_model: encoder=tfidf model=LogReg seed=14 device=auto
13:13:51 INFO src.train :: Fitting LogReg (C=100) on 44438 training nodes …
/home/infres/abertrand-24/miniconda3/envs/env_gnn/lib/python3.11/site-packages/sklearn/linear_model/_logistic.py:1184: FutureWarning: 'n_jobs' has no effect since 1.8 and will be removed in 1.10. You provided 'n_jobs=-1', please leave it unspecified.
  warnings.warn(msg, category=FutureWarning)
13:23:26 INFO src.train :: Trial 16/20 [random] | params={'C': 10.0}
13:23:26 INFO src.train :: train_model: encoder=tfidf model=LogReg seed=15 device=auto
13:23:26 INFO src.train :: Fitting LogReg (C=10) on 44438 training nodes …
/home/infres/abertrand-24/miniconda3/envs/env_gnn/lib/python3.11/site-packages/sklearn/linear_model/_logistic.py:1184: FutureWarning: 'n_jobs' has no effect since 1.8 and will be removed in 1.10. You provided 'n_jobs=-1', please leave it unspecified.
  warnings.warn(msg, category=FutureWarning)
13:31:40 INFO src.train :: Trial 17/20 [random] | params={'C': 10.0}
13:31:40 INFO src.train :: train_model: encoder=tfidf model=LogReg seed=16 device=auto
13:31:40 INFO src.train :: Fitting LogReg (C=10) on 44438 training nodes …
/home/infres/abertrand-24/miniconda3/envs/env_gnn/lib/python3.11/site-packages/sklearn/linear_model/_logistic.py:1184: FutureWarning: 'n_jobs' has no effect since 1.8 and will be removed in 1.10. You provided 'n_jobs=-1', please leave it unspecified.
  warnings.warn(msg, category=FutureWarning)
13:40:03 INFO src.train :: Trial 18/20 [random] | params={'C': 1.0}
13:40:03 INFO src.train :: train_model: encoder=tfidf model=LogReg seed=17 device=auto
13:40:03 INFO src.train :: Fitting LogReg (C=1) on 44438 training nodes …
/home/infres/abertrand-24/miniconda3/envs/env_gnn/lib/python3.11/site-packages/sklearn/linear_model/_logistic.py:1184: FutureWarning: 'n_jobs' has no effect since 1.8 and will be removed in 1.10. You provided 'n_jobs=-1', please leave it unspecified.
  warnings.warn(msg, category=FutureWarning)
13:46:14 INFO src.train :: Trial 19/20 [random] | params={'C': 1.0}
13:46:14 INFO src.train :: train_model: encoder=tfidf model=LogReg seed=18 device=auto
13:46:14 INFO src.train :: Fitting LogReg (C=1) on 44438 training nodes …
/home/infres/abertrand-24/miniconda3/envs/env_gnn/lib/python3.11/site-packages/sklearn/linear_model/_logistic.py:1184: FutureWarning: 'n_jobs' has no effect since 1.8 and will be removed in 1.10. You provided 'n_jobs=-1', please leave it unspecified.
  warnings.warn(msg, category=FutureWarning)
13:52:27 INFO src.train :: Trial 20/20 [random] | params={'C': 100.0}
13:52:27 INFO src.train :: train_model: encoder=tfidf model=LogReg seed=19 device=auto
13:52:28 INFO src.train :: Fitting LogReg (C=100) on 44438 training nodes …
/home/infres/abertrand-24/miniconda3/envs/env_gnn/lib/python3.11/site-packages/sklearn/linear_model/_logistic.py:1184: FutureWarning: 'n_jobs' has no effect since 1.8 and will be removed in 1.10. You provided 'n_jobs=-1', please leave it unspecified.
  warnings.warn(msg, category=FutureWarning)
14:01:49 INFO src.train :: Hparam search done. best_val=0.8543 best_params={'C': 10.0}
14:01:49 INFO __main__ :: Best hparams (val_acc=0.8543): {'C': 10.0}
14:01:49 INFO __main__ :: Step 2: Seed sweep (5 runs) …
14:01:49 INFO src.train :: train_model: encoder=tfidf model=LogReg seed=0 device=auto
14:01:49 INFO src.train :: Fitting LogReg (C=10) on 44438 training nodes …
/home/infres/abertrand-24/miniconda3/envs/env_gnn/lib/python3.11/site-packages/sklearn/linear_model/_logistic.py:1184: FutureWarning: 'n_jobs' has no effect since 1.8 and will be removed in 1.10. You provided 'n_jobs=-1', please leave it unspecified.
  warnings.warn(msg, category=FutureWarning)
14:09:59 INFO __main__ :: Seed 0 done: test_acc=0.8567 | wrote h1_tfidf_LogReg_seed0.json
14:09:59 INFO src.eval.harness :: seed=0 -> {'val_metric': 0.8543, 'test_accuracy': 0.8567, 'test_f1_macro': 0.403, 'test_f1_weighted': 0.8497, 'runtime_seconds': 490.62}
14:09:59 INFO src.train :: train_model: encoder=tfidf model=LogReg seed=1 device=auto
14:10:00 INFO src.train :: Fitting LogReg (C=10) on 44438 training nodes …
/home/infres/abertrand-24/miniconda3/envs/env_gnn/lib/python3.11/site-packages/sklearn/linear_model/_logistic.py:1184: FutureWarning: 'n_jobs' has no effect since 1.8 and will be removed in 1.10. You provided 'n_jobs=-1', please leave it unspecified.
  warnings.warn(msg, category=FutureWarning)
14:18:13 INFO __main__ :: Seed 1 done: test_acc=0.8567 | wrote h1_tfidf_LogReg_seed1.json
14:18:13 INFO src.eval.harness :: seed=1 -> {'val_metric': 0.8543, 'test_accuracy': 0.8567, 'test_f1_macro': 0.403, 'test_f1_weighted': 0.8497, 'runtime_seconds': 493.54}
14:18:13 INFO src.train :: train_model: encoder=tfidf model=LogReg seed=2 device=auto
14:18:13 INFO src.train :: Fitting LogReg (C=10) on 44438 training nodes …
/home/infres/abertrand-24/miniconda3/envs/env_gnn/lib/python3.11/site-packages/sklearn/linear_model/_logistic.py:1184: FutureWarning: 'n_jobs' has no effect since 1.8 and will be removed in 1.10. You provided 'n_jobs=-1', please leave it unspecified.
  warnings.warn(msg, category=FutureWarning)
14:26:29 INFO __main__ :: Seed 2 done: test_acc=0.8567 | wrote h1_tfidf_LogReg_seed2.json
14:26:29 INFO src.eval.harness :: seed=2 -> {'val_metric': 0.8543, 'test_accuracy': 0.8567, 'test_f1_macro': 0.403, 'test_f1_weighted': 0.8497, 'runtime_seconds': 496.47}
14:26:29 INFO src.train :: train_model: encoder=tfidf model=LogReg seed=3 device=auto
14:26:30 INFO src.train :: Fitting LogReg (C=10) on 44438 training nodes …
/home/infres/abertrand-24/miniconda3/envs/env_gnn/lib/python3.11/site-packages/sklearn/linear_model/_logistic.py:1184: FutureWarning: 'n_jobs' has no effect since 1.8 and will be removed in 1.10. You provided 'n_jobs=-1', please leave it unspecified.
  warnings.warn(msg, category=FutureWarning)
14:34:57 INFO __main__ :: Seed 3 done: test_acc=0.8567 | wrote h1_tfidf_LogReg_seed3.json
14:34:57 INFO src.eval.harness :: seed=3 -> {'val_metric': 0.8543, 'test_accuracy': 0.8567, 'test_f1_macro': 0.403, 'test_f1_weighted': 0.8497, 'runtime_seconds': 507.16}
14:34:57 INFO src.train :: train_model: encoder=tfidf model=LogReg seed=4 device=auto
14:34:57 INFO src.train :: Fitting LogReg (C=10) on 44438 training nodes …
/home/infres/abertrand-24/miniconda3/envs/env_gnn/lib/python3.11/site-packages/sklearn/linear_model/_logistic.py:1184: FutureWarning: 'n_jobs' has no effect since 1.8 and will be removed in 1.10. You provided 'n_jobs=-1', please leave it unspecified.
  warnings.warn(msg, category=FutureWarning)
14:43:11 INFO __main__ :: Seed 4 done: test_acc=0.8567 | wrote h1_tfidf_LogReg_seed4.json
14:43:11 INFO src.eval.harness :: seed=4 -> {'val_metric': 0.8543, 'test_accuracy': 0.8567, 'test_f1_macro': 0.403, 'test_f1_weighted': 0.8497, 'runtime_seconds': 494.23}
14:43:11 INFO __main__ :: LogReg sweep complete: mean_acc=0.8567 ± 0.0000  CI95=[0.8567, 0.8567]
14:43:11 INFO __main__ :: All results saved to project_results/h1_results.json
14:43:11 INFO __main__ :: H1 experiment complete.
